bin, cx, cy, cz, volume, rel. src, strength, vol. strength
0, 0, 226.423, 83.6088, 53.0216, 0, 0, 0
1, 0, 226.423, 80.6251, 53.0199, 0, 0, 0
2, 0, 226.423, 77.6414, 53.0199, 0, 0, 0
3, 0, 226.423, 74.6576, 53.0216, 0, 0, 0
4, 0, 226.423, 71.6739, 53.0199, 0, 0, 0
5, 0, 226.423, 68.6902, 53.0199, 0, 0, 0
6, 0, 226.423, 65.7064, 53.0217, 0, 0, 0
7, 0, 226.423, 62.7227, 53.0198, 0, 0, 0
8, 0, 226.423, 59.739, 53.0199, 0, 0, 0
9, 0, 226.423, 56.7552, 53.0217, 0, 0, 0
10, 0, 226.423, 53.7714, 53.0199, 0, 0, 0
11, 0, 226.423, 50.7877, 53.0198, 0, 0, 0
12, 0, 226.423, 47.804, 53.0216, 0, 0, 0
13, 0, 226.423, 44.8203, 53.0198, 0, 0, 0
14, 0, 226.423, 41.8366, 53.0199, 0, 0, 0
15, 0, 226.423, 38.8528, 53.0216, 0, 0, 0
16, 0, 226.423, 35.8691, 53.0199, 0, 0, 0
17, 0, 226.423, 32.8854, 53.0198, 0, 0, 0
18, 0, 226.423, 29.9016, 53.0217, 0, 0, 0
19, 0, 226.423, 26.9178, 53.0198, 0, 0, 0
20, 0, 226.423, 23.9342, 53.0199, 0, 0, 0
21, 0, 226.423, 20.9504, 53.0217, 0, 0, 0
22, 0, 226.423, 17.9666, 53.0199, 0, 0, 0
23, 0, 226.423, 14.9829, 53.0199, 0, 0, 0
24, 0, 226.423, 11.9992, 53.0216, 0, 0, 0
25, 0, 226.423, 9.01545, 53.02, 0, 0, 0
26, 0, 226.423, 6.03172, 53.0206, 0, 0, 0
27, 0, 226.423, 3.04798, 53.0204, 0, 0, 0
28, 0, 226.423, 0.06425, 53.0206, 0, 0, 0
29, 0, 226.423, -2.91948, 53.0204, 0, 0, 0
30, 0, 226.423, -5.90321, 53.0204, 0, 0, 0
31, 0, 226.423, -8.88694, 53.0202, 0, 0, 0
32, 0, 226.423, -11.8707, 53.0199, 0, 0, 0
33, 0, 226.423, -14.8544, 53.0216, 0, 0, 0
34, 0, 226.423, -17.8381, 53.0199, 0, 0, 0
35, 0, 226.423, -20.8219, 53.0217, 0, 0, 0
36, 0, 226.423, -23.8056, 53.0198, 0, 0, 0
37, 0, 226.423, -26.7893, 53.0199, 0, 0, 0
38, 0, 226.423, -29.7731, 53.0216, 0, 0, 0
39, 0, 226.423, -32.7569, 53.0199, 0, 0, 0
40, 0, 226.423, -35.7405, 53.0198, 0, 0, 0
41, 0, 226.423, -38.7243, 53.0216, 0, 0, 0
42, 0, 226.423, -41.708, 53.0199, 0, 0, 0
43, 0, 226.423, -44.6918, 53.0199, 0, 0, 0
44, 0, 226.423, -47.6755, 53.0216, 0, 0, 0
45, 0, 226.423, -50.6593, 53.0199, 0, 0, 0
46, 0, 226.423, -53.6429, 53.0198, 0, 0, 0
47, 0, 226.423, -56.6267, 53.0217, 0, 0, 0
48, 0, 226.423, -59.6105, 53.0199, 0, 0, 0
49, 0, 226.423, -62.5942, 53.0199, 0, 0, 0
50, 0, 226.423, -65.5779, 53.0216, 0, 0, 0
51, 0, 226.423, -68.5616, 53.0199, 0, 0, 0
52, 0, 226.423, -71.5454, 53.0199, 0, 0, 0
53, 0, 226.423, -74.5291, 53.0216, 0, 0, 0
54, 0, 226.423, -77.5128, 53.0199, 0, 0, 0
55, 0, 226.423, -80.4965, 53.0199, 0, 0, 0
56, 0, 226.423, -83.4803, 53.0217, 0, 0, 0
57, 0, 225.423, 83.6088, 52.8391, 0, 0, 0
58, 0, 225.423, 80.6251, 52.8374, 0, 0, 0
59, 0, 225.423, 77.6414, 52.8374, 0, 0, 0
60, 0, 225.423, 74.6576, 52.8391, 0, 0, 0
61, 0, 225.423, 71.6739, 52.8374, 0, 0, 0
62, 0, 225.423, 68.6902, 52.8374, 0, 0, 0
63, 0, 225.423, 65.7064, 52.8392, 0, 0, 0
64, 0, 225.423, 62.7227, 52.8373, 0, 0, 0
65, 0, 225.423, 59.739, 52.8374, 0, 0, 0
66, 0, 225.423, 56.7552, 52.8392, 0, 0, 0
67, 0, 225.423, 53.7714, 52.8374, 0, 0, 0
68, 0, 225.423, 50.7877, 52.8374, 0, 0, 0
69, 0, 225.423, 47.804, 52.8392, 0, 0, 0
70, 0, 225.423, 44.8203, 52.8374, 0, 0, 0
71, 0, 225.423, 41.8366, 52.8374, 0, 0, 0
72, 0, 225.423, 38.8528, 52.8392, 0, 0, 0
73, 0, 225.423, 35.8691, 52.8374, 0, 0, 0
74, 0, 225.423, 32.8854, 52.8374, 0, 0, 0
75, 0, 225.423, 29.9016, 52.8392, 0, 0, 0
76, 0, 225.423, 26.9178, 52.8374, 0, 0, 0
77, 0, 225.423, 23.9342, 52.8374, 0, 0, 0
78, 0, 225.423, 20.9504, 52.8392, 0, 0, 0
79, 0, 225.423, 17.9666, 52.8374, 0, 0, 0
80, 0, 225.423, 14.9829, 52.8374, 0, 0, 0
81, 0, 225.423, 11.9992, 52.8392, 0, 0, 0
82, 0, 225.423, 9.01545, 52.8376, 0, 0, 0
83, 0, 225.423, 6.03172, 52.8381, 0, 0, 0
84, 0, 225.423, 3.04798, 52.838, 0, 0, 0
85, 0, 225.423, 0.06425, 52.8381, 0, 0, 0
86, 0, 225.423, -2.91948, 52.838, 0, 0, 0
87, 0, 225.423, -5.90321, 52.838, 0, 0, 0
88, 0, 225.423, -8.88694, 52.8378, 0, 0, 0
89, 0, 225.423, -11.8707, 52.8374, 0, 0, 0
90, 0, 225.423, -14.8544, 52.8392, 0, 0, 0
91, 0, 225.423, -17.8381, 52.8374, 0, 0, 0
92, 0, 225.423, -20.8219, 52.8392, 0, 0, 0
93, 0, 225.423, -23.8056, 52.8374, 0, 0, 0
94, 0, 225.423, -26.7893, 52.8374, 0, 0, 0
95, 0, 225.423, -29.7731, 52.8392, 0, 0, 0
96, 0, 225.423, -32.7569, 52.8374, 0, 0, 0
97, 0, 225.423, -35.7405, 52.8374, 0, 0, 0
98, 0, 225.423, -38.7243, 52.8392, 0, 0, 0
99, 0, 225.423, -41.708, 52.8374, 0, 0, 0
100, 0, 225.423, -44.6918, 52.8374, 0, 0, 0
101, 0, 225.423, -47.6755, 52.8392, 0, 0, 0
102, 0, 225.423, -50.6593, 52.8374, 0, 0, 0
103, 0, 225.423, -53.6429, 52.8373, 0, 0, 0
104, 0, 225.423, -56.6267, 52.8392, 0, 0, 0
105, 0, 225.423, -59.6105, 52.8374, 0, 0, 0
106, 0, 225.423, -62.5942, 52.8374, 0, 0, 0
107, 0, 225.423, -65.5779, 52.8391, 0, 0, 0
108, 0, 225.423, -68.5616, 52.8374, 0, 0, 0
109, 0, 225.423, -71.5454, 52.8374, 0, 0, 0
110, 0, 225.423, -74.5291, 52.8391, 0, 0, 0
111, 0, 225.423, -77.5128, 52.8374, 0, 0, 0
112, 0, 225.423, -80.4965, 52.8374, 0, 0, 0
113, 0, 225.423, -83.4803, 52.8392, 0, 0, 0
114, 0, 224.423, 83.6088, 52.6048, 0, 0, 0
115, 0, 224.423, 80.6251, 52.6031, 0, 0, 0
116, 0, 224.423, 77.6414, 52.6031, 0, 0, 0
117, 0, 224.423, 74.6576, 52.6048, 0, 0, 0
118, 0, 224.423, 71.6739, 52.6031, 0, 0, 0
119, 0, 224.423, 68.6902, 52.6031, 0, 0, 0
120, 0, 224.423, 65.7064, 52.6049, 0, 0, 0
121, 0, 224.423, 62.7227, 52.603, 0, 0, 0
122, 0, 224.423, 59.739, 52.6031, 0, 0, 0
123, 0, 224.423, 56.7552, 52.6049, 0, 0, 0
124, 0, 224.423, 53.7714, 52.6031, 0, 0, 0
125, 0, 224.423, 50.7877, 52.6031, 0, 0, 0
126, 0, 224.423, 47.804, 52.6048, 0, 0, 0
127, 0, 224.423, 44.8203, 52.6031, 0, 0, 0
128, 0, 224.423, 41.8366, 52.6031, 0, 0, 0
129, 0, 224.423, 38.8528, 52.6048, 0, 0, 0
130, 0, 224.423, 35.8691, 52.6031, 0, 0, 0
131, 0, 224.423, 32.8854, 52.6031, 0, 0, 0
132, 0, 224.423, 29.9016, 52.6049, 0, 0, 0
133, 0, 224.423, 26.9178, 52.6031, 0, 0, 0
134, 0, 224.423, 23.9342, 52.6031, 0, 0, 0
135, 0, 224.423, 20.9504, 52.6049, 0, 0, 0
136, 0, 224.423, 17.9666, 52.6031, 0, 0, 0
137, 0, 224.423, 14.9829, 52.6031, 0, 0, 0
138, 0, 224.423, 11.9992, 52.6049, 0, 0, 0
139, 0, 224.423, 9.01545, 52.6033, 0, 0, 0
140, 0, 224.423, 6.03172, 52.6038, 0, 0, 0
141, 0, 224.423, 3.04798, 52.6036, 0, 0, 0
142, 0, 224.423, 0.06425, 52.6038, 0, 0, 0
143, 0, 224.423, -2.91948, 52.6036, 0, 0, 0
144, 0, 224.423, -5.90321, 52.6036, 0, 0, 0
145, 0, 224.423, -8.88694, 52.6034, 0, 0, 0
146, 0, 224.423, -11.8707, 52.6031, 0, 0, 0
147, 0, 224.423, -14.8544, 52.6048, 0, 0, 0
148, 0, 224.423, -17.8381, 52.6031, 0, 0, 0
149, 0, 224.423, -20.8219, 52.6049, 0, 0, 0
150, 0, 224.423, -23.8056, 52.6031, 0, 0, 0
151, 0, 224.423, -26.7893, 52.6031, 0, 0, 0
152, 0, 224.423, -29.7731, 52.6048, 0, 0, 0
153, 0, 224.423, -32.7569, 52.6031, 0, 0, 0
154, 0, 224.423, -35.7405, 52.6031, 0, 0, 0
155, 0, 224.423, -38.7243, 52.6048, 0, 0, 0
156, 0, 224.423, -41.708, 52.6031, 0, 0, 0
157, 0, 224.423, -44.6918, 52.6031, 0, 0, 0
158, 0, 224.423, -47.6755, 52.6048, 0, 0, 0
159, 0, 224.423, -50.6593, 52.6031, 0, 0, 0
160, 0, 224.423, -53.6429, 52.603, 0, 0, 0
161, 0, 224.423, -56.6267, 52.6049, 0, 0, 0
162, 0, 224.423, -59.6105, 52.6031, 0, 0, 0
163, 0, 224.423, -62.5942, 52.6031, 0, 0, 0
164, 0, 224.423, -65.5779, 52.6048, 0, 0, 0
165, 0, 224.423, -68.5616, 52.6031, 0, 0, 0
166, 0, 224.423, -71.5454, 52.6031, 0, 0, 0
167, 0, 224.423, -74.5291, 52.6048, 0, 0, 0
168, 0, 224.423, -77.5128, 52.6031, 0, 0, 0
169, 0, 224.423, -80.4965, 52.6031, 0, 0, 0
170, 0, 224.423, -83.4803, 52.6049, 0, 0, 0
171, 0, 223.423, 83.6088, 52.318, 0, 0, 0
172, 0, 223.423, 80.6251, 52.3164, 0, 0, 0
173, 0, 223.423, 77.6414, 52.3164, 0, 0, 0
174, 0, 223.423, 74.6576, 52.318, 0, 0, 0
175, 0, 223.423, 71.6739, 52.3164, 0, 0, 0
176, 0, 223.423, 68.6902, 52.3164, 0, 0, 0
177, 0, 223.423, 65.7064, 52.3181, 0, 0, 0
178, 0, 223.423, 62.7227, 52.3163, 0, 0, 0
179, 0, 223.423, 59.739, 52.3164, 0, 0, 0
180, 0, 223.423, 56.7552, 52.3181, 0, 0, 0
181, 0, 223.423, 53.7714, 52.3164, 0, 0, 0
182, 0, 223.423, 50.7877, 52.3163, 0, 0, 0
183, 0, 223.423, 47.804, 52.3181, 0, 0, 0
184, 0, 223.423, 44.8203, 52.3163, 0, 0, 0
185, 0, 223.423, 41.8366, 52.3164, 0, 0, 0
186, 0, 223.423, 38.8528, 52.3181, 0, 0, 0
187, 0, 223.423, 35.8691, 52.3164, 0, 0, 0
188, 0, 223.423, 32.8854, 52.3163, 0, 0, 0
189, 0, 223.423, 29.9016, 52.3181, 0, 0, 0
190, 0, 223.423, 26.9178, 52.3163, 0, 0, 0
191, 0, 223.423, 23.9342, 52.3163, 0, 0, 0
192, 0, 223.423, 20.9504, 52.3181, 0, 0, 0
193, 0, 223.423, 17.9666, 52.3163, 0, 0, 0
194, 0, 223.423, 14.9829, 52.3163, 0, 0, 0
195, 0, 223.423, 11.9992, 52.3181, 0, 0, 0
196, 0, 223.423, 9.01545, 52.3165, 0, 0, 0
197, 0, 223.423, 6.03172, 52.317, 0, 0, 0
198, 0, 223.423, 3.04798, 52.3169, 0, 0, 0
199, 0, 223.423, 0.06425, 52.317, 0, 0, 0
200, 0, 223.423, -2.91948, 52.3169, 0, 0, 0
201, 0, 223.423, -5.90321, 52.3169, 0, 0, 0
202, 0, 223.423, -8.88694, 52.3167, 0, 0, 0
203, 0, 223.423, -11.8707, 52.3163, 0, 0, 0
204, 0, 223.423, -14.8544, 52.3181, 0, 0, 0
205, 0, 223.423, -17.8381, 52.3163, 0, 0, 0
206, 0, 223.423, -20.8219, 52.3181, 0, 0, 0
207, 0, 223.423, -23.8056, 52.3163, 0, 0, 0
208, 0, 223.423, -26.7893, 52.3164, 0, 0, 0
209, 0, 223.423, -29.7731, 52.3181, 0, 0, 0
210, 0, 223.423, -32.7569, 52.3164, 0, 0, 0
211, 0, 223.423, -35.7405, 52.3163, 0, 0, 0
212, 0, 223.423, -38.7243, 52.3181, 0, 0, 0
213, 0, 223.423, -41.708, 52.3164, 0, 0, 0
214, 0, 223.423, -44.6918, 52.3164, 0, 0, 0
215, 0, 223.423, -47.6755, 52.3181, 0, 0, 0
216, 0, 223.423, -50.6593, 52.3164, 0, 0, 0
217, 0, 223.423, -53.6429, 52.3163, 0, 0, 0
218, 0, 223.423, -56.6267, 52.3181, 0, 0, 0
219, 0, 223.423, -59.6105, 52.3164, 0, 0, 0
220, 0, 223.423, -62.5942, 52.3164, 0, 0, 0
221, 0, 223.423, -65.5779, 52.318, 0, 0, 0
222, 0, 223.423, -68.5616, 52.3164, 0, 0, 0
223, 0, 223.423, -71.5454, 52.3164, 0, 0, 0
224, 0, 223.423, -74.5291, 52.318, 0, 0, 0
225, 0, 223.423, -77.5128, 52.3164, 0, 0, 0
226, 0, 223.423, -80.4965, 52.3164, 0, 0, 0
227, 0, 223.423, -83.4803, 52.3181, 0, 0, 0
228, 0, 222.424, 83.6088, 52.1362, 0, 0, 0
229, 0, 222.424, 80.6251, 52.1345, 0, 0, 0
230, 0, 222.424, 77.6414, 52.1345, 0, 0, 0
231, 0, 222.424, 74.6576, 52.1362, 0, 0, 0
232, 0, 222.424, 71.6739, 52.1345, 0, 0, 0
233, 0, 222.424, 68.6902, 52.1345, 0, 0, 0
234, 0, 222.424, 65.7064, 52.1363, 0, 0, 0
235, 0, 222.424, 62.7227, 52.1344, 0, 0, 0
236, 0, 222.424, 59.739, 52.1345, 0, 0, 0
237, 0, 222.424, 56.7552, 52.1363, 0, 0, 0
238, 0, 222.424, 53.7714, 52.1345, 0, 0, 0
239, 0, 222.424, 50.7877, 52.1344, 0, 0, 0
240, 0, 222.424, 47.804, 52.1362, 0, 0, 0
241, 0, 222.424, 44.8203, 52.1344, 0, 0, 0
242, 0, 222.424, 41.8366, 52.1345, 0, 0, 0
243, 0, 222.424, 38.8528, 52.1362, 0, 0, 0
244, 0, 222.424, 35.8691, 52.1345, 0, 0, 0
245, 0, 222.424, 32.8854, 52.1344, 0, 0, 0
246, 0, 222.424, 29.9016, 52.1363, 0, 0, 0
247, 0, 222.424, 26.9178, 52.1344, 0, 0, 0
248, 0, 222.424, 23.9342, 52.1345, 0, 0, 0
249, 0, 222.424, 20.9504, 52.1362, 0, 0, 0
250, 0, 222.424, 17.9666, 52.1345, 0, 0, 0
251, 0, 222.424, 14.9829, 52.1345, 0, 0, 0
252, 0, 222.424, 11.9992, 52.1362, 0, 0, 0
253, 0, 222.424, 9.01545, 52.1346, 0, 0, 0
254, 0, 222.424, 6.03172, 52.1352, 0, 0, 0
255, 0, 222.424, 3.04798, 52.135, 0, 0, 0
256, 0, 222.424, 0.06425, 52.1352, 0, 0, 0
257, 0, 222.424, -2.91948, 52.135, 0, 0, 0
258, 0, 222.424, -5.90321, 52.135, 0, 0, 0
259, 0, 222.424, -8.88694, 52.1348, 0, 0, 0
260, 0, 222.424, -11.8707, 52.1345, 0, 0, 0
261, 0, 222.424, -14.8544, 52.1362, 0, 0, 0
262, 0, 222.424, -17.8381, 52.1345, 0, 0, 0
263, 0, 222.424, -20.8219, 52.1362, 0, 0, 0
264, 0, 222.424, -23.8056, 52.1344, 0, 0, 0
265, 0, 222.424, -26.7893, 52.1345, 0, 0, 0
266, 0, 222.424, -29.7731, 52.1362, 0, 0, 0
267, 0, 222.424, -32.7569, 52.1345, 0, 0, 0
268, 0, 222.424, -35.7405, 52.1344, 0, 0, 0
269, 0, 222.424, -38.7243, 52.1362, 0, 0, 0
270, 0, 222.424, -41.708, 52.1345, 0, 0, 0
271, 0, 222.424, -44.6918, 52.1345, 0, 0, 0
272, 0, 222.424, -47.6755, 52.1362, 0, 0, 0
273, 0, 222.424, -50.6593, 52.1345, 0, 0, 0
274, 0, 222.424, -53.6429, 52.1344, 0, 0, 0
275, 0, 222.424, -56.6267, 52.1363, 0, 0, 0
276, 0, 222.424, -59.6105, 52.1345, 0, 0, 0
277, 0, 222.424, -62.5942, 52.1345, 0, 0, 0
278, 0, 222.424, -65.5779, 52.1362, 0, 0, 0
279, 0, 222.424, -68.5616, 52.1345, 0, 0, 0
280, 0, 222.424, -71.5454, 52.1345, 0, 0, 0
281, 0, 222.424, -74.5291, 52.1362, 0, 0, 0
282, 0, 222.424, -77.5128, 52.1345, 0, 0, 0
283, 0, 222.424, -80.4965, 52.1345, 0, 0, 0
284, 0, 222.424, -83.4803, 52.1363, 0, 0, 0
285, 0, 221.424, 83.6088, 51.9018, 0, 0, 0
286, 0, 221.424, 80.6251, 51.9002, 0, 0, 0
287, 0, 221.424, 77.6414, 51.9002, 0, 0, 0
288, 0, 221.424, 74.6576, 51.9018, 0, 0, 0
289, 0, 221.424, 71.6739, 51.9002, 0, 0, 0
290, 0, 221.424, 68.6902, 51.9002, 0, 0, 0
291, 0, 221.424, 65.7064, 51.9019, 0, 0, 0
292, 0, 221.424, 62.7227, 51.9001, 0, 0, 0
293, 0, 221.424, 59.739, 51.9002, 0, 0, 0
294, 0, 221.424, 56.7552, 51.9019, 0, 0, 0
295, 0, 221.424, 53.7714, 51.9002, 0, 0, 0
296, 0, 221.424, 50.7877, 51.9001, 0, 0, 0
297, 0, 221.424, 47.804, 51.9019, 0, 0, 0
298, 0, 221.424, 44.8203, 51.9001, 0, 0, 0
299, 0, 221.424, 41.8366, 51.9002, 0, 0, 0
300, 0, 221.424, 38.8528, 51.9019, 0, 0, 0
301, 0, 221.424, 35.8691, 51.9002, 0, 0, 0
302, 0, 221.424, 32.8854, 51.9001, 0, 0, 0
303, 0, 221.424, 29.9016, 51.9019, 0, 0, 0
304, 0, 221.424, 26.9178, 51.9001, 0, 0, 0
305, 0, 221.424, 23.9342, 51.9002, 0, 0, 0
306, 0, 221.424, 20.9504, 51.9019, 0, 0, 0
307, 0, 221.424, 17.9666, 51.9002, 0, 0, 0
308, 0, 221.424, 14.9829, 51.9002, 0, 0, 0
309, 0, 221.424, 11.9992, 51.9019, 0, 0, 0
310, 0, 221.424, 9.01545, 51.9003, 0, 0, 0
311, 0, 221.424, 6.03172, 51.9009, 0, 0, 0
312, 0, 221.424, 3.04798, 51.9007, 0, 0, 0
313, 0, 221.424, 0.06425, 51.9009, 0, 0, 0
314, 0, 221.424, -2.91948, 51.9007, 0, 0, 0
315, 0, 221.424, -5.90321, 51.9007, 0, 0, 0
316, 0, 221.424, -8.88694, 51.9005, 0, 0, 0
317, 0, 221.424, -11.8707, 51.9002, 0, 0, 0
318, 0, 221.424, -14.8544, 51.9019, 0, 0, 0
319, 0, 221.424, -17.8381, 51.9002, 0, 0, 0
320, 0, 221.424, -20.8219, 51.9019, 0, 0, 0
321, 0, 221.424, -23.8056, 51.9001, 0, 0, 0
322, 0, 221.424, -26.7893, 51.9002, 0, 0, 0
323, 0, 221.424, -29.7731, 51.9019, 0, 0, 0
324, 0, 221.424, -32.7569, 51.9002, 0, 0, 0
325, 0, 221.424, -35.7405, 51.9001, 0, 0, 0
326, 0, 221.424, -38.7243, 51.9019, 0, 0, 0
327, 0, 221.424, -41.708, 51.9002, 0, 0, 0
328, 0, 221.424, -44.6918, 51.9002, 0, 0, 0
329, 0, 221.424, -47.6755, 51.9019, 0, 0, 0
330, 0, 221.424, -50.6593, 51.9002, 0, 0, 0
331, 0, 221.424, -53.6429, 51.9001, 0, 0, 0
332, 0, 221.424, -56.6267, 51.9019, 0, 0, 0
333, 0, 221.424, -59.6105, 51.9002, 0, 0, 0
334, 0, 221.424, -62.5942, 51.9002, 0, 0, 0
335, 0, 221.424, -65.5779, 51.9018, 0, 0, 0
336, 0, 221.424, -68.5616, 51.9002, 0, 0, 0
337, 0, 221.424, -71.5454, 51.9002, 0, 0, 0
338, 0, 221.424, -74.5291, 51.9018, 0, 0, 0
339, 0, 221.424, -77.5128, 51.9002, 0, 0, 0
340, 0, 221.424, -80.4965, 51.9002, 0, 0, 0
341, 0, 221.424, -83.4803, 51.9019, 0, 0, 0
342, 0, 220.424, 83.6088, 51.6158, 0, 0, 0
343, 0, 220.424, 80.6251, 51.6141, 0, 0, 0
344, 0, 220.424, 77.6414, 51.6141, 0, 0, 0
345, 0, 220.424, 74.6576, 51.6158, 0, 0, 0
346, 0, 220.424, 71.6739, 51.6141, 0, 0, 0
347, 0, 220.424, 68.6902, 51.6141, 0, 0, 0
348, 0, 220.424, 65.7064, 51.6159, 0, 0, 0
349, 0, 220.424, 62.7227, 51.614, 0, 0, 0
350, 0, 220.424, 59.739, 51.6141, 0, 0, 0
351, 0, 220.424, 56.7552, 51.6159, 0, 0, 0
352, 0, 220.424, 53.7714, 51.6141, 0, 0, 0
353, 0, 220.424, 50.7877, 51.6141, 0, 0, 0
354, 0, 220.424, 47.804, 51.6158, 0, 0, 0
355, 0, 220.424, 44.8203, 51.6141, 0, 0, 0
356, 0, 220.424, 41.8366, 51.6141, 0, 0, 0
357, 0, 220.424, 38.8528, 51.6158, 0, 0, 0
358, 0, 220.424, 35.8691, 51.6141, 0, 0, 0
359, 0, 220.424, 32.8854, 51.6141, 0, 0, 0
360, 0, 220.424, 29.9016, 51.6159, 0, 0, 0
361, 0, 220.424, 26.9178, 51.6141, 0, 0, 0
362, 0, 220.424, 23.9342, 51.6141, 0, 0, 0
363, 0, 220.424, 20.9504, 51.6159, 0, 0, 0
364, 0, 220.424, 17.9666, 51.6141, 0, 0, 0
365, 0, 220.424, 14.9829, 51.6141, 0, 0, 0
366, 0, 220.424, 11.9992, 51.6158, 0, 0, 0
367, 0, 220.424, 9.01545, 51.6143, 0, 0, 0
368, 0, 220.424, 6.03172, 51.6148, 0, 0, 0
369, 0, 220.424, 3.04798, 51.6146, 0, 0, 0
370, 0, 220.424, 0.06425, 51.6148, 0, 0, 0
371, 0, 220.424, -2.91948, 51.6146, 0, 0, 0
372, 0, 220.424, -5.90321, 51.6146, 0, 0, 0
373, 0, 220.424, -8.88694, 51.6145, 0, 0, 0
374, 0, 220.424, -11.8707, 51.6141, 0, 0, 0
375, 0, 220.424, -14.8544, 51.6158, 0, 0, 0
376, 0, 220.424, -17.8381, 51.6141, 0, 0, 0
377, 0, 220.424, -20.8219, 51.6159, 0, 0, 0
378, 0, 220.424, -23.8056, 51.6141, 0, 0, 0
379, 0, 220.424, -26.7893, 51.6141, 0, 0, 0
380, 0, 220.424, -29.7731, 51.6158, 0, 0, 0
381, 0, 220.424, -32.7569, 51.6141, 0, 0, 0
382, 0, 220.424, -35.7405, 51.6141, 0, 0, 0
383, 0, 220.424, -38.7243, 51.6158, 0, 0, 0
384, 0, 220.424, -41.708, 51.6141, 0, 0, 0
385, 0, 220.424, -44.6918, 51.6141, 0, 0, 0
386, 0, 220.424, -47.6755, 51.6158, 0, 0, 0
387, 0, 220.424, -50.6593, 51.6141, 0, 0, 0
388, 0, 220.424, -53.6429, 51.614, 0, 0, 0
389, 0, 220.424, -56.6267, 51.6159, 0, 0, 0
390, 0, 220.424, -59.6105, 51.6141, 0, 0, 0
391, 0, 220.424, -62.5942, 51.6141, 0, 0, 0
392, 0, 220.424, -65.5779, 51.6158, 0, 0, 0
393, 0, 220.424, -68.5616, 51.6141, 0, 0, 0
394, 0, 220.424, -71.5454, 51.6141, 0, 0, 0
395, 0, 220.424, -74.5291, 51.6158, 0, 0, 0
396, 0, 220.424, -77.5128, 51.6141, 0, 0, 0
397, 0, 220.424, -80.4965, 51.6141, 0, 0, 0
398, 0, 220.424, -83.4803, 51.6159, 0, 0, 0
399, 0, 219.425, 83.6088, 51.4332, 0, 0, 0
400, 0, 219.425, 80.6251, 51.4316, 0, 0, 0
401, 0, 219.425, 77.6414, 51.4316, 0, 0, 0
402, 0, 219.425, 74.6576, 51.4332, 0, 0, 0
403, 0, 219.425, 71.6739, 51.4316, 0, 0, 0
404, 0, 219.425, 68.6902, 51.4316, 0, 0, 0
405, 0, 219.425, 65.7064, 51.4333, 0, 0, 0
406, 0, 219.425, 62.7227, 51.4315, 0, 0, 0
407, 0, 219.425, 59.739, 51.4316, 0, 0, 0
408, 0, 219.425, 56.7552, 51.4333, 0, 0, 0
409, 0, 219.425, 53.7714, 51.4316, 0, 0, 0
410, 0, 219.425, 50.7877, 51.4315, 0, 0, 0
411, 0, 219.425, 47.804, 51.4333, 0, 0, 0
412, 0, 219.425, 44.8203, 51.4315, 0, 0, 0
413, 0, 219.425, 41.8366, 51.4316, 0, 0, 0
414, 0, 219.425, 38.8528, 51.4333, 0, 0, 0
415, 0, 219.425, 35.8691, 51.4316, 0, 0, 0
416, 0, 219.425, 32.8854, 51.4315, 0, 0, 0
417, 0, 219.425, 29.9016, 51.4333, 0, 0, 0
418, 0, 219.425, 26.9178, 51.4315, 0, 0, 0
419, 0, 219.425, 23.9342, 51.4315, 0, 0, 0
420, 0, 219.425, 20.9504, 51.4333, 0, 0, 0
421, 0, 219.425, 17.9666, 51.4315, 0, 0, 0
422, 0, 219.425, 14.9829, 51.4315, 0, 0, 0
423, 0, 219.425, 11.9992, 51.4333, 0, 0, 0
424, 0, 219.425, 9.01545, 51.4317, 0, 0, 0
425, 0, 219.425, 6.03172, 51.4322, 0, 0, 0
426, 0, 219.425, 3.04798, 51.4321, 0, 0, 0
427, 0, 219.425, 0.06425, 51.4322, 0, 0, 0
428, 0, 219.425, -2.91948, 51.4321, 0, 0, 0
429, 0, 219.425, -5.90321, 51.4321, 0, 0, 0
430, 0, 219.425, -8.88694, 51.4319, 0, 0, 0
431, 0, 219.425, -11.8707, 51.4315, 0, 0, 0
432, 0, 219.425, -14.8544, 51.4333, 0, 0, 0
433, 0, 219.425, -17.8381, 51.4315, 0, 0, 0
434, 0, 219.425, -20.8219, 51.4333, 0, 0, 0
435, 0, 219.425, -23.8056, 51.4315, 0, 0, 0
436, 0, 219.425, -26.7893, 51.4316, 0, 0, 0
437, 0, 219.425, -29.7731, 51.4333, 0, 0, 0
438, 0, 219.425, -32.7569, 51.4316, 0, 0, 0
439, 0, 219.425, -35.7405, 51.4315, 0, 0, 0
440, 0, 219.425, -38.7243, 51.4333, 0, 0, 0
441, 0, 219.425, -41.708, 51.4316, 0, 0, 0
442, 0, 219.425, -44.6918, 51.4316, 0, 0, 0
443, 0, 219.425, -47.6755, 51.4333, 0, 0, 0
444, 0, 219.425, -50.6593, 51.4316, 0, 0, 0
445, 0, 219.425, -53.6429, 51.4315, 0, 0, 0
446, 0, 219.425, -56.6267, 51.4333, 0, 0, 0
447, 0, 219.425, -59.6105, 51.4316, 0, 0, 0
448, 0, 219.425, -62.5942, 51.4316, 0, 0, 0
449, 0, 219.425, -65.5779, 51.4332, 0, 0, 0
450, 0, 219.425, -68.5616, 51.4316, 0, 0, 0
451, 0, 219.425, -71.5454, 51.4316, 0, 0, 0
452, 0, 219.425, -74.5291, 51.4332, 0, 0, 0
453, 0, 219.425, -77.5128, 51.4316, 0, 0, 0
454, 0, 219.425, -80.4965, 51.4316, 0, 0, 0
455, 0, 219.425, -83.4803, 51.4333, 0, 0, 0
456, 0, 218.425, 83.6088, 51.1989, 0, 0, 0
457, 0, 218.425, 80.6251, 51.1973, 0, 0, 0
458, 0, 218.425, 77.6414, 51.1973, 0, 0, 0
459, 0, 218.425, 74.6576, 51.1989, 0, 0, 0
460, 0, 218.425, 71.6739, 51.1973, 0, 0, 0
461, 0, 218.425, 68.6902, 51.1973, 0, 0, 0
462, 0, 218.425, 65.7064, 51.199, 0, 0, 0
463, 0, 218.425, 62.7227, 51.1971, 0, 0, 0
464, 0, 218.425, 59.739, 51.1973, 0, 0, 0
465, 0, 218.425, 56.7552, 51.199, 0, 0, 0
466, 0, 218.425, 53.7714, 51.1973, 0, 0, 0
467, 0, 218.425, 50.7877, 51.1972, 0, 0, 0
468, 0, 218.425, 47.804, 51.1989, 0, 0, 0
469, 0, 218.425, 44.8203, 51.1972, 0, 0, 0
470, 0, 218.425, 41.8366, 51.1973, 0, 0, 0
471, 0, 218.425, 38.8528, 51.1989, 0, 0, 0
472, 0, 218.425, 35.8691, 51.1973, 0, 0, 0
473, 0, 218.425, 32.8854, 51.1972, 0, 0, 0
474, 0, 218.425, 29.9016, 51.199, 0, 0, 0
475, 0, 218.425, 26.9178, 51.1972, 0, 0, 0
476, 0, 218.425, 23.9342, 51.1972, 0, 0, 0
477, 0, 218.425, 20.9504, 51.199, 0, 0, 0
478, 0, 218.425, 17.9666, 51.1972, 0, 0, 0
479, 0, 218.425, 14.9829, 51.1972, 0, 0, 0
480, 0, 218.425, 11.9992, 51.199, 0, 0, 0
481, 0, 218.425, 9.01545, 51.1974, 0, 0, 0
482, 0, 218.425, 6.03172, 51.1979, 0, 0, 0
483, 0, 218.425, 3.04798, 51.1977, 0, 0, 0
484, 0, 218.425, 0.06425, 51.1979, 0, 0, 0
485, 0, 218.425, -2.91948, 51.1977, 0, 0, 0
486, 0, 218.425, -5.90321, 51.1977, 0, 0, 0
487, 0, 218.425, -8.88694, 51.1976, 0, 0, 0
488, 0, 218.425, -11.8707, 51.1972, 0, 0, 0
489, 0, 218.425, -14.8544, 51.1989, 0, 0, 0
490, 0, 218.425, -17.8381, 51.1972, 0, 0, 0
491, 0, 218.425, -20.8219, 51.199, 0, 0, 0
492, 0, 218.425, -23.8056, 51.1972, 0, 0, 0
493, 0, 218.425, -26.7893, 51.1973, 0, 0, 0
494, 0, 218.425, -29.7731, 51.1989, 0, 0, 0
495, 0, 218.425, -32.7569, 51.1973, 0, 0, 0
496, 0, 218.425, -35.7405, 51.1972, 0, 0, 0
497, 0, 218.425, -38.7243, 51.1989, 0, 0, 0
498, 0, 218.425, -41.708, 51.1973, 0, 0, 0
499, 0, 218.425, -44.6918, 51.1973, 0, 0, 0
500, 0, 218.425, -47.6755, 51.1989, 0, 0, 0
501, 0, 218.425, -50.6593, 51.1973, 0, 0, 0
502, 0, 218.425, -53.6429, 51.1971, 0, 0, 0
503, 0, 218.425, -56.6267, 51.199, 0, 0, 0
504, 0, 218.425, -59.6105, 51.1973, 0, 0, 0
505, 0, 218.425, -62.5942, 51.1973, 0, 0, 0
506, 0, 218.425, -65.5779, 51.1989, 0, 0, 0
507, 0, 218.425, -68.5616, 51.1973, 0, 0, 0
508, 0, 218.425, -71.5454, 51.1973, 0, 0, 0
509, 0, 218.425, -74.5291, 51.1989, 0, 0, 0
510, 0, 218.425, -77.5128, 51.1973, 0, 0, 0
511, 0, 218.425, -80.4965, 51.1973, 0, 0, 0
512, 0, 218.425, -83.4803, 51.199, 0, 0, 0
513, 0, 217.426, 83.6088, 50.9135, 0, 0, 0
514, 0, 217.426, 80.6251, 50.9119, 0, 0, 0
515, 0, 217.426, 77.6414, 50.9119, 0, 0, 0
516, 0, 217.426, 74.6576, 50.9135, 0, 0, 0
517, 0, 217.426, 71.6739, 50.9119, 0, 0, 0
518, 0, 217.426, 68.6902, 50.9119, 0, 0, 0
519, 0, 217.426, 65.7064, 50.9136, 0, 0, 0
520, 0, 217.426, 62.7227, 50.9118, 0, 0, 0
521, 0, 217.426, 59.739, 50.9119, 0, 0, 0
522, 0, 217.426, 56.7552, 50.9136, 0, 0, 0
523, 0, 217.426, 53.7714, 50.9119, 0, 0, 0
524, 0, 217.426, 50.7877, 50.9119, 0, 0, 0
525, 0, 217.426, 47.804, 50.9136, 0, 0, 0
526, 0, 217.426, 44.8203, 50.9119, 0, 0, 0
527, 0, 217.426, 41.8366, 50.9119, 0, 0, 0
528, 0, 217.426, 38.8528, 50.9136, 0, 0, 0
529, 0, 217.426, 35.8691, 50.9119, 0, 0, 0
530, 0, 217.426, 32.8854, 50.9119, 0, 0, 0
531, 0, 217.426, 29.9016, 50.9136, 0, 0, 0
532, 0, 217.426, 26.9178, 50.9119, 0, 0, 0
533, 0, 217.426, 23.9342, 50.9119, 0, 0, 0
534, 0, 217.426, 20.9504, 50.9136, 0, 0, 0
535, 0, 217.426, 17.9666, 50.9119, 0, 0, 0
536, 0, 217.426, 14.9829, 50.9119, 0, 0, 0
537, 0, 217.426, 11.9992, 50.9136, 0, 0, 0
538, 0, 217.426, 9.01545, 50.912, 0, 0, 0
539, 0, 217.426, 6.03172, 50.9126, 0, 0, 0
540, 0, 217.426, 3.04798, 50.9124, 0, 0, 0
541, 0, 217.426, 0.06425, 50.9126, 0, 0, 0
542, 0, 217.426, -2.91948, 50.9124, 0, 0, 0
543, 0, 217.426, -5.90321, 50.9124, 0, 0, 0
544, 0, 217.426, -8.88694, 50.9122, 0, 0, 0
545, 0, 217.426, -11.8707, 50.9119, 0, 0, 0
546, 0, 217.426, -14.8544, 50.9136, 0, 0, 0
547, 0, 217.426, -17.8381, 50.9119, 0, 0, 0
548, 0, 217.426, -20.8219, 50.9136, 0, 0, 0
549, 0, 217.426, -23.8056, 50.9119, 0, 0, 0
550, 0, 217.426, -26.7893, 50.9119, 0, 0, 0
551, 0, 217.426, -29.7731, 50.9136, 0, 0, 0
552, 0, 217.426, -32.7569, 50.9119, 0, 0, 0
553, 0, 217.426, -35.7405, 50.9119, 0, 0, 0
554, 0, 217.426, -38.7243, 50.9136, 0, 0, 0
555, 0, 217.426, -41.708, 50.9119, 0, 0, 0
556, 0, 217.426, -44.6918, 50.9119, 0, 0, 0
557, 0, 217.426, -47.6755, 50.9136, 0, 0, 0
558, 0, 217.426, -50.6593, 50.9119, 0, 0, 0
559, 0, 217.426, -53.6429, 50.9118, 0, 0, 0
560, 0, 217.426, -56.6267, 50.9136, 0, 0, 0
561, 0, 217.426, -59.6105, 50.9119, 0, 0, 0
562, 0, 217.426, -62.5942, 50.9119, 0, 0, 0
563, 0, 217.426, -65.5779, 50.9135, 0, 0, 0
564, 0, 217.426, -68.5616, 50.9119, 0, 0, 0
565, 0, 217.426, -71.5454, 50.9119, 0, 0, 0
566, 0, 217.426, -74.5291, 50.9135, 0, 0, 0
567, 0, 217.426, -77.5128, 50.9119, 0, 0, 0
568, 0, 217.426, -80.4965, 50.9119, 0, 0, 0
569, 0, 217.426, -83.4803, 50.9136, 0, 0, 0
570, 0, 192.827, -83.4803, 54.8714, 0, 0, 0
571, 0, 191.64, -83.4803, 52.1522, 0, 0, 0
572, 0, 190.504, -83.4803, 49.5666, 0, 0, 0
573, 0, 189.419, -83.4803, 47.0639, 0, 0, 0
574, 0, 188.382, -83.4803, 44.7753, 0, 0, 0
575, 0, 187.391, -83.4803, 42.5624, 0, 0, 0
576, 0, 186.443, -83.4803, 40.5123, 0, 0, 0
577, 0, 185.536, -83.4803, 38.532, 0, 0, 0
578, 0, 184.67, -83.4803, 36.6203, 0, 0, 0
579, 0, 183.842, -83.4803, 34.9052, 0, 0, 0
580, 0, 192.827, -80.4965, 54.8696, 0, 0, 0
581, 0, 191.64, -80.4965, 52.1504, 0, 0, 0
582, 0, 190.504, -80.4965, 49.5649, 0, 0, 0
583, 0, 189.419, -80.4965, 47.0623, 0, 0, 0
584, 0, 188.382, -80.4965, 44.7738, 0, 0, 0
585, 0, 187.391, -80.4965, 42.561, 0, 0, 0
586, 0, 186.443, -80.4965, 40.5109, 0, 0, 0
587, 0, 185.536, -80.4965, 38.5307, 0, 0, 0
588, 0, 184.67, -80.4965, 36.6191, 0, 0, 0
589, 0, 183.842, -80.4965, 34.904, 0, 0, 0
590, 0, 192.827, -77.5128, 54.8696, 0, 0, 0
591, 0, 191.64, -77.5128, 52.1504, 0, 0, 0
592, 0, 190.504, -77.5128, 49.5649, 0, 0, 0
593, 0, 189.419, -77.5128, 47.0623, 0, 0, 0
594, 0, 188.382, -77.5128, 44.7738, 0, 0, 0
595, 0, 187.391, -77.5128, 42.561, 0, 0, 0
596, 0, 186.443, -77.5128, 40.5109, 0, 0, 0
597, 0, 185.536, -77.5128, 38.5307, 0, 0, 0
598, 0, 184.67, -77.5128, 36.6191, 0, 0, 0
599, 0, 183.842, -77.5128, 34.904, 0, 0, 0
600, 0, 192.827, -74.5291, 54.8713, 0, 0, 0
601, 0, 191.64, -74.5291, 52.1521, 0, 0, 0
602, 0, 190.504, -74.5291, 49.5665, 0, 0, 0
603, 0, 189.419, -74.5291, 47.0638, 0, 0, 0
604, 0, 188.382, -74.5291, 44.7752, 0, 0, 0
605, 0, 187.391, -74.5291, 42.5623, 0, 0, 0
606, 0, 186.443, -74.5291, 40.5122, 0, 0, 0
607, 0, 185.536, -74.5291, 38.5319, 0, 0, 0
608, 0, 184.67, -74.5291, 36.6202, 0, 0, 0
609, 0, 183.842, -74.5291, 34.9051, 0, 0, 0
610, 0, 192.827, -71.5454, 54.8696, 0, 0, 0
611, 0, 191.64, -71.5454, 52.1504, 0, 0, 0
612, 0, 190.504, -71.5454, 49.5649, 0, 0, 0
613, 0, 189.419, -71.5454, 47.0623, 0, 0, 0
614, 0, 188.382, -71.5454, 44.7738, 0, 0, 0
615, 0, 187.391, -71.5454, 42.561, 0, 0, 0
616, 0, 186.443, -71.5454, 40.5109, 0, 0, 0
617, 0, 185.536, -71.5454, 38.5307, 0, 0, 0
618, 0, 184.67, -71.5454, 36.6191, 0, 0, 0
619, 0, 183.842, -71.5454, 34.904, 0, 0, 0
620, 0, 192.827, -68.5616, 54.8696, 0, 0, 0
621, 0, 191.64, -68.5616, 52.1504, 0, 0, 0
622, 0, 190.504, -68.5616, 49.5649, 0, 0, 0
623, 0, 189.419, -68.5616, 47.0623, 0, 0, 0
624, 0, 188.382, -68.5616, 44.7738, 0, 0, 0
625, 0, 187.391, -68.5616, 42.561, 0, 0, 0
626, 0, 186.443, -68.5616, 40.5109, 0, 0, 0
627, 0, 185.536, -68.5616, 38.5307, 0, 0, 0
628, 0, 184.67, -68.5616, 36.6191, 0, 0, 0
629, 0, 183.842, -68.5616, 34.904, 0, 0, 0
630, 0, 192.827, -65.5779, 54.8713, 0, 0, 0
631, 0, 191.64, -65.5779, 52.1521, 0, 0, 0
632, 0, 190.504, -65.5779, 49.5665, 0, 0, 0
633, 0, 189.419, -65.5779, 47.0638, 0, 0, 0
634, 0, 188.382, -65.5779, 44.7752, 0, 0, 0
635, 0, 187.391, -65.5779, 42.5623, 0, 0, 0
636, 0, 186.443, -65.5779, 40.5122, 0, 0, 0
637, 0, 185.536, -65.5779, 38.5319, 0, 0, 0
638, 0, 184.67, -65.5779, 36.6202, 0, 0, 0
639, 0, 183.842, -65.5779, 34.9051, 0, 0, 0
640, 0, 192.827, -62.5942, 54.8696, 0, 0, 0
641, 0, 191.64, -62.5942, 52.1504, 0, 0, 0
642, 0, 190.504, -62.5942, 49.5649, 0, 0, 0
643, 0, 189.419, -62.5942, 47.0623, 0, 0, 0
644, 0, 188.382, -62.5942, 44.7738, 0, 0, 0
645, 0, 187.391, -62.5942, 42.561, 0, 0, 0
646, 0, 186.443, -62.5942, 40.5109, 0, 0, 0
647, 0, 185.536, -62.5942, 38.5307, 0, 0, 0
648, 0, 184.67, -62.5942, 36.6191, 0, 0, 0
649, 0, 183.842, -62.5942, 34.904, 0, 0, 0
650, 0, 192.827, -59.6105, 54.8696, 0, 0, 0
651, 0, 191.64, -59.6105, 52.1504, 0, 0, 0
652, 0, 190.504, -59.6105, 49.5649, 0, 0, 0
653, 0, 189.419, -59.6105, 47.0623, 0, 0, 0
654, 0, 188.382, -59.6105, 44.7738, 0, 0, 0
655, 0, 187.391, -59.6105, 42.561, 0, 0, 0
656, 0, 186.443, -59.6105, 40.5109, 0, 0, 0
657, 0, 185.536, -59.6105, 38.5307, 0, 0, 0
658, 0, 184.67, -59.6105, 36.6191, 0, 0, 0
659, 0, 183.842, -59.6105, 34.904, 0, 0, 0
660, 0, 192.827, -56.6267, 54.8714, 0, 0, 0
661, 0, 191.64, -56.6267, 52.1522, 0, 0, 0
662, 0, 190.504, -56.6267, 49.5666, 0, 0, 0
663, 0, 189.419, -56.6267, 47.0639, 0, 0, 0
664, 0, 188.382, -56.6267, 44.7753, 0, 0, 0
665, 0, 187.391, -56.6267, 42.5624, 0, 0, 0
666, 0, 186.443, -56.6267, 40.5123, 0, 0, 0
667, 0, 185.536, -56.6267, 38.532, 0, 0, 0
668, 0, 184.67, -56.6267, 36.6203, 0, 0, 0
669, 0, 183.842, -56.6267, 34.9052, 0, 0, 0
670, 0, 192.827, -53.6429, 54.8694, 0, 0, 0
671, 0, 191.64, -53.6429, 52.1503, 0, 0, 0
672, 0, 190.504, -53.6429, 49.5648, 0, 0, 0
673, 0, 189.419, -53.6429, 47.0622, 0, 0, 0
674, 0, 188.382, -53.6429, 44.7737, 0, 0, 0
675, 0, 187.391, -53.6429, 42.5609, 0, 0, 0
676, 0, 186.443, -53.6429, 40.5108, 0, 0, 0
677, 0, 185.536, -53.6429, 38.5306, 0, 0, 0
678, 0, 184.67, -53.6429, 36.619, 0, 0, 0
679, 0, 183.842, -53.6429, 34.904, 0, 0, 0
680, 0, 192.827, -50.6593, 54.8696, 0, 0, 0
681, 0, 191.64, -50.6593, 52.1504, 0, 0, 0
682, 0, 190.504, -50.6593, 49.5649, 0, 0, 0
683, 0, 189.419, -50.6593, 47.0623, 0, 0, 0
684, 0, 188.382, -50.6593, 44.7738, 0, 0, 0
685, 0, 187.391, -50.6593, 42.561, 0, 0, 0
686, 0, 186.443, -50.6593, 40.5109, 0, 0, 0
687, 0, 185.536, -50.6593, 38.5307, 0, 0, 0
688, 0, 184.67, -50.6593, 36.6191, 0, 0, 0
689, 0, 183.842, -50.6593, 34.904, 0, 0, 0
690, 0, 192.827, -47.6755, 54.8714, 0, 0, 0
691, 0, 191.64, -47.6755, 52.1521, 0, 0, 0
692, 0, 190.504, -47.6755, 49.5665, 0, 0, 0
693, 0, 189.419, -47.6755, 47.0638, 0, 0, 0
694, 0, 188.382, -47.6755, 44.7753, 0, 0, 0
695, 0, 187.391, -47.6755, 42.5624, 0, 0, 0
696, 0, 186.443, -47.6755, 40.5122, 0, 0, 0
697, 0, 185.536, -47.6755, 38.5319, 0, 0, 0
698, 0, 184.67, -47.6755, 36.6203, 0, 0, 0
699, 0, 183.842, -47.6755, 34.9052, 0, 0, 0
700, 0, 192.827, -44.6918, 54.8696, 0, 0, 0
701, 0, 191.64, -44.6918, 52.1504, 0, 0, 0
702, 0, 190.504, -44.6918, 49.5649, 0, 0, 0
703, 0, 189.419, -44.6918, 47.0623, 0, 0, 0
704, 0, 188.382, -44.6918, 44.7738, 0, 0, 0
705, 0, 187.391, -44.6918, 42.561, 0, 0, 0
706, 0, 186.443, -44.6918, 40.5109, 0, 0, 0
707, 0, 185.536, -44.6918, 38.5307, 0, 0, 0
708, 0, 184.67, -44.6918, 36.6191, 0, 0, 0
709, 0, 183.842, -44.6918, 34.904, 0, 0, 0
710, 0, 192.827, -41.708, 54.8696, 0, 0, 0
711, 0, 191.64, -41.708, 52.1504, 0, 0, 0
712, 0, 190.504, -41.708, 49.5649, 0, 0, 0
713, 0, 189.419, -41.708, 47.0623, 0, 0, 0
714, 0, 188.382, -41.708, 44.7738, 0, 0, 0
715, 0, 187.391, -41.708, 42.561, 0, 0, 0
716, 0, 186.443, -41.708, 40.5109, 0, 0, 0
717, 0, 185.536, -41.708, 38.5307, 0, 0, 0
718, 0, 184.67, -41.708, 36.6191, 0, 0, 0
719, 0, 183.842, -41.708, 34.904, 0, 0, 0
720, 0, 192.827, -38.7243, 54.8714, 0, 0, 0
721, 0, 191.64, -38.7243, 52.1521, 0, 0, 0
722, 0, 190.504, -38.7243, 49.5665, 0, 0, 0
723, 0, 189.419, -38.7243, 47.0638, 0, 0, 0
724, 0, 188.382, -38.7243, 44.7753, 0, 0, 0
725, 0, 187.391, -38.7243, 42.5624, 0, 0, 0
726, 0, 186.443, -38.7243, 40.5122, 0, 0, 0
727, 0, 185.536, -38.7243, 38.5319, 0, 0, 0
728, 0, 184.67, -38.7243, 36.6203, 0, 0, 0
729, 0, 183.842, -38.7243, 34.9052, 0, 0, 0
730, 0, 192.827, -35.7405, 54.8695, 0, 0, 0
731, 0, 191.64, -35.7405, 52.1504, 0, 0, 0
732, 0, 190.504, -35.7405, 49.5648, 0, 0, 0
733, 0, 189.419, -35.7405, 47.0622, 0, 0, 0
734, 0, 188.382, -35.7405, 44.7737, 0, 0, 0
735, 0, 187.391, -35.7405, 42.5609, 0, 0, 0
736, 0, 186.443, -35.7405, 40.5109, 0, 0, 0
737, 0, 185.536, -35.7405, 38.5306, 0, 0, 0
738, 0, 184.67, -35.7405, 36.619, 0, 0, 0
739, 0, 183.842, -35.7405, 34.904, 0, 0, 0
740, 0, 192.827, -32.7569, 54.8696, 0, 0, 0
741, 0, 191.64, -32.7569, 52.1504, 0, 0, 0
742, 0, 190.504, -32.7569, 49.5649, 0, 0, 0
743, 0, 189.419, -32.7569, 47.0623, 0, 0, 0
744, 0, 188.382, -32.7569, 44.7738, 0, 0, 0
745, 0, 187.391, -32.7569, 42.561, 0, 0, 0
746, 0, 186.443, -32.7569, 40.5109, 0, 0, 0
747, 0, 185.536, -32.7569, 38.5307, 0, 0, 0
748, 0, 184.67, -32.7569, 36.6191, 0, 0, 0
749, 0, 183.842, -32.7569, 34.904, 0, 0, 0
750, 0, 192.827, -29.7731, 54.8714, 0, 0, 0
751, 0, 191.64, -29.7731, 52.1521, 0, 0, 0
752, 0, 190.504, -29.7731, 49.5665, 0, 0, 0
753, 0, 189.419, -29.7731, 47.0638, 0, 0, 0
754, 0, 188.382, -29.7731, 44.7753, 0, 0, 0
755, 0, 187.391, -29.7731, 42.5624, 0, 0, 0
756, 0, 186.443, -29.7731, 40.5122, 0, 0, 0
757, 0, 185.536, -29.7731, 38.5319, 0, 0, 0
758, 0, 184.67, -29.7731, 36.6203, 0, 0, 0
759, 0, 183.842, -29.7731, 34.9052, 0, 0, 0
760, 0, 192.827, -26.7893, 54.8696, 0, 0, 0
761, 0, 191.64, -26.7893, 52.1504, 0, 0, 0
762, 0, 190.504, -26.7893, 49.5649, 0, 0, 0
763, 0, 189.419, -26.7893, 47.0623, 0, 0, 0
764, 0, 188.382, -26.7893, 44.7738, 0, 0, 0
765, 0, 187.391, -26.7893, 42.561, 0, 0, 0
766, 0, 186.443, -26.7893, 40.5109, 0, 0, 0
767, 0, 185.536, -26.7893, 38.5307, 0, 0, 0
768, 0, 184.67, -26.7893, 36.6191, 0, 0, 0
769, 0, 183.842, -26.7893, 34.904, 0, 0, 0
770, 0, 192.827, -23.8056, 54.8695, 0, 0, 0
771, 0, 191.64, -23.8056, 52.1504, 0, 0, 0
772, 0, 190.504, -23.8056, 49.5648, 0, 0, 0
773, 0, 189.419, -23.8056, 47.0622, 0, 0, 0
774, 0, 188.382, -23.8056, 44.7737, 0, 0, 0
775, 0, 187.391, -23.8056, 42.5609, 0, 0, 0
776, 0, 186.443, -23.8056, 40.5109, 0, 0, 0
777, 0, 185.536, -23.8056, 38.5306, 0, 0, 0
778, 0, 184.67, -23.8056, 36.619, 0, 0, 0
779, 0, 183.842, -23.8056, 34.904, 0, 0, 0
780, 0, 192.827, -20.8219, 54.8714, 0, 0, 0
781, 0, 191.64, -20.8219, 52.1522, 0, 0, 0
782, 0, 190.504, -20.8219, 49.5665, 0, 0, 0
783, 0, 189.419, -20.8219, 47.0638, 0, 0, 0
784, 0, 188.382, -20.8219, 44.7753, 0, 0, 0
785, 0, 187.391, -20.8219, 42.5624, 0, 0, 0
786, 0, 186.443, -20.8219, 40.5123, 0, 0, 0
787, 0, 185.536, -20.8219, 38.532, 0, 0, 0
788, 0, 184.67, -20.8219, 36.6203, 0, 0, 0
789, 0, 183.842, -20.8219, 34.9052, 0, 0, 0
790, 0, 192.827, -17.8381, 54.8695, 0, 0, 0
791, 0, 191.64, -17.8381, 52.1504, 0, 0, 0
792, 0, 190.504, -17.8381, 49.5648, 0, 0, 0
793, 0, 189.419, -17.8381, 47.0622, 0, 0, 0
794, 0, 188.382, -17.8381, 44.7738, 0, 0, 0
795, 0, 187.391, -17.8381, 42.561, 0, 0, 0
796, 0, 186.443, -17.8381, 40.5109, 0, 0, 0
797, 0, 185.536, -17.8381, 38.5306, 0, 0, 0
798, 0, 184.67, -17.8381, 36.619, 0, 0, 0
799, 0, 183.842, -17.8381, 34.904, 0, 0, 0
800, 0, 192.827, -14.8544, 54.8714, 0, 0, 0
801, 0, 191.64, -14.8544, 52.1521, 0, 0, 0
802, 0, 190.504, -14.8544, 49.5665, 0, 0, 0
803, 0, 189.419, -14.8544, 47.0638, 0, 0, 0
804, 0, 188.382, -14.8544, 44.7753, 0, 0, 0
805, 0, 187.391, -14.8544, 42.5624, 0, 0, 0
806, 0, 186.443, -14.8544, 40.5122, 0, 0, 0
807, 0, 185.536, -14.8544, 38.5319, 0, 0, 0
808, 0, 184.67, -14.8544, 36.6203, 0, 0, 0
809, 0, 183.842, -14.8544, 34.9052, 0, 0, 0
810, 0, 192.827, -11.8707, 54.8695, 0, 0, 0
811, 0, 191.64, -11.8707, 52.1504, 0, 0, 0
812, 0, 190.504, -11.8707, 49.5648, 0, 0, 0
813, 0, 189.419, -11.8707, 47.0622, 0, 0, 0
814, 0, 188.382, -11.8707, 44.7738, 0, 0, 0
815, 0, 187.391, -11.8707, 42.561, 0, 0, 0
816, 0, 186.443, -11.8707, 40.5109, 0, 0, 0
817, 0, 185.536, -11.8707, 38.5306, 0, 0, 0
818, 0, 184.67, -11.8707, 36.619, 0, 0, 0
819, 0, 183.842, -11.8707, 34.904, 0, 0, 0
820, 0, 192.827, -8.88694, 54.8699, 0, 0, 0
821, 0, 191.64, -8.88694, 52.1508, 0, 0, 0
822, 0, 190.504, -8.88694, 49.5652, 0, 0, 0
823, 0, 189.419, -8.88694, 47.0626, 0, 0, 0
824, 0, 188.382, -8.88694, 44.7741, 0, 0, 0
825, 0, 187.391, -8.88694, 42.5613, 0, 0, 0
826, 0, 186.443, -8.88694, 40.5112, 0, 0, 0
827, 0, 185.536, -8.88694, 38.5309, 0, 0, 0
828, 0, 184.67, -8.88694, 36.6193, 0, 0, 0
829, 0, 183.842, -8.88694, 34.9042, 0, 0, 0
830, 0, 192.827, -5.90321, 54.8701, 0, 0, 0
831, 0, 191.64, -5.90321, 52.1509, 0, 0, 0
832, 0, 190.504, -5.90321, 49.5653, 0, 0, 0
833, 0, 189.419, -5.90321, 47.0627, 0, 0, 0
834, 0, 188.382, -5.90321, 44.7742, 0, 0, 0
835, 0, 187.391, -5.90321, 42.5614, 0, 0, 0
836, 0, 186.443, -5.90321, 40.5113, 0, 0, 0
837, 0, 185.536, -5.90321, 38.531, 0, 0, 0
838, 0, 184.67, -5.90321, 36.6194, 0, 0, 0
839, 0, 183.842, -5.90321, 34.9044, 0, 0, 0
840, 0, 192.827, -2.91948, 54.8701, 0, 0, 0
841, 0, 191.64, -2.91948, 52.1509, 0, 0, 0
842, 0, 190.504, -2.91948, 49.5653, 0, 0, 0
843, 0, 189.419, -2.91948, 47.0627, 0, 0, 0
844, 0, 188.382, -2.91948, 44.7742, 0, 0, 0
845, 0, 187.391, -2.91948, 42.5614, 0, 0, 0
846, 0, 186.443, -2.91948, 40.5113, 0, 0, 0
847, 0, 185.536, -2.91948, 38.531, 0, 0, 0
848, 0, 184.67, -2.91948, 36.6194, 0, 0, 0
849, 0, 183.842, -2.91948, 34.9044, 0, 0, 0
850, 0, 192.827, 0.06425, 54.8703, 0, 0, 0
851, 0, 191.64, 0.06425, 52.1511, 0, 0, 0
852, 0, 190.504, 0.06425, 49.5655, 0, 0, 0
853, 0, 189.419, 0.06425, 47.0629, 0, 0, 0
854, 0, 188.382, 0.06425, 44.7744, 0, 0, 0
855, 0, 187.391, 0.06425, 42.5615, 0, 0, 0
856, 0, 186.443, 0.06425, 40.5114, 0, 0, 0
857, 0, 185.536, 0.06425, 38.5312, 0, 0, 0
858, 0, 184.67, 0.06425, 36.6195, 0, 0, 0
859, 0, 183.842, 0.06425, 34.9045, 0, 0, 0
860, 0, 192.827, 3.04798, 54.8701, 0, 0, 0
861, 0, 191.64, 3.04798, 52.1509, 0, 0, 0
862, 0, 190.504, 3.04798, 49.5653, 0, 0, 0
863, 0, 189.419, 3.04798, 47.0627, 0, 0, 0
864, 0, 188.382, 3.04798, 44.7742, 0, 0, 0
865, 0, 187.391, 3.04798, 42.5614, 0, 0, 0
866, 0, 186.443, 3.04798, 40.5113, 0, 0, 0
867, 0, 185.536, 3.04798, 38.531, 0, 0, 0
868, 0, 184.67, 3.04798, 36.6194, 0, 0, 0
869, 0, 183.842, 3.04798, 34.9044, 0, 0, 0
870, 0, 192.827, 6.03172, 54.8703, 0, 0, 0
871, 0, 191.64, 6.03172, 52.1511, 0, 0, 0
872, 0, 190.504, 6.03172, 49.5655, 0, 0, 0
873, 0, 189.419, 6.03172, 47.0629, 0, 0, 0
874, 0, 188.382, 6.03172, 44.7744, 0, 0, 0
875, 0, 187.391, 6.03172, 42.5615, 0, 0, 0
876, 0, 186.443, 6.03172, 40.5114, 0, 0, 0
877, 0, 185.536, 6.03172, 38.5312, 0, 0, 0
878, 0, 184.67, 6.03172, 36.6195, 0, 0, 0
879, 0, 183.842, 6.03172, 34.9045, 0, 0, 0
880, 0, 192.827, 9.01545, 54.8697, 0, 0, 0
881, 0, 191.64, 9.01545, 52.1506, 0, 0, 0
882, 0, 190.504, 9.01545, 49.565, 0, 0, 0
883, 0, 189.419, 9.01545, 47.0624, 0, 0, 0
884, 0, 188.382, 9.01545, 44.7739, 0, 0, 0
885, 0, 187.391, 9.01545, 42.5611, 0, 0, 0
886, 0, 186.443, 9.01545, 40.511, 0, 0, 0
887, 0, 185.536, 9.01545, 38.5308, 0, 0, 0
888, 0, 184.67, 9.01545, 36.6192, 0, 0, 0
889, 0, 183.842, 9.01545, 34.9041, 0, 0, 0
890, 0, 192.827, 11.9992, 54.8714, 0, 0, 0
891, 0, 191.64, 11.9992, 52.1522, 0, 0, 0
892, 0, 190.504, 11.9992, 49.5665, 0, 0, 0
893, 0, 189.419, 11.9992, 47.0638, 0, 0, 0
894, 0, 188.382, 11.9992, 44.7753, 0, 0, 0
895, 0, 187.391, 11.9992, 42.5624, 0, 0, 0
896, 0, 186.443, 11.9992, 40.5123, 0, 0, 0
897, 0, 185.536, 11.9992, 38.5319, 0, 0, 0
898, 0, 184.67, 11.9992, 36.6203, 0, 0, 0
899, 0, 183.842, 11.9992, 34.9052, 0, 0, 0
900, 0, 192.827, 14.9829, 54.8695, 0, 0, 0
901, 0, 191.64, 14.9829, 52.1504, 0, 0, 0
902, 0, 190.504, 14.9829, 49.5648, 0, 0, 0
903, 0, 189.419, 14.9829, 47.0622, 0, 0, 0
904, 0, 188.382, 14.9829, 44.7738, 0, 0, 0
905, 0, 187.391, 14.9829, 42.561, 0, 0, 0
906, 0, 186.443, 14.9829, 40.5109, 0, 0, 0
907, 0, 185.536, 14.9829, 38.5306, 0, 0, 0
908, 0, 184.67, 14.9829, 36.619, 0, 0, 0
909, 0, 183.842, 14.9829, 34.904, 0, 0, 0
910, 0, 192.827, 17.9666, 54.8695, 0, 0, 0
911, 0, 191.64, 17.9666, 52.1504, 0, 0, 0
912, 0, 190.504, 17.9666, 49.5648, 0, 0, 0
913, 0, 189.419, 17.9666, 47.0622, 0, 0, 0
914, 0, 188.382, 17.9666, 44.7738, 0, 0, 0
915, 0, 187.391, 17.9666, 42.561, 0, 0, 0
916, 0, 186.443, 17.9666, 40.5109, 0, 0, 0
917, 0, 185.536, 17.9666, 38.5306, 0, 0, 0
918, 0, 184.67, 17.9666, 36.619, 0, 0, 0
919, 0, 183.842, 17.9666, 34.904, 0, 0, 0
920, 0, 192.827, 20.9504, 54.8714, 0, 0, 0
921, 0, 191.64, 20.9504, 52.1522, 0, 0, 0
922, 0, 190.504, 20.9504, 49.5665, 0, 0, 0
923, 0, 189.419, 20.9504, 47.0638, 0, 0, 0
924, 0, 188.382, 20.9504, 44.7753, 0, 0, 0
925, 0, 187.391, 20.9504, 42.5624, 0, 0, 0
926, 0, 186.443, 20.9504, 40.5123, 0, 0, 0
927, 0, 185.536, 20.9504, 38.532, 0, 0, 0
928, 0, 184.67, 20.9504, 36.6203, 0, 0, 0
929, 0, 183.842, 20.9504, 34.9052, 0, 0, 0
930, 0, 192.827, 23.9342, 54.8695, 0, 0, 0
931, 0, 191.64, 23.9342, 52.1504, 0, 0, 0
932, 0, 190.504, 23.9342, 49.5648, 0, 0, 0
933, 0, 189.419, 23.9342, 47.0622, 0, 0, 0
934, 0, 188.382, 23.9342, 44.7738, 0, 0, 0
935, 0, 187.391, 23.9342, 42.561, 0, 0, 0
936, 0, 186.443, 23.9342, 40.5109, 0, 0, 0
937, 0, 185.536, 23.9342, 38.5306, 0, 0, 0
938, 0, 184.67, 23.9342, 36.619, 0, 0, 0
939, 0, 183.842, 23.9342, 34.904, 0, 0, 0
940, 0, 192.827, 26.9178, 54.8695, 0, 0, 0
941, 0, 191.64, 26.9178, 52.1504, 0, 0, 0
942, 0, 190.504, 26.9178, 49.5648, 0, 0, 0
943, 0, 189.419, 26.9178, 47.0622, 0, 0, 0
944, 0, 188.382, 26.9178, 44.7737, 0, 0, 0
945, 0, 187.391, 26.9178, 42.5609, 0, 0, 0
946, 0, 186.443, 26.9178, 40.5109, 0, 0, 0
947, 0, 185.536, 26.9178, 38.5306, 0, 0, 0
948, 0, 184.67, 26.9178, 36.619, 0, 0, 0
949, 0, 183.842, 26.9178, 34.904, 0, 0, 0
950, 0, 192.827, 29.9016, 54.8714, 0, 0, 0
951, 0, 191.64, 29.9016, 52.1522, 0, 0, 0
952, 0, 190.504, 29.9016, 49.5666, 0, 0, 0
953, 0, 189.419, 29.9016, 47.0639, 0, 0, 0
954, 0, 188.382, 29.9016, 44.7753, 0, 0, 0
955, 0, 187.391, 29.9016, 42.5624, 0, 0, 0
956, 0, 186.443, 29.9016, 40.5123, 0, 0, 0
957, 0, 185.536, 29.9016, 38.532, 0, 0, 0
958, 0, 184.67, 29.9016, 36.6203, 0, 0, 0
959, 0, 183.842, 29.9016, 34.9052, 0, 0, 0
960, 0, 192.827, 32.8854, 54.8695, 0, 0, 0
961, 0, 191.64, 32.8854, 52.1504, 0, 0, 0
962, 0, 190.504, 32.8854, 49.5648, 0, 0, 0
963, 0, 189.419, 32.8854, 47.0622, 0, 0, 0
964, 0, 188.382, 32.8854, 44.7737, 0, 0, 0
965, 0, 187.391, 32.8854, 42.5609, 0, 0, 0
966, 0, 186.443, 32.8854, 40.5109, 0, 0, 0
967, 0, 185.536, 32.8854, 38.5306, 0, 0, 0
968, 0, 184.67, 32.8854, 36.619, 0, 0, 0
969, 0, 183.842, 32.8854, 34.904, 0, 0, 0
970, 0, 192.827, 35.8691, 54.8696, 0, 0, 0
971, 0, 191.64, 35.8691, 52.1504, 0, 0, 0
972, 0, 190.504, 35.8691, 49.5649, 0, 0, 0
973, 0, 189.419, 35.8691, 47.0623, 0, 0, 0
974, 0, 188.382, 35.8691, 44.7738, 0, 0, 0
975, 0, 187.391, 35.8691, 42.561, 0, 0, 0
976, 0, 186.443, 35.8691, 40.5109, 0, 0, 0
977, 0, 185.536, 35.8691, 38.5307, 0, 0, 0
978, 0, 184.67, 35.8691, 36.6191, 0, 0, 0
979, 0, 183.842, 35.8691, 34.904, 0, 0, 0
980, 0, 192.827, 38.8528, 54.8714, 0, 0, 0
981, 0, 191.64, 38.8528, 52.1521, 0, 0, 0
982, 0, 190.504, 38.8528, 49.5665, 0, 0, 0
983, 0, 189.419, 38.8528, 47.0638, 0, 0, 0
984, 0, 188.382, 38.8528, 44.7753, 0, 0, 0
985, 0, 187.391, 38.8528, 42.5624, 0, 0, 0
986, 0, 186.443, 38.8528, 40.5122, 0, 0, 0
987, 0, 185.536, 38.8528, 38.5319, 0, 0, 0
988, 0, 184.67, 38.8528, 36.6203, 0, 0, 0
989, 0, 183.842, 38.8528, 34.9052, 0, 0, 0
990, 0, 192.827, 41.8366, 54.8696, 0, 0, 0
991, 0, 191.64, 41.8366, 52.1504, 0, 0, 0
992, 0, 190.504, 41.8366, 49.5649, 0, 0, 0
993, 0, 189.419, 41.8366, 47.0623, 0, 0, 0
994, 0, 188.382, 41.8366, 44.7738, 0, 0, 0
995, 0, 187.391, 41.8366, 42.561, 0, 0, 0
996, 0, 186.443, 41.8366, 40.5109, 0, 0, 0
997, 0, 185.536, 41.8366, 38.5307, 0, 0, 0
998, 0, 184.67, 41.8366, 36.6191, 0, 0, 0
999, 0, 183.842, 41.8366, 34.904, 0, 0, 0
1000, 0, 192.827, 44.8203, 54.8695, 0, 0, 0
1001, 0, 191.64, 44.8203, 52.1504, 0, 0, 0
1002, 0, 190.504, 44.8203, 49.5648, 0, 0, 0
1003, 0, 189.419, 44.8203, 47.0622, 0, 0, 0
1004, 0, 188.382, 44.8203, 44.7737, 0, 0, 0
1005, 0, 187.391, 44.8203, 42.5609, 0, 0, 0
1006, 0, 186.443, 44.8203, 40.5109, 0, 0, 0
1007, 0, 185.536, 44.8203, 38.5306, 0, 0, 0
1008, 0, 184.67, 44.8203, 36.619, 0, 0, 0
1009, 0, 183.842, 44.8203, 34.904, 0, 0, 0
1010, 0, 192.827, 47.804, 54.8714, 0, 0, 0
1011, 0, 191.64, 47.804, 52.1521, 0, 0, 0
1012, 0, 190.504, 47.804, 49.5665, 0, 0, 0
1013, 0, 189.419, 47.804, 47.0638, 0, 0, 0
1014, 0, 188.382, 47.804, 44.7753, 0, 0, 0
1015, 0, 187.391, 47.804, 42.5624, 0, 0, 0
1016, 0, 186.443, 47.804, 40.5122, 0, 0, 0
1017, 0, 185.536, 47.804, 38.5319, 0, 0, 0
1018, 0, 184.67, 47.804, 36.6203, 0, 0, 0
1019, 0, 183.842, 47.804, 34.9052, 0, 0, 0
1020, 0, 192.827, 50.7877, 54.8695, 0, 0, 0
1021, 0, 191.64, 50.7877, 52.1504, 0, 0, 0
1022, 0, 190.504, 50.7877, 49.5648, 0, 0, 0
1023, 0, 189.419, 50.7877, 47.0622, 0, 0, 0
1024, 0, 188.382, 50.7877, 44.7737, 0, 0, 0
1025, 0, 187.391, 50.7877, 42.5609, 0, 0, 0
1026, 0, 186.443, 50.7877, 40.5109, 0, 0, 0
1027, 0, 185.536, 50.7877, 38.5306, 0, 0, 0
1028, 0, 184.67, 50.7877, 36.619, 0, 0, 0
1029, 0, 183.842, 50.7877, 34.904, 0, 0, 0
1030, 0, 192.827, 53.7714, 54.8696, 0, 0, 0
1031, 0, 191.64, 53.7714, 52.1504, 0, 0, 0
1032, 0, 190.504, 53.7714, 49.5649, 0, 0, 0
1033, 0, 189.419, 53.7714, 47.0623, 0, 0, 0
1034, 0, 188.382, 53.7714, 44.7738, 0, 0, 0
1035, 0, 187.391, 53.7714, 42.561, 0, 0, 0
1036, 0, 186.443, 53.7714, 40.5109, 0, 0, 0
1037, 0, 185.536, 53.7714, 38.5307, 0, 0, 0
1038, 0, 184.67, 53.7714, 36.6191, 0, 0, 0
1039, 0, 183.842, 53.7714, 34.904, 0, 0, 0
1040, 0, 192.827, 56.7552, 54.8714, 0, 0, 0
1041, 0, 191.64, 56.7552, 52.1522, 0, 0, 0
1042, 0, 190.504, 56.7552, 49.5666, 0, 0, 0
1043, 0, 189.419, 56.7552, 47.0639, 0, 0, 0
1044, 0, 188.382, 56.7552, 44.7753, 0, 0, 0
1045, 0, 187.391, 56.7552, 42.5624, 0, 0, 0
1046, 0, 186.443, 56.7552, 40.5123, 0, 0, 0
1047, 0, 185.536, 56.7552, 38.532, 0, 0, 0
1048, 0, 184.67, 56.7552, 36.6203, 0, 0, 0
1049, 0, 183.842, 56.7552, 34.9052, 0, 0, 0
1050, 0, 192.827, 59.739, 54.8696, 0, 0, 0
1051, 0, 191.64, 59.739, 52.1504, 0, 0, 0
1052, 0, 190.504, 59.739, 49.5649, 0, 0, 0
1053, 0, 189.419, 59.739, 47.0623, 0, 0, 0
1054, 0, 188.382, 59.739, 44.7738, 0, 0, 0
1055, 0, 187.391, 59.739, 42.561, 0, 0, 0
1056, 0, 186.443, 59.739, 40.5109, 0, 0, 0
1057, 0, 185.536, 59.739, 38.5307, 0, 0, 0
1058, 0, 184.67, 59.739, 36.6191, 0, 0, 0
1059, 0, 183.842, 59.739, 34.904, 0, 0, 0
1060, 0, 192.827, 62.7227, 54.8694, 0, 0, 0
1061, 0, 191.64, 62.7227, 52.1503, 0, 0, 0
1062, 0, 190.504, 62.7227, 49.5648, 0, 0, 0
1063, 0, 189.419, 62.7227, 47.0622, 0, 0, 0
1064, 0, 188.382, 62.7227, 44.7737, 0, 0, 0
1065, 0, 187.391, 62.7227, 42.5609, 0, 0, 0
1066, 0, 186.443, 62.7227, 40.5108, 0, 0, 0
1067, 0, 185.536, 62.7227, 38.5306, 0, 0, 0
1068, 0, 184.67, 62.7227, 36.619, 0, 0, 0
1069, 0, 183.842, 62.7227, 34.904, 0, 0, 0
1070, 0, 192.827, 65.7064, 54.8714, 0, 0, 0
1071, 0, 191.64, 65.7064, 52.1522, 0, 0, 0
1072, 0, 190.504, 65.7064, 49.5666, 0, 0, 0
1073, 0, 189.419, 65.7064, 47.0639, 0, 0, 0
1074, 0, 188.382, 65.7064, 44.7753, 0, 0, 0
1075, 0, 187.391, 65.7064, 42.5624, 0, 0, 0
1076, 0, 186.443, 65.7064, 40.5123, 0, 0, 0
1077, 0, 185.536, 65.7064, 38.532, 0, 0, 0
1078, 0, 184.67, 65.7064, 36.6203, 0, 0, 0
1079, 0, 183.842, 65.7064, 34.9052, 0, 0, 0
1080, 0, 192.827, 68.6902, 54.8696, 0, 0, 0
1081, 0, 191.64, 68.6902, 52.1504, 0, 0, 0
1082, 0, 190.504, 68.6902, 49.5649, 0, 0, 0
1083, 0, 189.419, 68.6902, 47.0623, 0, 0, 0
1084, 0, 188.382, 68.6902, 44.7738, 0, 0, 0
1085, 0, 187.391, 68.6902, 42.561, 0, 0, 0
1086, 0, 186.443, 68.6902, 40.5109, 0, 0, 0
1087, 0, 185.536, 68.6902, 38.5307, 0, 0, 0
1088, 0, 184.67, 68.6902, 36.6191, 0, 0, 0
1089, 0, 183.842, 68.6902, 34.904, 0, 0, 0
1090, 0, 192.827, 71.6739, 54.8696, 0, 0, 0
1091, 0, 191.64, 71.6739, 52.1504, 0, 0, 0
1092, 0, 190.504, 71.6739, 49.5649, 0, 0, 0
1093, 0, 189.419, 71.6739, 47.0623, 0, 0, 0
1094, 0, 188.382, 71.6739, 44.7738, 0, 0, 0
1095, 0, 187.391, 71.6739, 42.561, 0, 0, 0
1096, 0, 186.443, 71.6739, 40.5109, 0, 0, 0
1097, 0, 185.536, 71.6739, 38.5307, 0, 0, 0
1098, 0, 184.67, 71.6739, 36.6191, 0, 0, 0
1099, 0, 183.842, 71.6739, 34.904, 0, 0, 0
1100, 0, 192.827, 74.6576, 54.8713, 0, 0, 0
1101, 0, 191.64, 74.6576, 52.1521, 0, 0, 0
1102, 0, 190.504, 74.6576, 49.5665, 0, 0, 0
1103, 0, 189.419, 74.6576, 47.0638, 0, 0, 0
1104, 0, 188.382, 74.6576, 44.7752, 0, 0, 0
1105, 0, 187.391, 74.6576, 42.5623, 0, 0, 0
1106, 0, 186.443, 74.6576, 40.5122, 0, 0, 0
1107, 0, 185.536, 74.6576, 38.5319, 0, 0, 0
1108, 0, 184.67, 74.6576, 36.6202, 0, 0, 0
1109, 0, 183.842, 74.6576, 34.9051, 0, 0, 0
1110, 0, 192.827, 77.6414, 54.8696, 0, 0, 0
1111, 0, 191.64, 77.6414, 52.1504, 0, 0, 0
1112, 0, 190.504, 77.6414, 49.5649, 0, 0, 0
1113, 0, 189.419, 77.6414, 47.0623, 0, 0, 0
1114, 0, 188.382, 77.6414, 44.7738, 0, 0, 0
1115, 0, 187.391, 77.6414, 42.561, 0, 0, 0
1116, 0, 186.443, 77.6414, 40.5109, 0, 0, 0
1117, 0, 185.536, 77.6414, 38.5307, 0, 0, 0
1118, 0, 184.67, 77.6414, 36.6191, 0, 0, 0
1119, 0, 183.842, 77.6414, 34.904, 0, 0, 0
1120, 0, 192.827, 80.6251, 54.8696, 0, 0, 0
1121, 0, 191.64, 80.6251, 52.1504, 0, 0, 0
1122, 0, 190.504, 80.6251, 49.5649, 0, 0, 0
1123, 0, 189.419, 80.6251, 47.0623, 0, 0, 0
1124, 0, 188.382, 80.6251, 44.7738, 0, 0, 0
1125, 0, 187.391, 80.6251, 42.561, 0, 0, 0
1126, 0, 186.443, 80.6251, 40.5109, 0, 0, 0
1127, 0, 185.536, 80.6251, 38.5307, 0, 0, 0
1128, 0, 184.67, 80.6251, 36.6191, 0, 0, 0
1129, 0, 183.842, 80.6251, 34.904, 0, 0, 0
1130, 0, 192.827, 83.6088, 54.8713, 0, 0, 0
1131, 0, 191.64, 83.6088, 52.1521, 0, 0, 0
1132, 0, 190.504, 83.6088, 49.5665, 0, 0, 0
1133, 0, 189.419, 83.6088, 47.0638, 0, 0, 0
1134, 0, 188.382, 83.6088, 44.7752, 0, 0, 0
1135, 0, 187.391, 83.6088, 42.5623, 0, 0, 0
1136, 0, 186.443, 83.6088, 40.5122, 0, 0, 0
1137, 0, 185.536, 83.6088, 38.5319, 0, 0, 0
1138, 0, 184.67, 83.6088, 36.6202, 0, 0, 0
1139, 0, 183.842, 83.6088, 34.9051, 0, 0, 0
1140, 0, 177.53, 108.987, 7.58102, 0, 0, 0
1141, 0, 175.712, 108.442, 7.49927, 0, 0, 0
1142, 0, 173.895, 107.896, 7.42564, 0, 0, 0
1143, 0, 172.077, 107.351, 7.34398, 0, 0, 0
1144, 0, 170.26, 106.805, 7.27051, 0, 0, 0
1145, 0, 168.442, 106.26, 7.19294, 0, 0, 0
1146, 0, 166.625, 105.713, 7.11141, 0, 0, 0
1147, 0, 164.807, 105.168, 7.04948, 0, 0, 0
1148, 0, 162.99, 104.622, 6.96779, 0, 0, 0
1149, 0, 161.172, 104.077, 6.88234, 0, 0, 0
1150, 0, 159.355, 103.531, 6.81249, 0, 0, 0
1151, 0, 177.53, 109.313, 8.92482, 0, 0, 0
1152, 0, 175.712, 108.767, 8.82858, 0, 0, 0
1153, 0, 173.895, 108.222, 8.74207, 0, 0, 0
1154, 0, 172.077, 107.676, 8.64593, 0, 0, 0
1155, 0, 170.26, 107.131, 8.55927, 0, 0, 0
1156, 0, 168.442, 106.585, 8.46796, 0, 0, 0
1157, 0, 166.625, 106.039, 8.37197, 0, 0, 0
1158, 0, 164.807, 105.493, 8.28521, 0, 0, 0
1159, 0, 162.99, 104.948, 8.18932, 0, 0, 0
1160, 0, 161.172, 104.402, 8.10246, 0, 0, 0
1161, 0, 159.355, 103.857, 8.00668, 0, 0, 0
1162, 0, 177.53, 109.713, 11.3461, 0, 0, 0
1163, 0, 175.712, 109.167, 11.2238, 0, 0, 0
1164, 0, 173.895, 108.621, 11.1014, 0, 0, 0
1165, 0, 172.077, 108.076, 10.9916, 0, 0, 0
1166, 0, 170.26, 107.53, 10.8814, 0, 0, 0
1167, 0, 168.442, 106.985, 10.7533, 0, 0, 0
1168, 0, 166.625, 106.439, 10.6433, 0, 0, 0
1169, 0, 164.807, 105.893, 10.533, 0, 0, 0
1170, 0, 162.99, 105.347, 10.3994, 0, 0, 0
1171, 0, 161.172, 104.801, 10.2891, 0, 0, 0
1172, 0, 159.355, 104.256, 10.1675, 0, 0, 0
1173, 0, 177.53, 110.216, 14.1606, 0, 0, 0
1174, 0, 175.712, 109.67, 14.008, 0, 0, 0
1175, 0, 173.895, 109.124, 13.8832, 0, 0, 0
1176, 0, 172.077, 108.579, 13.7181, 0, 0, 0
1177, 0, 170.26, 108.033, 13.5804, 0, 0, 0
1178, 0, 168.442, 107.487, 13.4476, 0, 0, 0
1179, 0, 166.625, 106.942, 13.2832, 0, 0, 0
1180, 0, 164.807, 106.396, 13.1457, 0, 0, 0
1181, 0, 162.99, 105.85, 13.0053, 0, 0, 0
1182, 0, 161.172, 105.305, 12.8673, 0, 0, 0
1183, 0, 159.355, 104.759, 12.715, 0, 0, 0
1184, 0, 177.53, 110.776, 14.2239, 0, 0, 0
1185, 0, 175.712, 110.23, 14.0705, 0, 0, 0
1186, 0, 173.895, 109.685, 13.9326, 0, 0, 0
1187, 0, 172.077, 109.139, 13.7794, 0, 0, 0
1188, 0, 170.26, 108.593, 13.6413, 0, 0, 0
1189, 0, 168.442, 108.047, 13.4957, 0, 0, 0
1190, 0, 166.625, 107.501, 13.3429, 0, 0, 0
1191, 0, 164.807, 106.956, 13.1929, 0, 0, 0
1192, 0, 162.99, 106.41, 13.04, 0, 0, 0
1193, 0, 161.172, 105.865, 12.9132, 0, 0, 0
1194, 0, 159.355, 105.319, 12.7492, 0, 0, 0
1195, 0, 177.53, 111.336, 14.2239, 0, 0, 0
1196, 0, 175.712, 110.791, 14.0579, 0, 0, 0
1197, 0, 173.895, 110.245, 13.9201, 0, 0, 0
1198, 0, 172.077, 109.699, 13.7794, 0, 0, 0
1199, 0, 170.26, 109.154, 13.6291, 0, 0, 0
1200, 0, 168.442, 108.608, 13.4837, 0, 0, 0
1201, 0, 166.625, 108.062, 13.3428, 0, 0, 0
1202, 0, 164.807, 107.517, 13.2045, 0, 0, 0
1203, 0, 162.99, 106.971, 13.0517, 0, 0, 0
1204, 0, 161.172, 106.425, 12.9132, 0, 0, 0
1205, 0, 159.355, 105.879, 12.7606, 0, 0, 0
1206, 0, 177.53, 111.898, 14.224, 0, 0, 0
1207, 0, 175.712, 111.352, 14.083, 0, 0, 0
1208, 0, 173.895, 110.806, 13.9451, 0, 0, 0
1209, 0, 172.077, 110.26, 13.7794, 0, 0, 0
1210, 0, 170.26, 109.714, 13.6413, 0, 0, 0
1211, 0, 168.442, 109.169, 13.4959, 0, 0, 0
1212, 0, 166.625, 108.624, 13.3429, 0, 0, 0
1213, 0, 164.807, 108.078, 13.2045, 0, 0, 0
1214, 0, 162.99, 107.532, 13.0517, 0, 0, 0
1215, 0, 161.172, 106.986, 12.9132, 0, 0, 0
1216, 0, 159.355, 106.44, 12.7606, 0, 0, 0
1217, 0, 177.53, 112.459, 14.2239, 0, 0, 0
1218, 0, 175.712, 111.913, 14.0579, 0, 0, 0
1219, 0, 173.895, 111.367, 13.9201, 0, 0, 0
1220, 0, 172.077, 110.821, 13.7794, 0, 0, 0
1221, 0, 170.26, 110.275, 13.6414, 0, 0, 0
1222, 0, 168.442, 109.73, 13.4959, 0, 0, 0
1223, 0, 166.625, 109.185, 13.3428, 0, 0, 0
1224, 0, 164.807, 108.639, 13.2045, 0, 0, 0
1225, 0, 162.99, 108.093, 13.04, 0, 0, 0
1226, 0, 161.172, 107.547, 12.9017, 0, 0, 0
1227, 0, 159.355, 107.001, 12.7607, 0, 0, 0
1228, 0, 177.53, 113.019, 14.2111, 0, 0, 0
1229, 0, 175.712, 112.473, 14.0705, 0, 0, 0
1230, 0, 173.895, 111.928, 13.9202, 0, 0, 0
1231, 0, 172.077, 111.382, 13.7671, 0, 0, 0
1232, 0, 170.26, 110.836, 13.6413, 0, 0, 0
1233, 0, 168.442, 110.291, 13.4837, 0, 0, 0
1234, 0, 166.625, 109.745, 13.3308, 0, 0, 0
1235, 0, 164.807, 109.2, 13.2045, 0, 0, 0
1236, 0, 162.99, 108.653, 13.0517, 0, 0, 0
1237, 0, 161.172, 108.108, 12.9132, 0, 0, 0
1238, 0, 159.355, 107.563, 12.7606, 0, 0, 0
1239, 0, 177.53, 113.585, 14.4774, 0, 0, 0
1240, 0, 175.712, 113.039, 14.3213, 0, 0, 0
1241, 0, 173.895, 112.493, 14.181, 0, 0, 0
1242, 0, 172.077, 111.948, 14.025, 0, 0, 0
1243, 0, 170.26, 111.402, 13.8845, 0, 0, 0
1244, 0, 168.442, 110.857, 13.7363, 0, 0, 0
1245, 0, 166.625, 110.311, 13.5688, 0, 0, 0
1246, 0, 164.807, 109.765, 13.4281, 0, 0, 0
1247, 0, 162.99, 109.219, 13.2843, 0, 0, 0
1248, 0, 161.172, 108.674, 13.1319, 0, 0, 0
1249, 0, 159.355, 108.128, 12.9767, 0, 0, 0
1250, 0, 177.53, 114.186, 15.986, 0, 0, 0
1251, 0, 175.712, 113.64, 15.801, 0, 0, 0
1252, 0, 173.895, 113.094, 15.6586, 0, 0, 0
1253, 0, 172.077, 112.549, 15.4866, 0, 0, 0
1254, 0, 170.26, 112.003, 15.3192, 0, 0, 0
1255, 0, 168.442, 111.457, 15.1676, 0, 0, 0
1256, 0, 166.625, 110.912, 15.0076, 0, 0, 0
1257, 0, 164.807, 110.366, 14.8403, 0, 0, 0
1258, 0, 162.99, 109.82, 14.657, 0, 0, 0
1259, 0, 161.172, 109.274, 14.5132, 0, 0, 0
1260, 0, 159.355, 108.729, 14.3416, 0, 0, 0
1261, 0, 177.53, 114.863, 18.3567, 0, 0, 0
1262, 0, 175.712, 114.317, 18.1714, 0, 0, 0
1263, 0, 173.895, 113.772, 17.9934, 0, 0, 0
1264, 0, 172.077, 113.226, 17.783, 0, 0, 0
1265, 0, 170.26, 112.68, 17.6168, 0, 0, 0
1266, 0, 168.442, 112.135, 17.4289, 0, 0, 0
1267, 0, 166.625, 111.589, 17.2196, 0, 0, 0
1268, 0, 164.807, 111.043, 17.053, 0, 0, 0
1269, 0, 162.99, 110.498, 16.8672, 0, 0, 0
1270, 0, 161.172, 109.952, 16.6766, 0, 0, 0
1271, 0, 159.355, 109.406, 16.4795, 0, 0, 0
1272, 0, 177.53, 115.661, 22.1345, 0, 0, 0
1273, 0, 175.712, 115.116, 21.8831, 0, 0, 0
1274, 0, 173.895, 114.57, 21.6688, 0, 0, 0
1275, 0, 172.077, 114.025, 21.443, 0, 0, 0
1276, 0, 170.26, 113.479, 21.2159, 0, 0, 0
1277, 0, 168.442, 112.933, 20.9895, 0, 0, 0
1278, 0, 166.625, 112.387, 20.7634, 0, 0, 0
1279, 0, 164.807, 111.842, 20.5363, 0, 0, 0
1280, 0, 162.99, 111.296, 20.2985, 0, 0, 0
1281, 0, 161.172, 110.75, 20.0949, 0, 0, 0
1282, 0, 159.355, 110.205, 19.8462, 0, 0, 0
1283, 0, 177.53, 116.566, 23.7066, 0, 0, 0
1284, 0, 175.712, 116.02, 23.4635, 0, 0, 0
1285, 0, 173.895, 115.474, 23.2335, 0, 0, 0
1286, 0, 172.077, 114.929, 22.9655, 0, 0, 0
1287, 0, 170.26, 114.383, 22.7475, 0, 0, 0
1288, 0, 168.442, 113.837, 22.5049, 0, 0, 0
1289, 0, 166.625, 113.291, 22.238, 0, 0, 0
1290, 0, 164.807, 112.746, 22.0194, 0, 0, 0
1291, 0, 162.99, 112.2, 21.7646, 0, 0, 0
1292, 0, 161.172, 111.654, 21.5221, 0, 0, 0
1293, 0, 159.355, 111.108, 21.2675, 0, 0, 0
1294, 0, 177.53, 117.501, 23.7317, 0, 0, 0
1295, 0, 175.712, 116.955, 23.4633, 0, 0, 0
1296, 0, 173.895, 116.41, 23.2333, 0, 0, 0
1297, 0, 172.077, 115.864, 22.9903, 0, 0, 0
1298, 0, 170.26, 115.318, 22.7478, 0, 0, 0
1299, 0, 168.442, 114.773, 22.5051, 0, 0, 0
1300, 0, 166.625, 114.227, 22.2618, 0, 0, 0
1301, 0, 164.807, 113.681, 22.0192, 0, 0, 0
1302, 0, 162.99, 113.136, 21.7643, 0, 0, 0
1303, 0, 161.172, 112.59, 21.5451, 0, 0, 0
1304, 0, 159.355, 112.044, 21.2906, 0, 0, 0
1305, 0, 177.53, 118.436, 23.6938, 0, 0, 0
1306, 0, 175.712, 117.891, 23.451, 0, 0, 0
1307, 0, 173.895, 117.345, 23.2088, 0, 0, 0
1308, 0, 172.077, 116.799, 22.9534, 0, 0, 0
1309, 0, 170.26, 116.254, 22.7353, 0, 0, 0
1310, 0, 168.442, 115.708, 22.4808, 0, 0, 0
1311, 0, 166.625, 115.162, 22.226, 0, 0, 0
1312, 0, 164.807, 114.617, 22.0077, 0, 0, 0
1313, 0, 162.99, 114.071, 21.7413, 0, 0, 0
1314, 0, 161.172, 113.525, 21.5105, 0, 0, 0
1315, 0, 159.355, 112.98, 21.2675, 0, 0, 0
1316, 0, 177.53, 119.371, 23.6938, 0, 0, 0
1317, 0, 175.712, 118.825, 23.4381, 0, 0, 0
1318, 0, 173.895, 118.279, 23.2209, 0, 0, 0
1319, 0, 172.077, 117.734, 22.9534, 0, 0, 0
1320, 0, 170.26, 117.188, 22.7234, 0, 0, 0
1321, 0, 168.442, 116.642, 22.4931, 0, 0, 0
1322, 0, 166.625, 116.097, 22.2261, 0, 0, 0
1323, 0, 164.807, 115.551, 21.9956, 0, 0, 0
1324, 0, 162.99, 115.005, 21.7527, 0, 0, 0
1325, 0, 161.172, 114.46, 21.5106, 0, 0, 0
1326, 0, 159.355, 113.914, 21.2564, 0, 0, 0
1327, 0, 177.53, 120.306, 23.7192, 0, 0, 0
1328, 0, 175.712, 119.76, 23.4636, 0, 0, 0
1329, 0, 173.895, 119.214, 23.2212, 0, 0, 0
1330, 0, 172.077, 118.669, 22.978, 0, 0, 0
1331, 0, 170.26, 118.123, 22.7475, 0, 0, 0
1332, 0, 168.442, 117.577, 22.4928, 0, 0, 0
1333, 0, 166.625, 117.032, 22.2499, 0, 0, 0
1334, 0, 164.807, 116.486, 22.0195, 0, 0, 0
1335, 0, 162.99, 115.94, 21.7529, 0, 0, 0
1336, 0, 161.172, 115.395, 21.5336, 0, 0, 0
1337, 0, 159.355, 114.849, 21.2789, 0, 0, 0
1338, 0, 177.53, 121.241, 23.6938, 0, 0, 0
1339, 0, 175.712, 120.695, 23.4381, 0, 0, 0
1340, 0, 173.895, 120.149, 23.2209, 0, 0, 0
1341, 0, 172.077, 119.604, 22.9534, 0, 0, 0
1342, 0, 170.26, 119.058, 22.7234, 0, 0, 0
1343, 0, 168.442, 118.512, 22.4931, 0, 0, 0
1344, 0, 166.625, 117.967, 22.2261, 0, 0, 0
1345, 0, 164.807, 117.421, 21.9956, 0, 0, 0
1346, 0, 162.99, 116.875, 21.7527, 0, 0, 0
1347, 0, 161.172, 116.33, 21.5106, 0, 0, 0
1348, 0, 159.355, 115.784, 21.245, 0, 0, 0
1349, 0, 177.53, 122.175, 23.7065, 0, 0, 0
1350, 0, 175.712, 121.63, 23.4384, 0, 0, 0
1351, 0, 173.895, 121.084, 23.2087, 0, 0, 0
1352, 0, 172.077, 120.538, 22.9657, 0, 0, 0
1353, 0, 170.26, 119.993, 22.7232, 0, 0, 0
1354, 0, 168.442, 119.447, 22.4687, 0, 0, 0
1355, 0, 166.625, 118.901, 22.226, 0, 0, 0
1356, 0, 164.807, 118.356, 21.9959, 0, 0, 0
1357, 0, 162.99, 117.81, 21.7296, 0, 0, 0
1358, 0, 161.172, 117.264, 21.5105, 0, 0, 0
1359, 0, 159.355, 116.719, 21.2675, 0, 0, 0
1360, 0, 177.53, 123.11, 23.7065, 0, 0, 0
1361, 0, 175.712, 122.565, 23.4632, 0, 0, 0
1362, 0, 173.895, 122.019, 23.2333, 0, 0, 0
1363, 0, 172.077, 121.474, 22.9657, 0, 0, 0
1364, 0, 170.26, 120.928, 22.7356, 0, 0, 0
1365, 0, 168.442, 120.382, 22.5051, 0, 0, 0
1366, 0, 166.625, 119.836, 22.2499, 0, 0, 0
1367, 0, 164.807, 119.291, 22.0074, 0, 0, 0
1368, 0, 162.99, 118.745, 21.7643, 0, 0, 0
1369, 0, 161.172, 118.199, 21.5336, 0, 0, 0
1370, 0, 159.355, 117.654, 21.2678, 0, 0, 0
1371, 0, 177.53, 124.046, 23.7065, 0, 0, 0
1372, 0, 175.712, 123.5, 23.4384, 0, 0, 0
1373, 0, 173.895, 122.954, 23.1963, 0, 0, 0
1374, 0, 172.077, 122.408, 22.9534, 0, 0, 0
1375, 0, 170.26, 121.863, 22.7353, 0, 0, 0
1376, 0, 168.442, 121.317, 22.4808, 0, 0, 0
1377, 0, 166.625, 120.771, 22.226, 0, 0, 0
1378, 0, 164.807, 120.226, 22.0077, 0, 0, 0
1379, 0, 162.99, 119.68, 21.7413, 0, 0, 0
1380, 0, 161.172, 119.134, 21.5105, 0, 0, 0
1381, 0, 159.355, 118.589, 21.2675, 0, 0, 0
1382, 0, 177.53, 124.979, 23.6303, 0, 0, 0
1383, 0, 175.712, 124.433, 23.3879, 0, 0, 0
1384, 0, 173.895, 123.888, 23.1713, 0, 0, 0
1385, 0, 172.077, 123.342, 22.9044, 0, 0, 0
1386, 0, 170.26, 122.796, 22.6747, 0, 0, 0
1387, 0, 168.442, 122.25, 22.4449, 0, 0, 0
1388, 0, 166.625, 121.705, 22.1785, 0, 0, 0
1389, 0, 164.807, 121.159, 21.9484, 0, 0, 0
1390, 0, 162.99, 120.614, 21.7062, 0, 0, 0
1391, 0, 161.172, 120.068, 21.4646, 0, 0, 0
1392, 0, 159.355, 119.522, 21.2108, 0, 0, 0
1393, 0, 177.53, 125.849, 20.4865, 0, 0, 0
1394, 0, 175.712, 125.303, 20.2655, 0, 0, 0
1395, 0, 173.895, 124.758, 20.067, 0, 0, 0
1396, 0, 172.077, 124.212, 19.8463, 0, 0, 0
1397, 0, 170.26, 123.667, 19.6474, 0, 0, 0
1398, 0, 168.442, 123.121, 19.4378, 0, 0, 0
1399, 0, 166.625, 122.575, 19.2174, 0, 0, 0
1400, 0, 164.807, 122.029, 19.0183, 0, 0, 0
1401, 0, 162.99, 121.484, 18.7982, 0, 0, 0
1402, 0, 161.172, 120.938, 18.5988, 0, 0, 0
1403, 0, 159.355, 120.393, 18.3789, 0, 0, 0
1404, 0, 177.53, 126.595, 17.3425, 0, 0, 0
1405, 0, 175.712, 126.049, 17.1556, 0, 0, 0
1406, 0, 173.895, 125.504, 16.9875, 0, 0, 0
1407, 0, 172.077, 124.958, 16.8005, 0, 0, 0
1408, 0, 170.26, 124.412, 16.62, 0, 0, 0
1409, 0, 168.442, 123.867, 16.4426, 0, 0, 0
1410, 0, 166.625, 123.321, 16.2682, 0, 0, 0
1411, 0, 164.807, 122.775, 16.088, 0, 0, 0
1412, 0, 162.99, 122.23, 15.9017, 0, 0, 0
1413, 0, 161.172, 121.684, 15.7445, 0, 0, 0
1414, 0, 159.355, 121.138, 15.547, 0, 0, 0
1415, 0, 177.53, 127.239, 15.289, 0, 0, 0
1416, 0, 175.712, 126.693, 15.124, 0, 0, 0
1417, 0, 173.895, 126.148, 14.9756, 0, 0, 0
1418, 0, 172.077, 125.602, 14.8109, 0, 0, 0
1419, 0, 170.26, 125.056, 14.6746, 0, 0, 0
1420, 0, 168.442, 124.51, 14.5183, 0, 0, 0
1421, 0, 166.625, 123.965, 14.3419, 0, 0, 0
1422, 0, 164.807, 123.419, 14.1931, 0, 0, 0
1423, 0, 162.99, 122.873, 14.0287, 0, 0, 0
1424, 0, 161.172, 122.328, 13.8799, 0, 0, 0
1425, 0, 159.355, 121.781, 13.7159, 0, 0, 0
1426, 0, 177.53, 127.821, 14.2619, 0, 0, 0
1427, 0, 175.712, 127.276, 14.1082, 0, 0, 0
1428, 0, 173.895, 126.73, 13.9575, 0, 0, 0
1429, 0, 172.077, 126.184, 13.804, 0, 0, 0
1430, 0, 170.26, 125.638, 13.6656, 0, 0, 0
1431, 0, 168.442, 125.093, 13.5197, 0, 0, 0
1432, 0, 166.625, 124.547, 13.3664, 0, 0, 0
1433, 0, 164.807, 124.001, 13.2398, 0, 0, 0
1434, 0, 162.99, 123.456, 13.0866, 0, 0, 0
1435, 0, 161.172, 122.91, 12.9363, 0, 0, 0
1436, 0, 159.355, 122.364, 12.7947, 0, 0, 0
1437, 0, 177.53, 128.383, 14.2112, 0, 0, 0
1438, 0, 175.712, 127.837, 14.0579, 0, 0, 0
1439, 0, 173.895, 127.292, 13.9326, 0, 0, 0
1440, 0, 172.077, 126.745, 13.7794, 0, 0, 0
1441, 0, 170.26, 126.2, 13.6413, 0, 0, 0
1442, 0, 168.442, 125.654, 13.4959, 0, 0, 0
1443, 0, 166.625, 125.109, 13.3429, 0, 0, 0
1444, 0, 164.807, 124.563, 13.2045, 0, 0, 0
1445, 0, 162.99, 124.018, 13.0517, 0, 0, 0
1446, 0, 161.172, 123.471, 12.9132, 0, 0, 0
1447, 0, 159.355, 122.926, 12.7492, 0, 0, 0
1448, 0, 177.53, 128.944, 14.2239, 0, 0, 0
1449, 0, 175.712, 128.398, 14.0579, 0, 0, 0
1450, 0, 173.895, 127.852, 13.9077, 0, 0, 0
1451, 0, 172.077, 127.306, 13.7671, 0, 0, 0
1452, 0, 170.26, 126.761, 13.6293, 0, 0, 0
1453, 0, 168.442, 126.215, 13.4718, 0, 0, 0
1454, 0, 166.625, 125.669, 13.3308, 0, 0, 0
1455, 0, 164.807, 125.124, 13.1927, 0, 0, 0
1456, 0, 162.99, 124.578, 13.0284, 0, 0, 0
1457, 0, 161.172, 124.032, 12.9017, 0, 0, 0
1458, 0, 159.355, 123.486, 12.7607, 0, 0, 0
1459, 0, 177.53, 129.504, 14.1985, 0, 0, 0
1460, 0, 175.712, 128.958, 14.0579, 0, 0, 0
1461, 0, 173.895, 128.412, 13.9326, 0, 0, 0
1462, 0, 172.077, 127.867, 13.7673, 0, 0, 0
1463, 0, 170.26, 127.321, 13.6292, 0, 0, 0
1464, 0, 168.442, 126.776, 13.4957, 0, 0, 0
1465, 0, 166.625, 126.23, 13.3309, 0, 0, 0
1466, 0, 164.807, 125.684, 13.1927, 0, 0, 0
1467, 0, 162.99, 125.138, 13.0517, 0, 0, 0
1468, 0, 161.172, 124.593, 12.9019, 0, 0, 0
1469, 0, 159.355, 124.047, 12.7493, 0, 0, 0
1470, 0, 177.53, 130.065, 14.2492, 0, 0, 0
1471, 0, 175.712, 129.519, 14.0831, 0, 0, 0
1472, 0, 173.895, 128.974, 13.945, 0, 0, 0
1473, 0, 172.077, 128.428, 13.804, 0, 0, 0
1474, 0, 170.26, 127.882, 13.6535, 0, 0, 0
1475, 0, 168.442, 127.337, 13.5078, 0, 0, 0
1476, 0, 166.625, 126.791, 13.3666, 0, 0, 0
1477, 0, 164.807, 126.245, 13.2163, 0, 0, 0
1478, 0, 162.99, 125.699, 13.0517, 0, 0, 0
1479, 0, 161.172, 125.154, 12.9247, 0, 0, 0
1480, 0, 159.355, 124.608, 12.772, 0, 0, 0
1481, 0, 177.53, 130.626, 14.1985, 0, 0, 0
1482, 0, 175.712, 130.08, 14.0579, 0, 0, 0
1483, 0, 173.895, 129.535, 13.9203, 0, 0, 0
1484, 0, 172.077, 128.989, 13.7549, 0, 0, 0
1485, 0, 170.26, 128.443, 13.6169, 0, 0, 0
1486, 0, 168.442, 127.898, 13.4716, 0, 0, 0
1487, 0, 166.625, 127.352, 13.3189, 0, 0, 0
1488, 0, 164.807, 126.806, 13.1809, 0, 0, 0
1489, 0, 162.99, 126.26, 13.0401, 0, 0, 0
1490, 0, 161.172, 125.715, 12.9019, 0, 0, 0
1491, 0, 159.355, 125.169, 12.7378, 0, 0, 0
1492, 0, 177.53, 131.186, 14.2239, 0, 0, 0
1493, 0, 175.712, 130.641, 14.0705, 0, 0, 0
1494, 0, 173.895, 130.095, 13.9326, 0, 0, 0
1495, 0, 172.077, 129.55, 13.7794, 0, 0, 0
1496, 0, 170.26, 129.004, 13.6534, 0, 0, 0
1497, 0, 168.442, 128.458, 13.5078, 0, 0, 0
1498, 0, 166.625, 127.912, 13.3428, 0, 0, 0
1499, 0, 164.807, 127.367, 13.2162, 0, 0, 0
1500, 0, 162.99, 126.821, 13.0633, 0, 0, 0
1501, 0, 161.172, 126.276, 12.9132, 0, 0, 0
1502, 0, 159.355, 125.73, 12.7719, 0, 0, 0
1503, 0, 177.53, 131.738, 13.7676, 0, 0, 0
1504, 0, 175.712, 131.193, 13.6193, 0, 0, 0
1505, 0, 173.895, 130.648, 13.4857, 0, 0, 0
1506, 0, 172.077, 130.102, 13.3372, 0, 0, 0
1507, 0, 170.26, 129.556, 13.1914, 0, 0, 0
1508, 0, 168.442, 129.01, 13.0506, 0, 0, 0
1509, 0, 166.625, 128.464, 12.9146, 0, 0, 0
1510, 0, 164.807, 127.919, 12.7692, 0, 0, 0
1511, 0, 162.99, 127.373, 12.6213, 0, 0, 0
1512, 0, 161.172, 126.828, 12.4989, 0, 0, 0
1513, 0, 159.355, 126.282, 12.3398, 0, 0, 0
1514, 0, 177.53, 132.179, 8.56983, 0, 0, 0
1515, 0, 175.712, 131.634, 8.47726, 0, 0, 0
1516, 0, 173.895, 131.088, 8.3942, 0, 0, 0
1517, 0, 172.077, 130.542, 8.30203, 0, 0, 0
1518, 0, 170.26, 129.996, 8.23112, 0, 0, 0
1519, 0, 168.442, 129.451, 8.14335, 0, 0, 0
1520, 0, 166.625, 128.905, 8.03911, 0, 0, 0
1521, 0, 164.807, 128.359, 7.95566, 0, 0, 0
1522, 0, 162.99, 127.814, 7.86344, 0, 0, 0
1523, 0, 161.172, 127.268, 7.78004, 0, 0, 0
1524, 0, 159.355, 126.722, 7.68821, 0, 0, 0
1525, 0, 216.757, -83.4803, 17.1734, 0, 0, 0
1526, 0, 216.316, -83.4803, 27.5326, 0, 0, 0
1527, 0, 215.765, -83.4803, 28.3222, 0, 0, 0
1528, 0, 215.205, -83.4803, 28.2486, 0, 0, 0
1529, 0, 214.645, -83.4803, 28.2254, 0, 0, 0
1530, 0, 214.084, -83.4803, 28.1015, 0, 0, 0
1531, 0, 213.524, -83.4803, 28.0279, 0, 0, 0
1532, 0, 212.964, -83.4803, 28.0044, 0, 0, 0
1533, 0, 212.402, -83.4803, 27.9805, 0, 0, 0
1534, 0, 211.82, -83.4803, 29.8901, 0, 0, 0
1535, 0, 211.178, -83.4803, 33.8084, 0, 0, 0
1536, 0, 210.432, -83.4803, 39.8549, 0, 0, 0
1537, 0, 209.562, -83.4803, 45.7814, 0, 0, 0
1538, 0, 208.629, -83.4803, 45.6755, 0, 0, 0
1539, 0, 207.695, -83.4803, 45.471, 0, 0, 0
1540, 0, 206.761, -83.4803, 45.2664, 0, 0, 0
1541, 0, 205.827, -83.4803, 45.0608, 0, 0, 0
1542, 0, 204.893, -83.4803, 44.9056, 0, 0, 0
1543, 0, 203.958, -83.4803, 44.6529, 0, 0, 0
1544, 0, 203.024, -83.4803, 44.4485, 0, 0, 0
1545, 0, 202.09, -83.4803, 44.2902, 0, 0, 0
1546, 0, 201.155, -83.4803, 44.0392, 0, 0, 0
1547, 0, 200.252, -83.4803, 40.9312, 0, 0, 0
1548, 0, 199.454, -83.4803, 33.8488, 0, 0, 0
1549, 0, 198.777, -83.4803, 29.3538, 0, 0, 0
1550, 0, 198.177, -83.4803, 26.4781, 0, 0, 0
1551, 0, 197.611, -83.4803, 25.9857, 0, 0, 0
1552, 0, 197.051, -83.4803, 25.8657, 0, 0, 0
1553, 0, 196.491, -83.4803, 25.8383, 0, 0, 0
1554, 0, 195.93, -83.4803, 25.7186, 0, 0, 0
1555, 0, 195.37, -83.4803, 25.6455, 0, 0, 0
1556, 0, 194.81, -83.4803, 25.5258, 0, 0, 0
1557, 0, 194.308, -83.4803, 20.359, 0, 0, 0
1558, 0, 193.909, -83.4803, 15.9538, 0, 0, 0
1559, 0, 193.584, -83.4803, 13.5675, 0, 0, 0
1560, 0, 216.757, -80.4965, 17.1728, 0, 0, 0
1561, 0, 216.316, -80.4965, 27.5317, 0, 0, 0
1562, 0, 215.765, -80.4965, 28.3212, 0, 0, 0
1563, 0, 215.205, -80.4965, 28.2477, 0, 0, 0
1564, 0, 214.645, -80.4965, 28.2245, 0, 0, 0
1565, 0, 214.084, -80.4965, 28.1005, 0, 0, 0
1566, 0, 213.524, -80.4965, 28.027, 0, 0, 0
1567, 0, 212.964, -80.4965, 28.0034, 0, 0, 0
1568, 0, 212.402, -80.4965, 27.9795, 0, 0, 0
1569, 0, 211.82, -80.4965, 29.8891, 0, 0, 0
1570, 0, 211.178, -80.4965, 33.8073, 0, 0, 0
1571, 0, 210.432, -80.4965, 39.8536, 0, 0, 0
1572, 0, 209.562, -80.4965, 45.7798, 0, 0, 0
1573, 0, 208.629, -80.4965, 45.6739, 0, 0, 0
1574, 0, 207.695, -80.4965, 45.4694, 0, 0, 0
1575, 0, 206.761, -80.4965, 45.2649, 0, 0, 0
1576, 0, 205.827, -80.4965, 45.0593, 0, 0, 0
1577, 0, 204.893, -80.4965, 44.904, 0, 0, 0
1578, 0, 203.958, -80.4965, 44.6514, 0, 0, 0
1579, 0, 203.024, -80.4965, 44.447, 0, 0, 0
1580, 0, 202.09, -80.4965, 44.2887, 0, 0, 0
1581, 0, 201.155, -80.4965, 44.0377, 0, 0, 0
1582, 0, 200.252, -80.4965, 40.9298, 0, 0, 0
1583, 0, 199.454, -80.4965, 33.8477, 0, 0, 0
1584, 0, 198.777, -80.4965, 29.3528, 0, 0, 0
1585, 0, 198.177, -80.4965, 26.4772, 0, 0, 0
1586, 0, 197.611, -80.4965, 25.9848, 0, 0, 0
1587, 0, 197.051, -80.4965, 25.8648, 0, 0, 0
1588, 0, 196.491, -80.4965, 25.8374, 0, 0, 0
1589, 0, 195.93, -80.4965, 25.7177, 0, 0, 0
1590, 0, 195.37, -80.4965, 25.6447, 0, 0, 0
1591, 0, 194.81, -80.4965, 25.525, 0, 0, 0
1592, 0, 194.308, -80.4965, 20.3583, 0, 0, 0
1593, 0, 193.909, -80.4965, 15.9532, 0, 0, 0
1594, 0, 193.584, -80.4965, 13.567, 0, 0, 0
1595, 0, 216.757, -77.5128, 17.1728, 0, 0, 0
1596, 0, 216.316, -77.5128, 27.5317, 0, 0, 0
1597, 0, 215.765, -77.5128, 28.3212, 0, 0, 0
1598, 0, 215.205, -77.5128, 28.2477, 0, 0, 0
1599, 0, 214.645, -77.5128, 28.2245, 0, 0, 0
1600, 0, 214.084, -77.5128, 28.1005, 0, 0, 0
1601, 0, 213.524, -77.5128, 28.027, 0, 0, 0
1602, 0, 212.964, -77.5128, 28.0034, 0, 0, 0
1603, 0, 212.402, -77.5128, 27.9795, 0, 0, 0
1604, 0, 211.82, -77.5128, 29.8891, 0, 0, 0
1605, 0, 211.178, -77.5128, 33.8073, 0, 0, 0
1606, 0, 210.432, -77.5128, 39.8536, 0, 0, 0
1607, 0, 209.562, -77.5128, 45.7798, 0, 0, 0
1608, 0, 208.629, -77.5128, 45.6739, 0, 0, 0
1609, 0, 207.695, -77.5128, 45.4694, 0, 0, 0
1610, 0, 206.761, -77.5128, 45.2649, 0, 0, 0
1611, 0, 205.827, -77.5128, 45.0593, 0, 0, 0
1612, 0, 204.893, -77.5128, 44.904, 0, 0, 0
1613, 0, 203.958, -77.5128, 44.6514, 0, 0, 0
1614, 0, 203.024, -77.5128, 44.447, 0, 0, 0
1615, 0, 202.09, -77.5128, 44.2887, 0, 0, 0
1616, 0, 201.155, -77.5128, 44.0377, 0, 0, 0
1617, 0, 200.252, -77.5128, 40.9298, 0, 0, 0
1618, 0, 199.454, -77.5128, 33.8477, 0, 0, 0
1619, 0, 198.777, -77.5128, 29.3528, 0, 0, 0
1620, 0, 198.177, -77.5128, 26.4772, 0, 0, 0
1621, 0, 197.611, -77.5128, 25.9848, 0, 0, 0
1622, 0, 197.051, -77.5128, 25.8648, 0, 0, 0
1623, 0, 196.491, -77.5128, 25.8374, 0, 0, 0
1624, 0, 195.93, -77.5128, 25.7177, 0, 0, 0
1625, 0, 195.37, -77.5128, 25.6447, 0, 0, 0
1626, 0, 194.81, -77.5128, 25.525, 0, 0, 0
1627, 0, 194.308, -77.5128, 20.3583, 0, 0, 0
1628, 0, 193.909, -77.5128, 15.9532, 0, 0, 0
1629, 0, 193.584, -77.5128, 13.567, 0, 0, 0
1630, 0, 216.757, -74.5291, 17.1734, 0, 0, 0
1631, 0, 216.316, -74.5291, 27.5326, 0, 0, 0
1632, 0, 215.765, -74.5291, 28.3221, 0, 0, 0
1633, 0, 215.205, -74.5291, 28.2486, 0, 0, 0
1634, 0, 214.645, -74.5291, 28.2254, 0, 0, 0
1635, 0, 214.084, -74.5291, 28.1014, 0, 0, 0
1636, 0, 213.524, -74.5291, 28.0279, 0, 0, 0
1637, 0, 212.964, -74.5291, 28.0043, 0, 0, 0
1638, 0, 212.402, -74.5291, 27.9804, 0, 0, 0
1639, 0, 211.82, -74.5291, 29.8901, 0, 0, 0
1640, 0, 211.178, -74.5291, 33.8084, 0, 0, 0
1641, 0, 210.432, -74.5291, 39.8549, 0, 0, 0
1642, 0, 209.562, -74.5291, 45.7813, 0, 0, 0
1643, 0, 208.629, -74.5291, 45.6754, 0, 0, 0
1644, 0, 207.695, -74.5291, 45.4709, 0, 0, 0
1645, 0, 206.761, -74.5291, 45.2663, 0, 0, 0
1646, 0, 205.827, -74.5291, 45.0608, 0, 0, 0
1647, 0, 204.893, -74.5291, 44.9055, 0, 0, 0
1648, 0, 203.958, -74.5291, 44.6528, 0, 0, 0
1649, 0, 203.024, -74.5291, 44.4484, 0, 0, 0
1650, 0, 202.09, -74.5291, 44.2901, 0, 0, 0
1651, 0, 201.155, -74.5291, 44.0391, 0, 0, 0
1652, 0, 200.252, -74.5291, 40.9311, 0, 0, 0
1653, 0, 199.454, -74.5291, 33.8488, 0, 0, 0
1654, 0, 198.777, -74.5291, 29.3537, 0, 0, 0
1655, 0, 198.177, -74.5291, 26.478, 0, 0, 0
1656, 0, 197.611, -74.5291, 25.9856, 0, 0, 0
1657, 0, 197.051, -74.5291, 25.8657, 0, 0, 0
1658, 0, 196.491, -74.5291, 25.8382, 0, 0, 0
1659, 0, 195.93, -74.5291, 25.7185, 0, 0, 0
1660, 0, 195.37, -74.5291, 25.6455, 0, 0, 0
1661, 0, 194.81, -74.5291, 25.5258, 0, 0, 0
1662, 0, 194.308, -74.5291, 20.3589, 0, 0, 0
1663, 0, 193.909, -74.5291, 15.9537, 0, 0, 0
1664, 0, 193.584, -74.5291, 13.5674, 0, 0, 0
1665, 0, 216.757, -71.5454, 17.1728, 0, 0, 0
1666, 0, 216.316, -71.5454, 27.5317, 0, 0, 0
1667, 0, 215.765, -71.5454, 28.3212, 0, 0, 0
1668, 0, 215.205, -71.5454, 28.2477, 0, 0, 0
1669, 0, 214.645, -71.5454, 28.2245, 0, 0, 0
1670, 0, 214.084, -71.5454, 28.1005, 0, 0, 0
1671, 0, 213.524, -71.5454, 28.027, 0, 0, 0
1672, 0, 212.964, -71.5454, 28.0034, 0, 0, 0
1673, 0, 212.402, -71.5454, 27.9795, 0, 0, 0
1674, 0, 211.82, -71.5454, 29.8891, 0, 0, 0
1675, 0, 211.178, -71.5454, 33.8073, 0, 0, 0
1676, 0, 210.432, -71.5454, 39.8536, 0, 0, 0
1677, 0, 209.562, -71.5454, 45.7798, 0, 0, 0
1678, 0, 208.629, -71.5454, 45.6739, 0, 0, 0
1679, 0, 207.695, -71.5454, 45.4694, 0, 0, 0
1680, 0, 206.761, -71.5454, 45.2649, 0, 0, 0
1681, 0, 205.827, -71.5454, 45.0593, 0, 0, 0
1682, 0, 204.893, -71.5454, 44.904, 0, 0, 0
1683, 0, 203.958, -71.5454, 44.6514, 0, 0, 0
1684, 0, 203.024, -71.5454, 44.447, 0, 0, 0
1685, 0, 202.09, -71.5454, 44.2887, 0, 0, 0
1686, 0, 201.155, -71.5454, 44.0377, 0, 0, 0
1687, 0, 200.252, -71.5454, 40.9298, 0, 0, 0
1688, 0, 199.454, -71.5454, 33.8477, 0, 0, 0
1689, 0, 198.777, -71.5454, 29.3528, 0, 0, 0
1690, 0, 198.177, -71.5454, 26.4772, 0, 0, 0
1691, 0, 197.611, -71.5454, 25.9848, 0, 0, 0
1692, 0, 197.051, -71.5454, 25.8648, 0, 0, 0
1693, 0, 196.491, -71.5454, 25.8374, 0, 0, 0
1694, 0, 195.93, -71.5454, 25.7177, 0, 0, 0
1695, 0, 195.37, -71.5454, 25.6447, 0, 0, 0
1696, 0, 194.81, -71.5454, 25.525, 0, 0, 0
1697, 0, 194.308, -71.5454, 20.3583, 0, 0, 0
1698, 0, 193.909, -71.5454, 15.9532, 0, 0, 0
1699, 0, 193.584, -71.5454, 13.567, 0, 0, 0
1700, 0, 216.757, -68.5616, 17.1728, 0, 0, 0
1701, 0, 216.316, -68.5616, 27.5317, 0, 0, 0
1702, 0, 215.765, -68.5616, 28.3212, 0, 0, 0
1703, 0, 215.205, -68.5616, 28.2477, 0, 0, 0
1704, 0, 214.645, -68.5616, 28.2245, 0, 0, 0
1705, 0, 214.084, -68.5616, 28.1005, 0, 0, 0
1706, 0, 213.524, -68.5616, 28.027, 0, 0, 0
1707, 0, 212.964, -68.5616, 28.0034, 0, 0, 0
1708, 0, 212.402, -68.5616, 27.9795, 0, 0, 0
1709, 0, 211.82, -68.5616, 29.8891, 0, 0, 0
1710, 0, 211.178, -68.5616, 33.8073, 0, 0, 0
1711, 0, 210.432, -68.5616, 39.8536, 0, 0, 0
1712, 0, 209.562, -68.5616, 45.7798, 0, 0, 0
1713, 0, 208.629, -68.5616, 45.6739, 0, 0, 0
1714, 0, 207.695, -68.5616, 45.4694, 0, 0, 0
1715, 0, 206.761, -68.5616, 45.2649, 0, 0, 0
1716, 0, 205.827, -68.5616, 45.0593, 0, 0, 0
1717, 0, 204.893, -68.5616, 44.904, 0, 0, 0
1718, 0, 203.958, -68.5616, 44.6514, 0, 0, 0
1719, 0, 203.024, -68.5616, 44.447, 0, 0, 0
1720, 0, 202.09, -68.5616, 44.2887, 0, 0, 0
1721, 0, 201.155, -68.5616, 44.0377, 0, 0, 0
1722, 0, 200.252, -68.5616, 40.9298, 0, 0, 0
1723, 0, 199.454, -68.5616, 33.8477, 0, 0, 0
1724, 0, 198.777, -68.5616, 29.3528, 0, 0, 0
1725, 0, 198.177, -68.5616, 26.4772, 0, 0, 0
1726, 0, 197.611, -68.5616, 25.9848, 0, 0, 0
1727, 0, 197.051, -68.5616, 25.8648, 0, 0, 0
1728, 0, 196.491, -68.5616, 25.8374, 0, 0, 0
1729, 0, 195.93, -68.5616, 25.7177, 0, 0, 0
1730, 0, 195.37, -68.5616, 25.6447, 0, 0, 0
1731, 0, 194.81, -68.5616, 25.525, 0, 0, 0
1732, 0, 194.308, -68.5616, 20.3583, 0, 0, 0
1733, 0, 193.909, -68.5616, 15.9532, 0, 0, 0
1734, 0, 193.584, -68.5616, 13.567, 0, 0, 0
1735, 0, 216.757, -65.5779, 17.1734, 0, 0, 0
1736, 0, 216.316, -65.5779, 27.5326, 0, 0, 0
1737, 0, 215.765, -65.5779, 28.3221, 0, 0, 0
1738, 0, 215.205, -65.5779, 28.2486, 0, 0, 0
1739, 0, 214.645, -65.5779, 28.2254, 0, 0, 0
1740, 0, 214.084, -65.5779, 28.1014, 0, 0, 0
1741, 0, 213.524, -65.5779, 28.0279, 0, 0, 0
1742, 0, 212.964, -65.5779, 28.0043, 0, 0, 0
1743, 0, 212.402, -65.5779, 27.9804, 0, 0, 0
1744, 0, 211.82, -65.5779, 29.8901, 0, 0, 0
1745, 0, 211.178, -65.5779, 33.8084, 0, 0, 0
1746, 0, 210.432, -65.5779, 39.8549, 0, 0, 0
1747, 0, 209.562, -65.5779, 45.7813, 0, 0, 0
1748, 0, 208.629, -65.5779, 45.6754, 0, 0, 0
1749, 0, 207.695, -65.5779, 45.4709, 0, 0, 0
1750, 0, 206.761, -65.5779, 45.2663, 0, 0, 0
1751, 0, 205.827, -65.5779, 45.0608, 0, 0, 0
1752, 0, 204.893, -65.5779, 44.9055, 0, 0, 0
1753, 0, 203.958, -65.5779, 44.6528, 0, 0, 0
1754, 0, 203.024, -65.5779, 44.4484, 0, 0, 0
1755, 0, 202.09, -65.5779, 44.2901, 0, 0, 0
1756, 0, 201.155, -65.5779, 44.0391, 0, 0, 0
1757, 0, 200.252, -65.5779, 40.9311, 0, 0, 0
1758, 0, 199.454, -65.5779, 33.8488, 0, 0, 0
1759, 0, 198.777, -65.5779, 29.3537, 0, 0, 0
1760, 0, 198.177, -65.5779, 26.478, 0, 0, 0
1761, 0, 197.611, -65.5779, 25.9856, 0, 0, 0
1762, 0, 197.051, -65.5779, 25.8657, 0, 0, 0
1763, 0, 196.491, -65.5779, 25.8382, 0, 0, 0
1764, 0, 195.93, -65.5779, 25.7185, 0, 0, 0
1765, 0, 195.37, -65.5779, 25.6455, 0, 0, 0
1766, 0, 194.81, -65.5779, 25.5258, 0, 0, 0
1767, 0, 194.308, -65.5779, 20.3589, 0, 0, 0
1768, 0, 193.909, -65.5779, 15.9537, 0, 0, 0
1769, 0, 193.584, -65.5779, 13.5674, 0, 0, 0
1770, 0, 216.757, -62.5942, 17.1728, 0, 0, 0
1771, 0, 216.316, -62.5942, 27.5317, 0, 0, 0
1772, 0, 215.765, -62.5942, 28.3212, 0, 0, 0
1773, 0, 215.205, -62.5942, 28.2477, 0, 0, 0
1774, 0, 214.645, -62.5942, 28.2245, 0, 0, 0
1775, 0, 214.084, -62.5942, 28.1005, 0, 0, 0
1776, 0, 213.524, -62.5942, 28.027, 0, 0, 0
1777, 0, 212.964, -62.5942, 28.0034, 0, 0, 0
1778, 0, 212.402, -62.5942, 27.9795, 0, 0, 0
1779, 0, 211.82, -62.5942, 29.8891, 0, 0, 0
1780, 0, 211.178, -62.5942, 33.8073, 0, 0, 0
1781, 0, 210.432, -62.5942, 39.8536, 0, 0, 0
1782, 0, 209.562, -62.5942, 45.7798, 0, 0, 0
1783, 0, 208.629, -62.5942, 45.6739, 0, 0, 0
1784, 0, 207.695, -62.5942, 45.4694, 0, 0, 0
1785, 0, 206.761, -62.5942, 45.2649, 0, 0, 0
1786, 0, 205.827, -62.5942, 45.0593, 0, 0, 0
1787, 0, 204.893, -62.5942, 44.904, 0, 0, 0
1788, 0, 203.958, -62.5942, 44.6514, 0, 0, 0
1789, 0, 203.024, -62.5942, 44.447, 0, 0, 0
1790, 0, 202.09, -62.5942, 44.2887, 0, 0, 0
1791, 0, 201.155, -62.5942, 44.0377, 0, 0, 0
1792, 0, 200.252, -62.5942, 40.9298, 0, 0, 0
1793, 0, 199.454, -62.5942, 33.8477, 0, 0, 0
1794, 0, 198.777, -62.5942, 29.3528, 0, 0, 0
1795, 0, 198.177, -62.5942, 26.4772, 0, 0, 0
1796, 0, 197.611, -62.5942, 25.9848, 0, 0, 0
1797, 0, 197.051, -62.5942, 25.8648, 0, 0, 0
1798, 0, 196.491, -62.5942, 25.8374, 0, 0, 0
1799, 0, 195.93, -62.5942, 25.7177, 0, 0, 0
1800, 0, 195.37, -62.5942, 25.6447, 0, 0, 0
1801, 0, 194.81, -62.5942, 25.525, 0, 0, 0
1802, 0, 194.308, -62.5942, 20.3583, 0, 0, 0
1803, 0, 193.909, -62.5942, 15.9532, 0, 0, 0
1804, 0, 193.584, -62.5942, 13.567, 0, 0, 0
1805, 0, 216.757, -59.6105, 17.1728, 0, 0, 0
1806, 0, 216.316, -59.6105, 27.5317, 0, 0, 0
1807, 0, 215.765, -59.6105, 28.3212, 0, 0, 0
1808, 0, 215.205, -59.6105, 28.2477, 0, 0, 0
1809, 0, 214.645, -59.6105, 28.2245, 0, 0, 0
1810, 0, 214.084, -59.6105, 28.1005, 0, 0, 0
1811, 0, 213.524, -59.6105, 28.027, 0, 0, 0
1812, 0, 212.964, -59.6105, 28.0034, 0, 0, 0
1813, 0, 212.402, -59.6105, 27.9795, 0, 0, 0
1814, 0, 211.82, -59.6105, 29.8891, 0, 0, 0
1815, 0, 211.178, -59.6105, 33.8073, 0, 0, 0
1816, 0, 210.432, -59.6105, 39.8536, 0, 0, 0
1817, 0, 209.562, -59.6105, 45.7798, 0, 0, 0
1818, 0, 208.629, -59.6105, 45.6739, 0, 0, 0
1819, 0, 207.695, -59.6105, 45.4694, 0, 0, 0
1820, 0, 206.761, -59.6105, 45.2649, 0, 0, 0
1821, 0, 205.827, -59.6105, 45.0593, 0, 0, 0
1822, 0, 204.893, -59.6105, 44.904, 0, 0, 0
1823, 0, 203.958, -59.6105, 44.6514, 0, 0, 0
1824, 0, 203.024, -59.6105, 44.447, 0, 0, 0
1825, 0, 202.09, -59.6105, 44.2887, 0, 0, 0
1826, 0, 201.155, -59.6105, 44.0377, 0, 0, 0
1827, 0, 200.252, -59.6105, 40.9298, 0, 0, 0
1828, 0, 199.454, -59.6105, 33.8477, 0, 0, 0
1829, 0, 198.777, -59.6105, 29.3528, 0, 0, 0
1830, 0, 198.177, -59.6105, 26.4772, 0, 0, 0
1831, 0, 197.611, -59.6105, 25.9848, 0, 0, 0
1832, 0, 197.051, -59.6105, 25.8648, 0, 0, 0
1833, 0, 196.491, -59.6105, 25.8374, 0, 0, 0
1834, 0, 195.93, -59.6105, 25.7177, 0, 0, 0
1835, 0, 195.37, -59.6105, 25.6447, 0, 0, 0
1836, 0, 194.81, -59.6105, 25.525, 0, 0, 0
1837, 0, 194.308, -59.6105, 20.3583, 0, 0, 0
1838, 0, 193.909, -59.6105, 15.9532, 0, 0, 0
1839, 0, 193.584, -59.6105, 13.567, 0, 0, 0
1840, 0, 216.757, -56.6267, 17.1734, 0, 0, 0
1841, 0, 216.316, -56.6267, 27.5326, 0, 0, 0
1842, 0, 215.765, -56.6267, 28.3222, 0, 0, 0
1843, 0, 215.205, -56.6267, 28.2486, 0, 0, 0
1844, 0, 214.645, -56.6267, 28.2254, 0, 0, 0
1845, 0, 214.084, -56.6267, 28.1015, 0, 0, 0
1846, 0, 213.524, -56.6267, 28.0279, 0, 0, 0
1847, 0, 212.964, -56.6267, 28.0044, 0, 0, 0
1848, 0, 212.402, -56.6267, 27.9805, 0, 0, 0
1849, 0, 211.82, -56.6267, 29.8901, 0, 0, 0
1850, 0, 211.178, -56.6267, 33.8084, 0, 0, 0
1851, 0, 210.432, -56.6267, 39.8549, 0, 0, 0
1852, 0, 209.562, -56.6267, 45.7814, 0, 0, 0
1853, 0, 208.629, -56.6267, 45.6755, 0, 0, 0
1854, 0, 207.695, -56.6267, 45.471, 0, 0, 0
1855, 0, 206.761, -56.6267, 45.2664, 0, 0, 0
1856, 0, 205.827, -56.6267, 45.0608, 0, 0, 0
1857, 0, 204.893, -56.6267, 44.9056, 0, 0, 0
1858, 0, 203.958, -56.6267, 44.6529, 0, 0, 0
1859, 0, 203.024, -56.6267, 44.4485, 0, 0, 0
1860, 0, 202.09, -56.6267, 44.2902, 0, 0, 0
1861, 0, 201.155, -56.6267, 44.0392, 0, 0, 0
1862, 0, 200.252, -56.6267, 40.9312, 0, 0, 0
1863, 0, 199.454, -56.6267, 33.8488, 0, 0, 0
1864, 0, 198.777, -56.6267, 29.3538, 0, 0, 0
1865, 0, 198.177, -56.6267, 26.4781, 0, 0, 0
1866, 0, 197.611, -56.6267, 25.9857, 0, 0, 0
1867, 0, 197.051, -56.6267, 25.8657, 0, 0, 0
1868, 0, 196.491, -56.6267, 25.8383, 0, 0, 0
1869, 0, 195.93, -56.6267, 25.7186, 0, 0, 0
1870, 0, 195.37, -56.6267, 25.6455, 0, 0, 0
1871, 0, 194.81, -56.6267, 25.5258, 0, 0, 0
1872, 0, 194.308, -56.6267, 20.359, 0, 0, 0
1873, 0, 193.909, -56.6267, 15.9538, 0, 0, 0
1874, 0, 193.584, -56.6267, 13.5675, 0, 0, 0
1875, 0, 216.757, -53.6429, 17.1728, 0, 0, 0
1876, 0, 216.316, -53.6429, 27.5316, 0, 0, 0
1877, 0, 215.765, -53.6429, 28.3211, 0, 0, 0
1878, 0, 215.205, -53.6429, 28.2476, 0, 0, 0
1879, 0, 214.645, -53.6429, 28.2244, 0, 0, 0
1880, 0, 214.084, -53.6429, 28.1004, 0, 0, 0
1881, 0, 213.524, -53.6429, 28.0269, 0, 0, 0
1882, 0, 212.964, -53.6429, 28.0034, 0, 0, 0
1883, 0, 212.402, -53.6429, 27.9795, 0, 0, 0
1884, 0, 211.82, -53.6429, 29.8891, 0, 0, 0
1885, 0, 211.178, -53.6429, 33.8072, 0, 0, 0
1886, 0, 210.432, -53.6429, 39.8535, 0, 0, 0
1887, 0, 209.562, -53.6429, 45.7797, 0, 0, 0
1888, 0, 208.629, -53.6429, 45.6739, 0, 0, 0
1889, 0, 207.695, -53.6429, 45.4693, 0, 0, 0
1890, 0, 206.761, -53.6429, 45.2648, 0, 0, 0
1891, 0, 205.827, -53.6429, 45.0592, 0, 0, 0
1892, 0, 204.893, -53.6429, 44.9039, 0, 0, 0
1893, 0, 203.958, -53.6429, 44.6513, 0, 0, 0
1894, 0, 203.024, -53.6429, 44.4469, 0, 0, 0
1895, 0, 202.09, -53.6429, 44.2886, 0, 0, 0
1896, 0, 201.155, -53.6429, 44.0376, 0, 0, 0
1897, 0, 200.252, -53.6429, 40.9297, 0, 0, 0
1898, 0, 199.454, -53.6429, 33.8476, 0, 0, 0
1899, 0, 198.777, -53.6429, 29.3527, 0, 0, 0
1900, 0, 198.177, -53.6429, 26.4771, 0, 0, 0
1901, 0, 197.611, -53.6429, 25.9847, 0, 0, 0
1902, 0, 197.051, -53.6429, 25.8648, 0, 0, 0
1903, 0, 196.491, -53.6429, 25.8373, 0, 0, 0
1904, 0, 195.93, -53.6429, 25.7176, 0, 0, 0
1905, 0, 195.37, -53.6429, 25.6446, 0, 0, 0
1906, 0, 194.81, -53.6429, 25.5249, 0, 0, 0
1907, 0, 194.308, -53.6429, 20.3583, 0, 0, 0
1908, 0, 193.909, -53.6429, 15.9532, 0, 0, 0
1909, 0, 193.584, -53.6429, 13.567, 0, 0, 0
1910, 0, 216.757, -50.6593, 17.1728, 0, 0, 0
1911, 0, 216.316, -50.6593, 27.5317, 0, 0, 0
1912, 0, 215.765, -50.6593, 28.3212, 0, 0, 0
1913, 0, 215.205, -50.6593, 28.2477, 0, 0, 0
1914, 0, 214.645, -50.6593, 28.2245, 0, 0, 0
1915, 0, 214.084, -50.6593, 28.1005, 0, 0, 0
1916, 0, 213.524, -50.6593, 28.027, 0, 0, 0
1917, 0, 212.964, -50.6593, 28.0034, 0, 0, 0
1918, 0, 212.402, -50.6593, 27.9795, 0, 0, 0
1919, 0, 211.82, -50.6593, 29.8891, 0, 0, 0
1920, 0, 211.178, -50.6593, 33.8073, 0, 0, 0
1921, 0, 210.432, -50.6593, 39.8536, 0, 0, 0
1922, 0, 209.562, -50.6593, 45.7798, 0, 0, 0
1923, 0, 208.629, -50.6593, 45.6739, 0, 0, 0
1924, 0, 207.695, -50.6593, 45.4694, 0, 0, 0
1925, 0, 206.761, -50.6593, 45.2649, 0, 0, 0
1926, 0, 205.827, -50.6593, 45.0593, 0, 0, 0
1927, 0, 204.893, -50.6593, 44.904, 0, 0, 0
1928, 0, 203.958, -50.6593, 44.6514, 0, 0, 0
1929, 0, 203.024, -50.6593, 44.447, 0, 0, 0
1930, 0, 202.09, -50.6593, 44.2887, 0, 0, 0
1931, 0, 201.155, -50.6593, 44.0377, 0, 0, 0
1932, 0, 200.252, -50.6593, 40.9298, 0, 0, 0
1933, 0, 199.454, -50.6593, 33.8477, 0, 0, 0
1934, 0, 198.777, -50.6593, 29.3528, 0, 0, 0
1935, 0, 198.177, -50.6593, 26.4772, 0, 0, 0
1936, 0, 197.611, -50.6593, 25.9848, 0, 0, 0
1937, 0, 197.051, -50.6593, 25.8648, 0, 0, 0
1938, 0, 196.491, -50.6593, 25.8374, 0, 0, 0
1939, 0, 195.93, -50.6593, 25.7177, 0, 0, 0
1940, 0, 195.37, -50.6593, 25.6447, 0, 0, 0
1941, 0, 194.81, -50.6593, 25.525, 0, 0, 0
1942, 0, 194.308, -50.6593, 20.3583, 0, 0, 0
1943, 0, 193.909, -50.6593, 15.9532, 0, 0, 0
1944, 0, 193.584, -50.6593, 13.567, 0, 0, 0
1945, 0, 216.757, -47.6755, 17.1734, 0, 0, 0
1946, 0, 216.316, -47.6755, 27.5326, 0, 0, 0
1947, 0, 215.765, -47.6755, 28.3221, 0, 0, 0
1948, 0, 215.205, -47.6755, 28.2486, 0, 0, 0
1949, 0, 214.645, -47.6755, 28.2254, 0, 0, 0
1950, 0, 214.084, -47.6755, 28.1014, 0, 0, 0
1951, 0, 213.524, -47.6755, 28.0279, 0, 0, 0
1952, 0, 212.964, -47.6755, 28.0044, 0, 0, 0
1953, 0, 212.402, -47.6755, 27.9804, 0, 0, 0
1954, 0, 211.82, -47.6755, 29.8901, 0, 0, 0
1955, 0, 211.178, -47.6755, 33.8084, 0, 0, 0
1956, 0, 210.432, -47.6755, 39.8549, 0, 0, 0
1957, 0, 209.562, -47.6755, 45.7813, 0, 0, 0
1958, 0, 208.629, -47.6755, 45.6755, 0, 0, 0
1959, 0, 207.695, -47.6755, 45.4709, 0, 0, 0
1960, 0, 206.761, -47.6755, 45.2664, 0, 0, 0
1961, 0, 205.827, -47.6755, 45.0608, 0, 0, 0
1962, 0, 204.893, -47.6755, 44.9055, 0, 0, 0
1963, 0, 203.958, -47.6755, 44.6529, 0, 0, 0
1964, 0, 203.024, -47.6755, 44.4484, 0, 0, 0
1965, 0, 202.09, -47.6755, 44.2901, 0, 0, 0
1966, 0, 201.155, -47.6755, 44.0392, 0, 0, 0
1967, 0, 200.252, -47.6755, 40.9312, 0, 0, 0
1968, 0, 199.454, -47.6755, 33.8488, 0, 0, 0
1969, 0, 198.777, -47.6755, 29.3538, 0, 0, 0
1970, 0, 198.177, -47.6755, 26.4781, 0, 0, 0
1971, 0, 197.611, -47.6755, 25.9856, 0, 0, 0
1972, 0, 197.051, -47.6755, 25.8657, 0, 0, 0
1973, 0, 196.491, -47.6755, 25.8382, 0, 0, 0
1974, 0, 195.93, -47.6755, 25.7185, 0, 0, 0
1975, 0, 195.37, -47.6755, 25.6455, 0, 0, 0
1976, 0, 194.81, -47.6755, 25.5258, 0, 0, 0
1977, 0, 194.308, -47.6755, 20.359, 0, 0, 0
1978, 0, 193.909, -47.6755, 15.9537, 0, 0, 0
1979, 0, 193.584, -47.6755, 13.5675, 0, 0, 0
1980, 0, 216.757, -44.6918, 17.1728, 0, 0, 0
1981, 0, 216.316, -44.6918, 27.5317, 0, 0, 0
1982, 0, 215.765, -44.6918, 28.3212, 0, 0, 0
1983, 0, 215.205, -44.6918, 28.2477, 0, 0, 0
1984, 0, 214.645, -44.6918, 28.2245, 0, 0, 0
1985, 0, 214.084, -44.6918, 28.1005, 0, 0, 0
1986, 0, 213.524, -44.6918, 28.027, 0, 0, 0
1987, 0, 212.964, -44.6918, 28.0034, 0, 0, 0
1988, 0, 212.402, -44.6918, 27.9795, 0, 0, 0
1989, 0, 211.82, -44.6918, 29.8891, 0, 0, 0
1990, 0, 211.178, -44.6918, 33.8073, 0, 0, 0
1991, 0, 210.432, -44.6918, 39.8536, 0, 0, 0
1992, 0, 209.562, -44.6918, 45.7798, 0, 0, 0
1993, 0, 208.629, -44.6918, 45.6739, 0, 0, 0
1994, 0, 207.695, -44.6918, 45.4694, 0, 0, 0
1995, 0, 206.761, -44.6918, 45.2649, 0, 0, 0
1996, 0, 205.827, -44.6918, 45.0593, 0, 0, 0
1997, 0, 204.893, -44.6918, 44.904, 0, 0, 0
1998, 0, 203.958, -44.6918, 44.6514, 0, 0, 0
1999, 0, 203.024, -44.6918, 44.447, 0, 0, 0
2000, 0, 202.09, -44.6918, 44.2887, 0, 0, 0
2001, 0, 201.155, -44.6918, 44.0377, 0, 0, 0
2002, 0, 200.252, -44.6918, 40.9298, 0, 0, 0
2003, 0, 199.454, -44.6918, 33.8477, 0, 0, 0
2004, 0, 198.777, -44.6918, 29.3528, 0, 0, 0
2005, 0, 198.177, -44.6918, 26.4772, 0, 0, 0
2006, 0, 197.611, -44.6918, 25.9848, 0, 0, 0
2007, 0, 197.051, -44.6918, 25.8648, 0, 0, 0
2008, 0, 196.491, -44.6918, 25.8374, 0, 0, 0
2009, 0, 195.93, -44.6918, 25.7177, 0, 0, 0
2010, 0, 195.37, -44.6918, 25.6447, 0, 0, 0
2011, 0, 194.81, -44.6918, 25.525, 0, 0, 0
2012, 0, 194.308, -44.6918, 20.3583, 0, 0, 0
2013, 0, 193.909, -44.6918, 15.9532, 0, 0, 0
2014, 0, 193.584, -44.6918, 13.567, 0, 0, 0
2015, 0, 216.757, -41.708, 17.1728, 0, 0, 0
2016, 0, 216.316, -41.708, 27.5317, 0, 0, 0
2017, 0, 215.765, -41.708, 28.3212, 0, 0, 0
2018, 0, 215.205, -41.708, 28.2477, 0, 0, 0
2019, 0, 214.645, -41.708, 28.2245, 0, 0, 0
2020, 0, 214.084, -41.708, 28.1005, 0, 0, 0
2021, 0, 213.524, -41.708, 28.027, 0, 0, 0
2022, 0, 212.964, -41.708, 28.0034, 0, 0, 0
2023, 0, 212.402, -41.708, 27.9795, 0, 0, 0
2024, 0, 211.82, -41.708, 29.8891, 0, 0, 0
2025, 0, 211.178, -41.708, 33.8073, 0, 0, 0
2026, 0, 210.432, -41.708, 39.8536, 0, 0, 0
2027, 0, 209.562, -41.708, 45.7798, 0, 0, 0
2028, 0, 208.629, -41.708, 45.6739, 0, 0, 0
2029, 0, 207.695, -41.708, 45.4694, 0, 0, 0
2030, 0, 206.761, -41.708, 45.2649, 0, 0, 0
2031, 0, 205.827, -41.708, 45.0593, 0, 0, 0
2032, 0, 204.893, -41.708, 44.904, 0, 0, 0
2033, 0, 203.958, -41.708, 44.6514, 0, 0, 0
2034, 0, 203.024, -41.708, 44.447, 0, 0, 0
2035, 0, 202.09, -41.708, 44.2887, 0, 0, 0
2036, 0, 201.155, -41.708, 44.0377, 0, 0, 0
2037, 0, 200.252, -41.708, 40.9298, 0, 0, 0
2038, 0, 199.454, -41.708, 33.8477, 0, 0, 0
2039, 0, 198.777, -41.708, 29.3528, 0, 0, 0
2040, 0, 198.177, -41.708, 26.4772, 0, 0, 0
2041, 0, 197.611, -41.708, 25.9848, 0, 0, 0
2042, 0, 197.051, -41.708, 25.8648, 0, 0, 0
2043, 0, 196.491, -41.708, 25.8374, 0, 0, 0
2044, 0, 195.93, -41.708, 25.7177, 0, 0, 0
2045, 0, 195.37, -41.708, 25.6447, 0, 0, 0
2046, 0, 194.81, -41.708, 25.525, 0, 0, 0
2047, 0, 194.308, -41.708, 20.3583, 0, 0, 0
2048, 0, 193.909, -41.708, 15.9532, 0, 0, 0
2049, 0, 193.584, -41.708, 13.567, 0, 0, 0
2050, 0, 216.757, -38.7243, 17.1734, 0, 0, 0
2051, 0, 216.316, -38.7243, 27.5326, 0, 0, 0
2052, 0, 215.765, -38.7243, 28.3221, 0, 0, 0
2053, 0, 215.205, -38.7243, 28.2486, 0, 0, 0
2054, 0, 214.645, -38.7243, 28.2254, 0, 0, 0
2055, 0, 214.084, -38.7243, 28.1014, 0, 0, 0
2056, 0, 213.524, -38.7243, 28.0279, 0, 0, 0
2057, 0, 212.964, -38.7243, 28.0044, 0, 0, 0
2058, 0, 212.402, -38.7243, 27.9804, 0, 0, 0
2059, 0, 211.82, -38.7243, 29.8901, 0, 0, 0
2060, 0, 211.178, -38.7243, 33.8084, 0, 0, 0
2061, 0, 210.432, -38.7243, 39.8549, 0, 0, 0
2062, 0, 209.562, -38.7243, 45.7813, 0, 0, 0
2063, 0, 208.629, -38.7243, 45.6755, 0, 0, 0
2064, 0, 207.695, -38.7243, 45.4709, 0, 0, 0
2065, 0, 206.761, -38.7243, 45.2664, 0, 0, 0
2066, 0, 205.827, -38.7243, 45.0608, 0, 0, 0
2067, 0, 204.893, -38.7243, 44.9055, 0, 0, 0
2068, 0, 203.958, -38.7243, 44.6529, 0, 0, 0
2069, 0, 203.024, -38.7243, 44.4484, 0, 0, 0
2070, 0, 202.09, -38.7243, 44.2901, 0, 0, 0
2071, 0, 201.155, -38.7243, 44.0392, 0, 0, 0
2072, 0, 200.252, -38.7243, 40.9312, 0, 0, 0
2073, 0, 199.454, -38.7243, 33.8488, 0, 0, 0
2074, 0, 198.777, -38.7243, 29.3538, 0, 0, 0
2075, 0, 198.177, -38.7243, 26.4781, 0, 0, 0
2076, 0, 197.611, -38.7243, 25.9856, 0, 0, 0
2077, 0, 197.051, -38.7243, 25.8657, 0, 0, 0
2078, 0, 196.491, -38.7243, 25.8382, 0, 0, 0
2079, 0, 195.93, -38.7243, 25.7185, 0, 0, 0
2080, 0, 195.37, -38.7243, 25.6455, 0, 0, 0
2081, 0, 194.81, -38.7243, 25.5258, 0, 0, 0
2082, 0, 194.308, -38.7243, 20.359, 0, 0, 0
2083, 0, 193.909, -38.7243, 15.9537, 0, 0, 0
2084, 0, 193.584, -38.7243, 13.5675, 0, 0, 0
2085, 0, 216.757, -35.7405, 17.1728, 0, 0, 0
2086, 0, 216.316, -35.7405, 27.5317, 0, 0, 0
2087, 0, 215.765, -35.7405, 28.3212, 0, 0, 0
2088, 0, 215.205, -35.7405, 28.2476, 0, 0, 0
2089, 0, 214.645, -35.7405, 28.2244, 0, 0, 0
2090, 0, 214.084, -35.7405, 28.1005, 0, 0, 0
2091, 0, 213.524, -35.7405, 28.027, 0, 0, 0
2092, 0, 212.964, -35.7405, 28.0034, 0, 0, 0
2093, 0, 212.402, -35.7405, 27.9795, 0, 0, 0
2094, 0, 211.82, -35.7405, 29.8891, 0, 0, 0
2095, 0, 211.178, -35.7405, 33.8073, 0, 0, 0
2096, 0, 210.432, -35.7405, 39.8535, 0, 0, 0
2097, 0, 209.562, -35.7405, 45.7798, 0, 0, 0
2098, 0, 208.629, -35.7405, 45.6739, 0, 0, 0
2099, 0, 207.695, -35.7405, 45.4694, 0, 0, 0
2100, 0, 206.761, -35.7405, 45.2649, 0, 0, 0
2101, 0, 205.827, -35.7405, 45.0593, 0, 0, 0
2102, 0, 204.893, -35.7405, 44.904, 0, 0, 0
2103, 0, 203.958, -35.7405, 44.6514, 0, 0, 0
2104, 0, 203.024, -35.7405, 44.4469, 0, 0, 0
2105, 0, 202.09, -35.7405, 44.2886, 0, 0, 0
2106, 0, 201.155, -35.7405, 44.0377, 0, 0, 0
2107, 0, 200.252, -35.7405, 40.9298, 0, 0, 0
2108, 0, 199.454, -35.7405, 33.8477, 0, 0, 0
2109, 0, 198.777, -35.7405, 29.3528, 0, 0, 0
2110, 0, 198.177, -35.7405, 26.4772, 0, 0, 0
2111, 0, 197.611, -35.7405, 25.9848, 0, 0, 0
2112, 0, 197.051, -35.7405, 25.8648, 0, 0, 0
2113, 0, 196.491, -35.7405, 25.8374, 0, 0, 0
2114, 0, 195.93, -35.7405, 25.7177, 0, 0, 0
2115, 0, 195.37, -35.7405, 25.6446, 0, 0, 0
2116, 0, 194.81, -35.7405, 25.525, 0, 0, 0
2117, 0, 194.308, -35.7405, 20.3583, 0, 0, 0
2118, 0, 193.909, -35.7405, 15.9532, 0, 0, 0
2119, 0, 193.584, -35.7405, 13.567, 0, 0, 0
2120, 0, 216.757, -32.7569, 17.1728, 0, 0, 0
2121, 0, 216.316, -32.7569, 27.5317, 0, 0, 0
2122, 0, 215.765, -32.7569, 28.3212, 0, 0, 0
2123, 0, 215.205, -32.7569, 28.2477, 0, 0, 0
2124, 0, 214.645, -32.7569, 28.2245, 0, 0, 0
2125, 0, 214.084, -32.7569, 28.1005, 0, 0, 0
2126, 0, 213.524, -32.7569, 28.027, 0, 0, 0
2127, 0, 212.964, -32.7569, 28.0034, 0, 0, 0
2128, 0, 212.402, -32.7569, 27.9795, 0, 0, 0
2129, 0, 211.82, -32.7569, 29.8891, 0, 0, 0
2130, 0, 211.178, -32.7569, 33.8073, 0, 0, 0
2131, 0, 210.432, -32.7569, 39.8536, 0, 0, 0
2132, 0, 209.562, -32.7569, 45.7798, 0, 0, 0
2133, 0, 208.629, -32.7569, 45.6739, 0, 0, 0
2134, 0, 207.695, -32.7569, 45.4694, 0, 0, 0
2135, 0, 206.761, -32.7569, 45.2649, 0, 0, 0
2136, 0, 205.827, -32.7569, 45.0593, 0, 0, 0
2137, 0, 204.893, -32.7569, 44.904, 0, 0, 0
2138, 0, 203.958, -32.7569, 44.6514, 0, 0, 0
2139, 0, 203.024, -32.7569, 44.447, 0, 0, 0
2140, 0, 202.09, -32.7569, 44.2887, 0, 0, 0
2141, 0, 201.155, -32.7569, 44.0377, 0, 0, 0
2142, 0, 200.252, -32.7569, 40.9298, 0, 0, 0
2143, 0, 199.454, -32.7569, 33.8477, 0, 0, 0
2144, 0, 198.777, -32.7569, 29.3528, 0, 0, 0
2145, 0, 198.177, -32.7569, 26.4772, 0, 0, 0
2146, 0, 197.611, -32.7569, 25.9848, 0, 0, 0
2147, 0, 197.051, -32.7569, 25.8648, 0, 0, 0
2148, 0, 196.491, -32.7569, 25.8374, 0, 0, 0
2149, 0, 195.93, -32.7569, 25.7177, 0, 0, 0
2150, 0, 195.37, -32.7569, 25.6447, 0, 0, 0
2151, 0, 194.81, -32.7569, 25.525, 0, 0, 0
2152, 0, 194.308, -32.7569, 20.3583, 0, 0, 0
2153, 0, 193.909, -32.7569, 15.9532, 0, 0, 0
2154, 0, 193.584, -32.7569, 13.567, 0, 0, 0
2155, 0, 216.757, -29.7731, 17.1734, 0, 0, 0
2156, 0, 216.316, -29.7731, 27.5326, 0, 0, 0
2157, 0, 215.765, -29.7731, 28.3221, 0, 0, 0
2158, 0, 215.205, -29.7731, 28.2486, 0, 0, 0
2159, 0, 214.645, -29.7731, 28.2254, 0, 0, 0
2160, 0, 214.084, -29.7731, 28.1014, 0, 0, 0
2161, 0, 213.524, -29.7731, 28.0279, 0, 0, 0
2162, 0, 212.964, -29.7731, 28.0044, 0, 0, 0
2163, 0, 212.402, -29.7731, 27.9804, 0, 0, 0
2164, 0, 211.82, -29.7731, 29.8901, 0, 0, 0
2165, 0, 211.178, -29.7731, 33.8084, 0, 0, 0
2166, 0, 210.432, -29.7731, 39.8549, 0, 0, 0
2167, 0, 209.562, -29.7731, 45.7813, 0, 0, 0
2168, 0, 208.629, -29.7731, 45.6755, 0, 0, 0
2169, 0, 207.695, -29.7731, 45.4709, 0, 0, 0
2170, 0, 206.761, -29.7731, 45.2664, 0, 0, 0
2171, 0, 205.827, -29.7731, 45.0608, 0, 0, 0
2172, 0, 204.893, -29.7731, 44.9055, 0, 0, 0
2173, 0, 203.958, -29.7731, 44.6529, 0, 0, 0
2174, 0, 203.024, -29.7731, 44.4484, 0, 0, 0
2175, 0, 202.09, -29.7731, 44.2901, 0, 0, 0
2176, 0, 201.155, -29.7731, 44.0392, 0, 0, 0
2177, 0, 200.252, -29.7731, 40.9312, 0, 0, 0
2178, 0, 199.454, -29.7731, 33.8488, 0, 0, 0
2179, 0, 198.777, -29.7731, 29.3538, 0, 0, 0
2180, 0, 198.177, -29.7731, 26.4781, 0, 0, 0
2181, 0, 197.611, -29.7731, 25.9856, 0, 0, 0
2182, 0, 197.051, -29.7731, 25.8657, 0, 0, 0
2183, 0, 196.491, -29.7731, 25.8382, 0, 0, 0
2184, 0, 195.93, -29.7731, 25.7185, 0, 0, 0
2185, 0, 195.37, -29.7731, 25.6455, 0, 0, 0
2186, 0, 194.81, -29.7731, 25.5258, 0, 0, 0
2187, 0, 194.308, -29.7731, 20.359, 0, 0, 0
2188, 0, 193.909, -29.7731, 15.9537, 0, 0, 0
2189, 0, 193.584, -29.7731, 13.5675, 0, 0, 0
2190, 0, 216.757, -26.7893, 17.1728, 0, 0, 0
2191, 0, 216.316, -26.7893, 27.5317, 0, 0, 0
2192, 0, 215.765, -26.7893, 28.3212, 0, 0, 0
2193, 0, 215.205, -26.7893, 28.2477, 0, 0, 0
2194, 0, 214.645, -26.7893, 28.2245, 0, 0, 0
2195, 0, 214.084, -26.7893, 28.1005, 0, 0, 0
2196, 0, 213.524, -26.7893, 28.027, 0, 0, 0
2197, 0, 212.964, -26.7893, 28.0034, 0, 0, 0
2198, 0, 212.402, -26.7893, 27.9795, 0, 0, 0
2199, 0, 211.82, -26.7893, 29.8891, 0, 0, 0
2200, 0, 211.178, -26.7893, 33.8073, 0, 0, 0
2201, 0, 210.432, -26.7893, 39.8536, 0, 0, 0
2202, 0, 209.562, -26.7893, 45.7798, 0, 0, 0
2203, 0, 208.629, -26.7893, 45.6739, 0, 0, 0
2204, 0, 207.695, -26.7893, 45.4694, 0, 0, 0
2205, 0, 206.761, -26.7893, 45.2649, 0, 0, 0
2206, 0, 205.827, -26.7893, 45.0593, 0, 0, 0
2207, 0, 204.893, -26.7893, 44.904, 0, 0, 0
2208, 0, 203.958, -26.7893, 44.6514, 0, 0, 0
2209, 0, 203.024, -26.7893, 44.447, 0, 0, 0
2210, 0, 202.09, -26.7893, 44.2887, 0, 0, 0
2211, 0, 201.155, -26.7893, 44.0377, 0, 0, 0
2212, 0, 200.252, -26.7893, 40.9298, 0, 0, 0
2213, 0, 199.454, -26.7893, 33.8477, 0, 0, 0
2214, 0, 198.777, -26.7893, 29.3528, 0, 0, 0
2215, 0, 198.177, -26.7893, 26.4772, 0, 0, 0
2216, 0, 197.611, -26.7893, 25.9848, 0, 0, 0
2217, 0, 197.051, -26.7893, 25.8648, 0, 0, 0
2218, 0, 196.491, -26.7893, 25.8374, 0, 0, 0
2219, 0, 195.93, -26.7893, 25.7177, 0, 0, 0
2220, 0, 195.37, -26.7893, 25.6447, 0, 0, 0
2221, 0, 194.81, -26.7893, 25.525, 0, 0, 0
2222, 0, 194.308, -26.7893, 20.3583, 0, 0, 0
2223, 0, 193.909, -26.7893, 15.9532, 0, 0, 0
2224, 0, 193.584, -26.7893, 13.567, 0, 0, 0
2225, 0, 216.757, -23.8056, 17.1728, 0, 0, 0
2226, 0, 216.316, -23.8056, 27.5317, 0, 0, 0
2227, 0, 215.765, -23.8056, 28.3212, 0, 0, 0
2228, 0, 215.205, -23.8056, 28.2476, 0, 0, 0
2229, 0, 214.645, -23.8056, 28.2244, 0, 0, 0
2230, 0, 214.084, -23.8056, 28.1005, 0, 0, 0
2231, 0, 213.524, -23.8056, 28.027, 0, 0, 0
2232, 0, 212.964, -23.8056, 28.0034, 0, 0, 0
2233, 0, 212.402, -23.8056, 27.9795, 0, 0, 0
2234, 0, 211.82, -23.8056, 29.8891, 0, 0, 0
2235, 0, 211.178, -23.8056, 33.8073, 0, 0, 0
2236, 0, 210.432, -23.8056, 39.8535, 0, 0, 0
2237, 0, 209.562, -23.8056, 45.7798, 0, 0, 0
2238, 0, 208.629, -23.8056, 45.6739, 0, 0, 0
2239, 0, 207.695, -23.8056, 45.4694, 0, 0, 0
2240, 0, 206.761, -23.8056, 45.2649, 0, 0, 0
2241, 0, 205.827, -23.8056, 45.0593, 0, 0, 0
2242, 0, 204.893, -23.8056, 44.904, 0, 0, 0
2243, 0, 203.958, -23.8056, 44.6514, 0, 0, 0
2244, 0, 203.024, -23.8056, 44.4469, 0, 0, 0
2245, 0, 202.09, -23.8056, 44.2886, 0, 0, 0
2246, 0, 201.155, -23.8056, 44.0377, 0, 0, 0
2247, 0, 200.252, -23.8056, 40.9298, 0, 0, 0
2248, 0, 199.454, -23.8056, 33.8477, 0, 0, 0
2249, 0, 198.777, -23.8056, 29.3528, 0, 0, 0
2250, 0, 198.177, -23.8056, 26.4772, 0, 0, 0
2251, 0, 197.611, -23.8056, 25.9848, 0, 0, 0
2252, 0, 197.051, -23.8056, 25.8648, 0, 0, 0
2253, 0, 196.491, -23.8056, 25.8374, 0, 0, 0
2254, 0, 195.93, -23.8056, 25.7177, 0, 0, 0
2255, 0, 195.37, -23.8056, 25.6446, 0, 0, 0
2256, 0, 194.81, -23.8056, 25.525, 0, 0, 0
2257, 0, 194.308, -23.8056, 20.3583, 0, 0, 0
2258, 0, 193.909, -23.8056, 15.9532, 0, 0, 0
2259, 0, 193.584, -23.8056, 13.567, 0, 0, 0
2260, 0, 216.757, -20.8219, 17.1734, 0, 0, 0
2261, 0, 216.316, -20.8219, 27.5326, 0, 0, 0
2262, 0, 215.765, -20.8219, 28.3221, 0, 0, 0
2263, 0, 215.205, -20.8219, 28.2486, 0, 0, 0
2264, 0, 214.645, -20.8219, 28.2254, 0, 0, 0
2265, 0, 214.084, -20.8219, 28.1014, 0, 0, 0
2266, 0, 213.524, -20.8219, 28.0279, 0, 0, 0
2267, 0, 212.964, -20.8219, 28.0044, 0, 0, 0
2268, 0, 212.402, -20.8219, 27.9805, 0, 0, 0
2269, 0, 211.82, -20.8219, 29.8901, 0, 0, 0
2270, 0, 211.178, -20.8219, 33.8084, 0, 0, 0
2271, 0, 210.432, -20.8219, 39.8549, 0, 0, 0
2272, 0, 209.562, -20.8219, 45.7814, 0, 0, 0
2273, 0, 208.629, -20.8219, 45.6755, 0, 0, 0
2274, 0, 207.695, -20.8219, 45.4709, 0, 0, 0
2275, 0, 206.761, -20.8219, 45.2664, 0, 0, 0
2276, 0, 205.827, -20.8219, 45.0608, 0, 0, 0
2277, 0, 204.893, -20.8219, 44.9055, 0, 0, 0
2278, 0, 203.958, -20.8219, 44.6529, 0, 0, 0
2279, 0, 203.024, -20.8219, 44.4484, 0, 0, 0
2280, 0, 202.09, -20.8219, 44.2902, 0, 0, 0
2281, 0, 201.155, -20.8219, 44.0392, 0, 0, 0
2282, 0, 200.252, -20.8219, 40.9312, 0, 0, 0
2283, 0, 199.454, -20.8219, 33.8488, 0, 0, 0
2284, 0, 198.777, -20.8219, 29.3538, 0, 0, 0
2285, 0, 198.177, -20.8219, 26.4781, 0, 0, 0
2286, 0, 197.611, -20.8219, 25.9856, 0, 0, 0
2287, 0, 197.051, -20.8219, 25.8657, 0, 0, 0
2288, 0, 196.491, -20.8219, 25.8382, 0, 0, 0
2289, 0, 195.93, -20.8219, 25.7185, 0, 0, 0
2290, 0, 195.37, -20.8219, 25.6455, 0, 0, 0
2291, 0, 194.81, -20.8219, 25.5258, 0, 0, 0
2292, 0, 194.308, -20.8219, 20.359, 0, 0, 0
2293, 0, 193.909, -20.8219, 15.9537, 0, 0, 0
2294, 0, 193.584, -20.8219, 13.5675, 0, 0, 0
2295, 0, 216.757, -17.8381, 17.1728, 0, 0, 0
2296, 0, 216.316, -17.8381, 27.5317, 0, 0, 0
2297, 0, 215.765, -17.8381, 28.3212, 0, 0, 0
2298, 0, 215.205, -17.8381, 28.2477, 0, 0, 0
2299, 0, 214.645, -17.8381, 28.2245, 0, 0, 0
2300, 0, 214.084, -17.8381, 28.1005, 0, 0, 0
2301, 0, 213.524, -17.8381, 28.027, 0, 0, 0
2302, 0, 212.964, -17.8381, 28.0034, 0, 0, 0
2303, 0, 212.402, -17.8381, 27.9795, 0, 0, 0
2304, 0, 211.82, -17.8381, 29.8891, 0, 0, 0
2305, 0, 211.178, -17.8381, 33.8073, 0, 0, 0
2306, 0, 210.432, -17.8381, 39.8536, 0, 0, 0
2307, 0, 209.562, -17.8381, 45.7798, 0, 0, 0
2308, 0, 208.629, -17.8381, 45.6739, 0, 0, 0
2309, 0, 207.695, -17.8381, 45.4694, 0, 0, 0
2310, 0, 206.761, -17.8381, 45.2649, 0, 0, 0
2311, 0, 205.827, -17.8381, 45.0593, 0, 0, 0
2312, 0, 204.893, -17.8381, 44.904, 0, 0, 0
2313, 0, 203.958, -17.8381, 44.6514, 0, 0, 0
2314, 0, 203.024, -17.8381, 44.4469, 0, 0, 0
2315, 0, 202.09, -17.8381, 44.2887, 0, 0, 0
2316, 0, 201.155, -17.8381, 44.0377, 0, 0, 0
2317, 0, 200.252, -17.8381, 40.9298, 0, 0, 0
2318, 0, 199.454, -17.8381, 33.8477, 0, 0, 0
2319, 0, 198.777, -17.8381, 29.3528, 0, 0, 0
2320, 0, 198.177, -17.8381, 26.4772, 0, 0, 0
2321, 0, 197.611, -17.8381, 25.9848, 0, 0, 0
2322, 0, 197.051, -17.8381, 25.8648, 0, 0, 0
2323, 0, 196.491, -17.8381, 25.8374, 0, 0, 0
2324, 0, 195.93, -17.8381, 25.7177, 0, 0, 0
2325, 0, 195.37, -17.8381, 25.6447, 0, 0, 0
2326, 0, 194.81, -17.8381, 25.525, 0, 0, 0
2327, 0, 194.308, -17.8381, 20.3583, 0, 0, 0
2328, 0, 193.909, -17.8381, 15.9532, 0, 0, 0
2329, 0, 193.584, -17.8381, 13.567, 0, 0, 0
2330, 0, 216.757, -14.8544, 17.1734, 0, 0, 0
2331, 0, 216.316, -14.8544, 27.5326, 0, 0, 0
2332, 0, 215.765, -14.8544, 28.3221, 0, 0, 0
2333, 0, 215.205, -14.8544, 28.2486, 0, 0, 0
2334, 0, 214.645, -14.8544, 28.2254, 0, 0, 0
2335, 0, 214.084, -14.8544, 28.1014, 0, 0, 0
2336, 0, 213.524, -14.8544, 28.0279, 0, 0, 0
2337, 0, 212.964, -14.8544, 28.0044, 0, 0, 0
2338, 0, 212.402, -14.8544, 27.9804, 0, 0, 0
2339, 0, 211.82, -14.8544, 29.8901, 0, 0, 0
2340, 0, 211.178, -14.8544, 33.8084, 0, 0, 0
2341, 0, 210.432, -14.8544, 39.8549, 0, 0, 0
2342, 0, 209.562, -14.8544, 45.7813, 0, 0, 0
2343, 0, 208.629, -14.8544, 45.6755, 0, 0, 0
2344, 0, 207.695, -14.8544, 45.4709, 0, 0, 0
2345, 0, 206.761, -14.8544, 45.2664, 0, 0, 0
2346, 0, 205.827, -14.8544, 45.0608, 0, 0, 0
2347, 0, 204.893, -14.8544, 44.9055, 0, 0, 0
2348, 0, 203.958, -14.8544, 44.6529, 0, 0, 0
2349, 0, 203.024, -14.8544, 44.4484, 0, 0, 0
2350, 0, 202.09, -14.8544, 44.2901, 0, 0, 0
2351, 0, 201.155, -14.8544, 44.0392, 0, 0, 0
2352, 0, 200.252, -14.8544, 40.9312, 0, 0, 0
2353, 0, 199.454, -14.8544, 33.8488, 0, 0, 0
2354, 0, 198.777, -14.8544, 29.3538, 0, 0, 0
2355, 0, 198.177, -14.8544, 26.4781, 0, 0, 0
2356, 0, 197.611, -14.8544, 25.9856, 0, 0, 0
2357, 0, 197.051, -14.8544, 25.8657, 0, 0, 0
2358, 0, 196.491, -14.8544, 25.8382, 0, 0, 0
2359, 0, 195.93, -14.8544, 25.7185, 0, 0, 0
2360, 0, 195.37, -14.8544, 25.6455, 0, 0, 0
2361, 0, 194.81, -14.8544, 25.5258, 0, 0, 0
2362, 0, 194.308, -14.8544, 20.359, 0, 0, 0
2363, 0, 193.909, -14.8544, 15.9537, 0, 0, 0
2364, 0, 193.584, -14.8544, 13.5675, 0, 0, 0
2365, 0, 216.757, -11.8707, 17.1728, 0, 0, 0
2366, 0, 216.316, -11.8707, 27.5317, 0, 0, 0
2367, 0, 215.765, -11.8707, 28.3212, 0, 0, 0
2368, 0, 215.205, -11.8707, 28.2477, 0, 0, 0
2369, 0, 214.645, -11.8707, 28.2245, 0, 0, 0
2370, 0, 214.084, -11.8707, 28.1005, 0, 0, 0
2371, 0, 213.524, -11.8707, 28.027, 0, 0, 0
2372, 0, 212.964, -11.8707, 28.0034, 0, 0, 0
2373, 0, 212.402, -11.8707, 27.9795, 0, 0, 0
2374, 0, 211.82, -11.8707, 29.8891, 0, 0, 0
2375, 0, 211.178, -11.8707, 33.8073, 0, 0, 0
2376, 0, 210.432, -11.8707, 39.8536, 0, 0, 0
2377, 0, 209.562, -11.8707, 45.7798, 0, 0, 0
2378, 0, 208.629, -11.8707, 45.6739, 0, 0, 0
2379, 0, 207.695, -11.8707, 45.4694, 0, 0, 0
2380, 0, 206.761, -11.8707, 45.2649, 0, 0, 0
2381, 0, 205.827, -11.8707, 45.0593, 0, 0, 0
2382, 0, 204.893, -11.8707, 44.904, 0, 0, 0
2383, 0, 203.958, -11.8707, 44.6514, 0, 0, 0
2384, 0, 203.024, -11.8707, 44.4469, 0, 0, 0
2385, 0, 202.09, -11.8707, 44.2887, 0, 0, 0
2386, 0, 201.155, -11.8707, 44.0377, 0, 0, 0
2387, 0, 200.252, -11.8707, 40.9298, 0, 0, 0
2388, 0, 199.454, -11.8707, 33.8477, 0, 0, 0
2389, 0, 198.777, -11.8707, 29.3528, 0, 0, 0
2390, 0, 198.177, -11.8707, 26.4772, 0, 0, 0
2391, 0, 197.611, -11.8707, 25.9848, 0, 0, 0
2392, 0, 197.051, -11.8707, 25.8648, 0, 0, 0
2393, 0, 196.491, -11.8707, 25.8374, 0, 0, 0
2394, 0, 195.93, -11.8707, 25.7177, 0, 0, 0
2395, 0, 195.37, -11.8707, 25.6447, 0, 0, 0
2396, 0, 194.81, -11.8707, 25.525, 0, 0, 0
2397, 0, 194.308, -11.8707, 20.3583, 0, 0, 0
2398, 0, 193.909, -11.8707, 15.9532, 0, 0, 0
2399, 0, 193.584, -11.8707, 13.567, 0, 0, 0
2400, 0, 216.757, -8.88694, 17.1729, 0, 0, 0
2401, 0, 216.316, -8.88694, 27.5319, 0, 0, 0
2402, 0, 215.765, -8.88694, 28.3214, 0, 0, 0
2403, 0, 215.205, -8.88694, 28.2478, 0, 0, 0
2404, 0, 214.645, -8.88694, 28.2247, 0, 0, 0
2405, 0, 214.084, -8.88694, 28.1007, 0, 0, 0
2406, 0, 213.524, -8.88694, 28.0272, 0, 0, 0
2407, 0, 212.964, -8.88694, 28.0036, 0, 0, 0
2408, 0, 212.402, -8.88694, 27.9797, 0, 0, 0
2409, 0, 211.82, -8.88694, 29.8893, 0, 0, 0
2410, 0, 211.178, -8.88694, 33.8075, 0, 0, 0
2411, 0, 210.432, -8.88694, 39.8538, 0, 0, 0
2412, 0, 209.562, -8.88694, 45.7801, 0, 0, 0
2413, 0, 208.629, -8.88694, 45.6742, 0, 0, 0
2414, 0, 207.695, -8.88694, 45.4697, 0, 0, 0
2415, 0, 206.761, -8.88694, 45.2652, 0, 0, 0
2416, 0, 205.827, -8.88694, 45.0596, 0, 0, 0
2417, 0, 204.893, -8.88694, 44.9043, 0, 0, 0
2418, 0, 203.958, -8.88694, 44.6517, 0, 0, 0
2419, 0, 203.024, -8.88694, 44.4472, 0, 0, 0
2420, 0, 202.09, -8.88694, 44.289, 0, 0, 0
2421, 0, 201.155, -8.88694, 44.038, 0, 0, 0
2422, 0, 200.252, -8.88694, 40.9301, 0, 0, 0
2423, 0, 199.454, -8.88694, 33.8479, 0, 0, 0
2424, 0, 198.777, -8.88694, 29.353, 0, 0, 0
2425, 0, 198.177, -8.88694, 26.4774, 0, 0, 0
2426, 0, 197.611, -8.88694, 25.9849, 0, 0, 0
2427, 0, 197.051, -8.88694, 25.865, 0, 0, 0
2428, 0, 196.491, -8.88694, 25.8375, 0, 0, 0
2429, 0, 195.93, -8.88694, 25.7178, 0, 0, 0
2430, 0, 195.37, -8.88694, 25.6448, 0, 0, 0
2431, 0, 194.81, -8.88694, 25.5251, 0, 0, 0
2432, 0, 194.308, -8.88694, 20.3584, 0, 0, 0
2433, 0, 193.909, -8.88694, 15.9533, 0, 0, 0
2434, 0, 193.584, -8.88694, 13.5671, 0, 0, 0
2435, 0, 216.757, -5.90321, 17.173, 0, 0, 0
2436, 0, 216.316, -5.90321, 27.532, 0, 0, 0
2437, 0, 215.765, -5.90321, 28.3215, 0, 0, 0
2438, 0, 215.205, -5.90321, 28.2479, 0, 0, 0
2439, 0, 214.645, -5.90321, 28.2247, 0, 0, 0
2440, 0, 214.084, -5.90321, 28.1008, 0, 0, 0
2441, 0, 213.524, -5.90321, 28.0272, 0, 0, 0
2442, 0, 212.964, -5.90321, 28.0037, 0, 0, 0
2443, 0, 212.402, -5.90321, 27.9798, 0, 0, 0
2444, 0, 211.82, -5.90321, 29.8894, 0, 0, 0
2445, 0, 211.178, -5.90321, 33.8076, 0, 0, 0
2446, 0, 210.432, -5.90321, 39.854, 0, 0, 0
2447, 0, 209.562, -5.90321, 45.7803, 0, 0, 0
2448, 0, 208.629, -5.90321, 45.6744, 0, 0, 0
2449, 0, 207.695, -5.90321, 45.4699, 0, 0, 0
2450, 0, 206.761, -5.90321, 45.2653, 0, 0, 0
2451, 0, 205.827, -5.90321, 45.0597, 0, 0, 0
2452, 0, 204.893, -5.90321, 44.9045, 0, 0, 0
2453, 0, 203.958, -5.90321, 44.6518, 0, 0, 0
2454, 0, 203.024, -5.90321, 44.4474, 0, 0, 0
2455, 0, 202.09, -5.90321, 44.2891, 0, 0, 0
2456, 0, 201.155, -5.90321, 44.0382, 0, 0, 0
2457, 0, 200.252, -5.90321, 40.9302, 0, 0, 0
2458, 0, 199.454, -5.90321, 33.848, 0, 0, 0
2459, 0, 198.777, -5.90321, 29.3531, 0, 0, 0
2460, 0, 198.177, -5.90321, 26.4774, 0, 0, 0
2461, 0, 197.611, -5.90321, 25.985, 0, 0, 0
2462, 0, 197.051, -5.90321, 25.8651, 0, 0, 0
2463, 0, 196.491, -5.90321, 25.8376, 0, 0, 0
2464, 0, 195.93, -5.90321, 25.7179, 0, 0, 0
2465, 0, 195.37, -5.90321, 25.6449, 0, 0, 0
2466, 0, 194.81, -5.90321, 25.5252, 0, 0, 0
2467, 0, 194.308, -5.90321, 20.3585, 0, 0, 0
2468, 0, 193.909, -5.90321, 15.9534, 0, 0, 0
2469, 0, 193.584, -5.90321, 13.5671, 0, 0, 0
2470, 0, 216.757, -2.91948, 17.173, 0, 0, 0
2471, 0, 216.316, -2.91948, 27.532, 0, 0, 0
2472, 0, 215.765, -2.91948, 28.3215, 0, 0, 0
2473, 0, 215.205, -2.91948, 28.2479, 0, 0, 0
2474, 0, 214.645, -2.91948, 28.2247, 0, 0, 0
2475, 0, 214.084, -2.91948, 28.1008, 0, 0, 0
2476, 0, 213.524, -2.91948, 28.0272, 0, 0, 0
2477, 0, 212.964, -2.91948, 28.0037, 0, 0, 0
2478, 0, 212.402, -2.91948, 27.9798, 0, 0, 0
2479, 0, 211.82, -2.91948, 29.8894, 0, 0, 0
2480, 0, 211.178, -2.91948, 33.8076, 0, 0, 0
2481, 0, 210.432, -2.91948, 39.854, 0, 0, 0
2482, 0, 209.562, -2.91948, 45.7803, 0, 0, 0
2483, 0, 208.629, -2.91948, 45.6744, 0, 0, 0
2484, 0, 207.695, -2.91948, 45.4699, 0, 0, 0
2485, 0, 206.761, -2.91948, 45.2653, 0, 0, 0
2486, 0, 205.827, -2.91948, 45.0597, 0, 0, 0
2487, 0, 204.893, -2.91948, 44.9045, 0, 0, 0
2488, 0, 203.958, -2.91948, 44.6518, 0, 0, 0
2489, 0, 203.024, -2.91948, 44.4474, 0, 0, 0
2490, 0, 202.09, -2.91948, 44.2891, 0, 0, 0
2491, 0, 201.155, -2.91948, 44.0382, 0, 0, 0
2492, 0, 200.252, -2.91948, 40.9302, 0, 0, 0
2493, 0, 199.454, -2.91948, 33.848, 0, 0, 0
2494, 0, 198.777, -2.91948, 29.3531, 0, 0, 0
2495, 0, 198.177, -2.91948, 26.4774, 0, 0, 0
2496, 0, 197.611, -2.91948, 25.985, 0, 0, 0
2497, 0, 197.051, -2.91948, 25.8651, 0, 0, 0
2498, 0, 196.491, -2.91948, 25.8376, 0, 0, 0
2499, 0, 195.93, -2.91948, 25.7179, 0, 0, 0
2500, 0, 195.37, -2.91948, 25.6449, 0, 0, 0
2501, 0, 194.81, -2.91948, 25.5252, 0, 0, 0
2502, 0, 194.308, -2.91948, 20.3585, 0, 0, 0
2503, 0, 193.909, -2.91948, 15.9534, 0, 0, 0
2504, 0, 193.584, -2.91948, 13.5671, 0, 0, 0
2505, 0, 216.757, 0.06425, 17.173, 0, 0, 0
2506, 0, 216.316, 0.06425, 27.532, 0, 0, 0
2507, 0, 215.765, 0.06425, 28.3216, 0, 0, 0
2508, 0, 215.205, 0.06425, 28.248, 0, 0, 0
2509, 0, 214.645, 0.06425, 28.2248, 0, 0, 0
2510, 0, 214.084, 0.06425, 28.1009, 0, 0, 0
2511, 0, 213.524, 0.06425, 28.0273, 0, 0, 0
2512, 0, 212.964, 0.06425, 28.0038, 0, 0, 0
2513, 0, 212.402, 0.06425, 27.9799, 0, 0, 0
2514, 0, 211.82, 0.06425, 29.8895, 0, 0, 0
2515, 0, 211.178, 0.06425, 33.8077, 0, 0, 0
2516, 0, 210.432, 0.06425, 39.8541, 0, 0, 0
2517, 0, 209.562, 0.06425, 45.7804, 0, 0, 0
2518, 0, 208.629, 0.06425, 45.6745, 0, 0, 0
2519, 0, 207.695, 0.06425, 45.47, 0, 0, 0
2520, 0, 206.761, 0.06425, 45.2655, 0, 0, 0
2521, 0, 205.827, 0.06425, 45.0599, 0, 0, 0
2522, 0, 204.893, 0.06425, 44.9046, 0, 0, 0
2523, 0, 203.958, 0.06425, 44.652, 0, 0, 0
2524, 0, 203.024, 0.06425, 44.4475, 0, 0, 0
2525, 0, 202.09, 0.06425, 44.2893, 0, 0, 0
2526, 0, 201.155, 0.06425, 44.0383, 0, 0, 0
2527, 0, 200.252, 0.06425, 40.9303, 0, 0, 0
2528, 0, 199.454, 0.06425, 33.8481, 0, 0, 0
2529, 0, 198.777, 0.06425, 29.3532, 0, 0, 0
2530, 0, 198.177, 0.06425, 26.4775, 0, 0, 0
2531, 0, 197.611, 0.06425, 25.9851, 0, 0, 0
2532, 0, 197.051, 0.06425, 25.8652, 0, 0, 0
2533, 0, 196.491, 0.06425, 25.8377, 0, 0, 0
2534, 0, 195.93, 0.06425, 25.718, 0, 0, 0
2535, 0, 195.37, 0.06425, 25.645, 0, 0, 0
2536, 0, 194.81, 0.06425, 25.5253, 0, 0, 0
2537, 0, 194.308, 0.06425, 20.3586, 0, 0, 0
2538, 0, 193.909, 0.06425, 15.9534, 0, 0, 0
2539, 0, 193.584, 0.06425, 13.5672, 0, 0, 0
2540, 0, 216.757, 3.04798, 17.173, 0, 0, 0
2541, 0, 216.316, 3.04798, 27.532, 0, 0, 0
2542, 0, 215.765, 3.04798, 28.3215, 0, 0, 0
2543, 0, 215.205, 3.04798, 28.2479, 0, 0, 0
2544, 0, 214.645, 3.04798, 28.2248, 0, 0, 0
2545, 0, 214.084, 3.04798, 28.1008, 0, 0, 0
2546, 0, 213.524, 3.04798, 28.0272, 0, 0, 0
2547, 0, 212.964, 3.04798, 28.0037, 0, 0, 0
2548, 0, 212.402, 3.04798, 27.9798, 0, 0, 0
2549, 0, 211.82, 3.04798, 29.8894, 0, 0, 0
2550, 0, 211.178, 3.04798, 33.8076, 0, 0, 0
2551, 0, 210.432, 3.04798, 39.854, 0, 0, 0
2552, 0, 209.562, 3.04798, 45.7803, 0, 0, 0
2553, 0, 208.629, 3.04798, 45.6744, 0, 0, 0
2554, 0, 207.695, 3.04798, 45.4699, 0, 0, 0
2555, 0, 206.761, 3.04798, 45.2653, 0, 0, 0
2556, 0, 205.827, 3.04798, 45.0597, 0, 0, 0
2557, 0, 204.893, 3.04798, 44.9045, 0, 0, 0
2558, 0, 203.958, 3.04798, 44.6519, 0, 0, 0
2559, 0, 203.024, 3.04798, 44.4474, 0, 0, 0
2560, 0, 202.09, 3.04798, 44.2891, 0, 0, 0
2561, 0, 201.155, 3.04798, 44.0382, 0, 0, 0
2562, 0, 200.252, 3.04798, 40.9302, 0, 0, 0
2563, 0, 199.454, 3.04798, 33.848, 0, 0, 0
2564, 0, 198.777, 3.04798, 29.3531, 0, 0, 0
2565, 0, 198.177, 3.04798, 26.4774, 0, 0, 0
2566, 0, 197.611, 3.04798, 25.985, 0, 0, 0
2567, 0, 197.051, 3.04798, 25.8651, 0, 0, 0
2568, 0, 196.491, 3.04798, 25.8376, 0, 0, 0
2569, 0, 195.93, 3.04798, 25.7179, 0, 0, 0
2570, 0, 195.37, 3.04798, 25.6449, 0, 0, 0
2571, 0, 194.81, 3.04798, 25.5252, 0, 0, 0
2572, 0, 194.308, 3.04798, 20.3585, 0, 0, 0
2573, 0, 193.909, 3.04798, 15.9534, 0, 0, 0
2574, 0, 193.584, 3.04798, 13.5671, 0, 0, 0
2575, 0, 216.757, 6.03172, 17.173, 0, 0, 0
2576, 0, 216.316, 6.03172, 27.532, 0, 0, 0
2577, 0, 215.765, 6.03172, 28.3216, 0, 0, 0
2578, 0, 215.205, 6.03172, 28.248, 0, 0, 0
2579, 0, 214.645, 6.03172, 28.2248, 0, 0, 0
2580, 0, 214.084, 6.03172, 28.1009, 0, 0, 0
2581, 0, 213.524, 6.03172, 28.0273, 0, 0, 0
2582, 0, 212.964, 6.03172, 28.0038, 0, 0, 0
2583, 0, 212.402, 6.03172, 27.9799, 0, 0, 0
2584, 0, 211.82, 6.03172, 29.8895, 0, 0, 0
2585, 0, 211.178, 6.03172, 33.8077, 0, 0, 0
2586, 0, 210.432, 6.03172, 39.8541, 0, 0, 0
2587, 0, 209.562, 6.03172, 45.7804, 0, 0, 0
2588, 0, 208.629, 6.03172, 45.6745, 0, 0, 0
2589, 0, 207.695, 6.03172, 45.47, 0, 0, 0
2590, 0, 206.761, 6.03172, 45.2655, 0, 0, 0
2591, 0, 205.827, 6.03172, 45.0599, 0, 0, 0
2592, 0, 204.893, 6.03172, 44.9046, 0, 0, 0
2593, 0, 203.958, 6.03172, 44.652, 0, 0, 0
2594, 0, 203.024, 6.03172, 44.4475, 0, 0, 0
2595, 0, 202.09, 6.03172, 44.2893, 0, 0, 0
2596, 0, 201.155, 6.03172, 44.0383, 0, 0, 0
2597, 0, 200.252, 6.03172, 40.9304, 0, 0, 0
2598, 0, 199.454, 6.03172, 33.8481, 0, 0, 0
2599, 0, 198.777, 6.03172, 29.3532, 0, 0, 0
2600, 0, 198.177, 6.03172, 26.4775, 0, 0, 0
2601, 0, 197.611, 6.03172, 25.9851, 0, 0, 0
2602, 0, 197.051, 6.03172, 25.8652, 0, 0, 0
2603, 0, 196.491, 6.03172, 25.8377, 0, 0, 0
2604, 0, 195.93, 6.03172, 25.718, 0, 0, 0
2605, 0, 195.37, 6.03172, 25.645, 0, 0, 0
2606, 0, 194.81, 6.03172, 25.5253, 0, 0, 0
2607, 0, 194.308, 6.03172, 20.3586, 0, 0, 0
2608, 0, 193.909, 6.03172, 15.9534, 0, 0, 0
2609, 0, 193.584, 6.03172, 13.5672, 0, 0, 0
2610, 0, 216.757, 9.01545, 17.1729, 0, 0, 0
2611, 0, 216.316, 9.01545, 27.5318, 0, 0, 0
2612, 0, 215.765, 9.01545, 28.3213, 0, 0, 0
2613, 0, 215.205, 9.01545, 28.2477, 0, 0, 0
2614, 0, 214.645, 9.01545, 28.2246, 0, 0, 0
2615, 0, 214.084, 9.01545, 28.1006, 0, 0, 0
2616, 0, 213.524, 9.01545, 28.0271, 0, 0, 0
2617, 0, 212.964, 9.01545, 28.0035, 0, 0, 0
2618, 0, 212.402, 9.01545, 27.9796, 0, 0, 0
2619, 0, 211.82, 9.01545, 29.8892, 0, 0, 0
2620, 0, 211.178, 9.01545, 33.8074, 0, 0, 0
2621, 0, 210.432, 9.01545, 39.8537, 0, 0, 0
2622, 0, 209.562, 9.01545, 45.7799, 0, 0, 0
2623, 0, 208.629, 9.01545, 45.6741, 0, 0, 0
2624, 0, 207.695, 9.01545, 45.4695, 0, 0, 0
2625, 0, 206.761, 9.01545, 45.265, 0, 0, 0
2626, 0, 205.827, 9.01545, 45.0594, 0, 0, 0
2627, 0, 204.893, 9.01545, 44.9042, 0, 0, 0
2628, 0, 203.958, 9.01545, 44.6515, 0, 0, 0
2629, 0, 203.024, 9.01545, 44.4471, 0, 0, 0
2630, 0, 202.09, 9.01545, 44.2888, 0, 0, 0
2631, 0, 201.155, 9.01545, 44.0379, 0, 0, 0
2632, 0, 200.252, 9.01545, 40.9299, 0, 0, 0
2633, 0, 199.454, 9.01545, 33.8478, 0, 0, 0
2634, 0, 198.777, 9.01545, 29.3529, 0, 0, 0
2635, 0, 198.177, 9.01545, 26.4773, 0, 0, 0
2636, 0, 197.611, 9.01545, 25.9849, 0, 0, 0
2637, 0, 197.051, 9.01545, 25.8649, 0, 0, 0
2638, 0, 196.491, 9.01545, 25.8375, 0, 0, 0
2639, 0, 195.93, 9.01545, 25.7177, 0, 0, 0
2640, 0, 195.37, 9.01545, 25.6447, 0, 0, 0
2641, 0, 194.81, 9.01545, 25.5251, 0, 0, 0
2642, 0, 194.308, 9.01545, 20.3584, 0, 0, 0
2643, 0, 193.909, 9.01545, 15.9533, 0, 0, 0
2644, 0, 193.584, 9.01545, 13.5671, 0, 0, 0
2645, 0, 216.757, 11.9992, 17.1734, 0, 0, 0
2646, 0, 216.316, 11.9992, 27.5326, 0, 0, 0
2647, 0, 215.765, 11.9992, 28.3221, 0, 0, 0
2648, 0, 215.205, 11.9992, 28.2486, 0, 0, 0
2649, 0, 214.645, 11.9992, 28.2254, 0, 0, 0
2650, 0, 214.084, 11.9992, 28.1014, 0, 0, 0
2651, 0, 213.524, 11.9992, 28.0279, 0, 0, 0
2652, 0, 212.964, 11.9992, 28.0044, 0, 0, 0
2653, 0, 212.402, 11.9992, 27.9804, 0, 0, 0
2654, 0, 211.82, 11.9992, 29.8901, 0, 0, 0
2655, 0, 211.178, 11.9992, 33.8084, 0, 0, 0
2656, 0, 210.432, 11.9992, 39.8549, 0, 0, 0
2657, 0, 209.562, 11.9992, 45.7813, 0, 0, 0
2658, 0, 208.629, 11.9992, 45.6755, 0, 0, 0
2659, 0, 207.695, 11.9992, 45.4709, 0, 0, 0
2660, 0, 206.761, 11.9992, 45.2664, 0, 0, 0
2661, 0, 205.827, 11.9992, 45.0608, 0, 0, 0
2662, 0, 204.893, 11.9992, 44.9055, 0, 0, 0
2663, 0, 203.958, 11.9992, 44.6529, 0, 0, 0
2664, 0, 203.024, 11.9992, 44.4484, 0, 0, 0
2665, 0, 202.09, 11.9992, 44.2901, 0, 0, 0
2666, 0, 201.155, 11.9992, 44.0392, 0, 0, 0
2667, 0, 200.252, 11.9992, 40.9312, 0, 0, 0
2668, 0, 199.454, 11.9992, 33.8488, 0, 0, 0
2669, 0, 198.777, 11.9992, 29.3538, 0, 0, 0
2670, 0, 198.177, 11.9992, 26.4781, 0, 0, 0
2671, 0, 197.611, 11.9992, 25.9856, 0, 0, 0
2672, 0, 197.051, 11.9992, 25.8657, 0, 0, 0
2673, 0, 196.491, 11.9992, 25.8382, 0, 0, 0
2674, 0, 195.93, 11.9992, 25.7185, 0, 0, 0
2675, 0, 195.37, 11.9992, 25.6455, 0, 0, 0
2676, 0, 194.81, 11.9992, 25.5258, 0, 0, 0
2677, 0, 194.308, 11.9992, 20.359, 0, 0, 0
2678, 0, 193.909, 11.9992, 15.9537, 0, 0, 0
2679, 0, 193.584, 11.9992, 13.5675, 0, 0, 0
2680, 0, 216.757, 14.9829, 17.1728, 0, 0, 0
2681, 0, 216.316, 14.9829, 27.5317, 0, 0, 0
2682, 0, 215.765, 14.9829, 28.3212, 0, 0, 0
2683, 0, 215.205, 14.9829, 28.2477, 0, 0, 0
2684, 0, 214.645, 14.9829, 28.2245, 0, 0, 0
2685, 0, 214.084, 14.9829, 28.1005, 0, 0, 0
2686, 0, 213.524, 14.9829, 28.027, 0, 0, 0
2687, 0, 212.964, 14.9829, 28.0034, 0, 0, 0
2688, 0, 212.402, 14.9829, 27.9795, 0, 0, 0
2689, 0, 211.82, 14.9829, 29.8891, 0, 0, 0
2690, 0, 211.178, 14.9829, 33.8073, 0, 0, 0
2691, 0, 210.432, 14.9829, 39.8536, 0, 0, 0
2692, 0, 209.562, 14.9829, 45.7798, 0, 0, 0
2693, 0, 208.629, 14.9829, 45.6739, 0, 0, 0
2694, 0, 207.695, 14.9829, 45.4694, 0, 0, 0
2695, 0, 206.761, 14.9829, 45.2649, 0, 0, 0
2696, 0, 205.827, 14.9829, 45.0593, 0, 0, 0
2697, 0, 204.893, 14.9829, 44.904, 0, 0, 0
2698, 0, 203.958, 14.9829, 44.6514, 0, 0, 0
2699, 0, 203.024, 14.9829, 44.4469, 0, 0, 0
2700, 0, 202.09, 14.9829, 44.2887, 0, 0, 0
2701, 0, 201.155, 14.9829, 44.0377, 0, 0, 0
2702, 0, 200.252, 14.9829, 40.9298, 0, 0, 0
2703, 0, 199.454, 14.9829, 33.8477, 0, 0, 0
2704, 0, 198.777, 14.9829, 29.3528, 0, 0, 0
2705, 0, 198.177, 14.9829, 26.4772, 0, 0, 0
2706, 0, 197.611, 14.9829, 25.9848, 0, 0, 0
2707, 0, 197.051, 14.9829, 25.8648, 0, 0, 0
2708, 0, 196.491, 14.9829, 25.8374, 0, 0, 0
2709, 0, 195.93, 14.9829, 25.7177, 0, 0, 0
2710, 0, 195.37, 14.9829, 25.6447, 0, 0, 0
2711, 0, 194.81, 14.9829, 25.525, 0, 0, 0
2712, 0, 194.308, 14.9829, 20.3583, 0, 0, 0
2713, 0, 193.909, 14.9829, 15.9532, 0, 0, 0
2714, 0, 193.584, 14.9829, 13.567, 0, 0, 0
2715, 0, 216.757, 17.9666, 17.1728, 0, 0, 0
2716, 0, 216.316, 17.9666, 27.5317, 0, 0, 0
2717, 0, 215.765, 17.9666, 28.3212, 0, 0, 0
2718, 0, 215.205, 17.9666, 28.2477, 0, 0, 0
2719, 0, 214.645, 17.9666, 28.2245, 0, 0, 0
2720, 0, 214.084, 17.9666, 28.1005, 0, 0, 0
2721, 0, 213.524, 17.9666, 28.027, 0, 0, 0
2722, 0, 212.964, 17.9666, 28.0034, 0, 0, 0
2723, 0, 212.402, 17.9666, 27.9795, 0, 0, 0
2724, 0, 211.82, 17.9666, 29.8891, 0, 0, 0
2725, 0, 211.178, 17.9666, 33.8073, 0, 0, 0
2726, 0, 210.432, 17.9666, 39.8536, 0, 0, 0
2727, 0, 209.562, 17.9666, 45.7798, 0, 0, 0
2728, 0, 208.629, 17.9666, 45.6739, 0, 0, 0
2729, 0, 207.695, 17.9666, 45.4694, 0, 0, 0
2730, 0, 206.761, 17.9666, 45.2649, 0, 0, 0
2731, 0, 205.827, 17.9666, 45.0593, 0, 0, 0
2732, 0, 204.893, 17.9666, 44.904, 0, 0, 0
2733, 0, 203.958, 17.9666, 44.6514, 0, 0, 0
2734, 0, 203.024, 17.9666, 44.4469, 0, 0, 0
2735, 0, 202.09, 17.9666, 44.2887, 0, 0, 0
2736, 0, 201.155, 17.9666, 44.0377, 0, 0, 0
2737, 0, 200.252, 17.9666, 40.9298, 0, 0, 0
2738, 0, 199.454, 17.9666, 33.8477, 0, 0, 0
2739, 0, 198.777, 17.9666, 29.3528, 0, 0, 0
2740, 0, 198.177, 17.9666, 26.4772, 0, 0, 0
2741, 0, 197.611, 17.9666, 25.9848, 0, 0, 0
2742, 0, 197.051, 17.9666, 25.8648, 0, 0, 0
2743, 0, 196.491, 17.9666, 25.8374, 0, 0, 0
2744, 0, 195.93, 17.9666, 25.7177, 0, 0, 0
2745, 0, 195.37, 17.9666, 25.6447, 0, 0, 0
2746, 0, 194.81, 17.9666, 25.525, 0, 0, 0
2747, 0, 194.308, 17.9666, 20.3583, 0, 0, 0
2748, 0, 193.909, 17.9666, 15.9532, 0, 0, 0
2749, 0, 193.584, 17.9666, 13.567, 0, 0, 0
2750, 0, 216.757, 20.9504, 17.1734, 0, 0, 0
2751, 0, 216.316, 20.9504, 27.5326, 0, 0, 0
2752, 0, 215.765, 20.9504, 28.3221, 0, 0, 0
2753, 0, 215.205, 20.9504, 28.2486, 0, 0, 0
2754, 0, 214.645, 20.9504, 28.2254, 0, 0, 0
2755, 0, 214.084, 20.9504, 28.1014, 0, 0, 0
2756, 0, 213.524, 20.9504, 28.0279, 0, 0, 0
2757, 0, 212.964, 20.9504, 28.0044, 0, 0, 0
2758, 0, 212.402, 20.9504, 27.9805, 0, 0, 0
2759, 0, 211.82, 20.9504, 29.8901, 0, 0, 0
2760, 0, 211.178, 20.9504, 33.8084, 0, 0, 0
2761, 0, 210.432, 20.9504, 39.8549, 0, 0, 0
2762, 0, 209.562, 20.9504, 45.7814, 0, 0, 0
2763, 0, 208.629, 20.9504, 45.6755, 0, 0, 0
2764, 0, 207.695, 20.9504, 45.4709, 0, 0, 0
2765, 0, 206.761, 20.9504, 45.2664, 0, 0, 0
2766, 0, 205.827, 20.9504, 45.0608, 0, 0, 0
2767, 0, 204.893, 20.9504, 44.9055, 0, 0, 0
2768, 0, 203.958, 20.9504, 44.6529, 0, 0, 0
2769, 0, 203.024, 20.9504, 44.4484, 0, 0, 0
2770, 0, 202.09, 20.9504, 44.2902, 0, 0, 0
2771, 0, 201.155, 20.9504, 44.0392, 0, 0, 0
2772, 0, 200.252, 20.9504, 40.9312, 0, 0, 0
2773, 0, 199.454, 20.9504, 33.8488, 0, 0, 0
2774, 0, 198.777, 20.9504, 29.3538, 0, 0, 0
2775, 0, 198.177, 20.9504, 26.4781, 0, 0, 0
2776, 0, 197.611, 20.9504, 25.9856, 0, 0, 0
2777, 0, 197.051, 20.9504, 25.8657, 0, 0, 0
2778, 0, 196.491, 20.9504, 25.8382, 0, 0, 0
2779, 0, 195.93, 20.9504, 25.7185, 0, 0, 0
2780, 0, 195.37, 20.9504, 25.6455, 0, 0, 0
2781, 0, 194.81, 20.9504, 25.5258, 0, 0, 0
2782, 0, 194.308, 20.9504, 20.359, 0, 0, 0
2783, 0, 193.909, 20.9504, 15.9537, 0, 0, 0
2784, 0, 193.584, 20.9504, 13.5675, 0, 0, 0
2785, 0, 216.757, 23.9342, 17.1728, 0, 0, 0
2786, 0, 216.316, 23.9342, 27.5317, 0, 0, 0
2787, 0, 215.765, 23.9342, 28.3212, 0, 0, 0
2788, 0, 215.205, 23.9342, 28.2477, 0, 0, 0
2789, 0, 214.645, 23.9342, 28.2245, 0, 0, 0
2790, 0, 214.084, 23.9342, 28.1005, 0, 0, 0
2791, 0, 213.524, 23.9342, 28.027, 0, 0, 0
2792, 0, 212.964, 23.9342, 28.0034, 0, 0, 0
2793, 0, 212.402, 23.9342, 27.9795, 0, 0, 0
2794, 0, 211.82, 23.9342, 29.8891, 0, 0, 0
2795, 0, 211.178, 23.9342, 33.8073, 0, 0, 0
2796, 0, 210.432, 23.9342, 39.8536, 0, 0, 0
2797, 0, 209.562, 23.9342, 45.7798, 0, 0, 0
2798, 0, 208.629, 23.9342, 45.6739, 0, 0, 0
2799, 0, 207.695, 23.9342, 45.4694, 0, 0, 0
2800, 0, 206.761, 23.9342, 45.2649, 0, 0, 0
2801, 0, 205.827, 23.9342, 45.0593, 0, 0, 0
2802, 0, 204.893, 23.9342, 44.904, 0, 0, 0
2803, 0, 203.958, 23.9342, 44.6514, 0, 0, 0
2804, 0, 203.024, 23.9342, 44.4469, 0, 0, 0
2805, 0, 202.09, 23.9342, 44.2887, 0, 0, 0
2806, 0, 201.155, 23.9342, 44.0377, 0, 0, 0
2807, 0, 200.252, 23.9342, 40.9298, 0, 0, 0
2808, 0, 199.454, 23.9342, 33.8477, 0, 0, 0
2809, 0, 198.777, 23.9342, 29.3528, 0, 0, 0
2810, 0, 198.177, 23.9342, 26.4772, 0, 0, 0
2811, 0, 197.611, 23.9342, 25.9848, 0, 0, 0
2812, 0, 197.051, 23.9342, 25.8648, 0, 0, 0
2813, 0, 196.491, 23.9342, 25.8374, 0, 0, 0
2814, 0, 195.93, 23.9342, 25.7177, 0, 0, 0
2815, 0, 195.37, 23.9342, 25.6447, 0, 0, 0
2816, 0, 194.81, 23.9342, 25.525, 0, 0, 0
2817, 0, 194.308, 23.9342, 20.3583, 0, 0, 0
2818, 0, 193.909, 23.9342, 15.9532, 0, 0, 0
2819, 0, 193.584, 23.9342, 13.567, 0, 0, 0
2820, 0, 216.757, 26.9178, 17.1728, 0, 0, 0
2821, 0, 216.316, 26.9178, 27.5317, 0, 0, 0
2822, 0, 215.765, 26.9178, 28.3212, 0, 0, 0
2823, 0, 215.205, 26.9178, 28.2476, 0, 0, 0
2824, 0, 214.645, 26.9178, 28.2244, 0, 0, 0
2825, 0, 214.084, 26.9178, 28.1005, 0, 0, 0
2826, 0, 213.524, 26.9178, 28.027, 0, 0, 0
2827, 0, 212.964, 26.9178, 28.0034, 0, 0, 0
2828, 0, 212.402, 26.9178, 27.9795, 0, 0, 0
2829, 0, 211.82, 26.9178, 29.8891, 0, 0, 0
2830, 0, 211.178, 26.9178, 33.8073, 0, 0, 0
2831, 0, 210.432, 26.9178, 39.8535, 0, 0, 0
2832, 0, 209.562, 26.9178, 45.7798, 0, 0, 0
2833, 0, 208.629, 26.9178, 45.6739, 0, 0, 0
2834, 0, 207.695, 26.9178, 45.4694, 0, 0, 0
2835, 0, 206.761, 26.9178, 45.2649, 0, 0, 0
2836, 0, 205.827, 26.9178, 45.0593, 0, 0, 0
2837, 0, 204.893, 26.9178, 44.904, 0, 0, 0
2838, 0, 203.958, 26.9178, 44.6514, 0, 0, 0
2839, 0, 203.024, 26.9178, 44.4469, 0, 0, 0
2840, 0, 202.09, 26.9178, 44.2886, 0, 0, 0
2841, 0, 201.155, 26.9178, 44.0377, 0, 0, 0
2842, 0, 200.252, 26.9178, 40.9298, 0, 0, 0
2843, 0, 199.454, 26.9178, 33.8477, 0, 0, 0
2844, 0, 198.777, 26.9178, 29.3528, 0, 0, 0
2845, 0, 198.177, 26.9178, 26.4772, 0, 0, 0
2846, 0, 197.611, 26.9178, 25.9848, 0, 0, 0
2847, 0, 197.051, 26.9178, 25.8648, 0, 0, 0
2848, 0, 196.491, 26.9178, 25.8374, 0, 0, 0
2849, 0, 195.93, 26.9178, 25.7177, 0, 0, 0
2850, 0, 195.37, 26.9178, 25.6446, 0, 0, 0
2851, 0, 194.81, 26.9178, 25.525, 0, 0, 0
2852, 0, 194.308, 26.9178, 20.3583, 0, 0, 0
2853, 0, 193.909, 26.9178, 15.9532, 0, 0, 0
2854, 0, 193.584, 26.9178, 13.567, 0, 0, 0
2855, 0, 216.757, 29.9016, 17.1734, 0, 0, 0
2856, 0, 216.316, 29.9016, 27.5326, 0, 0, 0
2857, 0, 215.765, 29.9016, 28.3222, 0, 0, 0
2858, 0, 215.205, 29.9016, 28.2486, 0, 0, 0
2859, 0, 214.645, 29.9016, 28.2254, 0, 0, 0
2860, 0, 214.084, 29.9016, 28.1015, 0, 0, 0
2861, 0, 213.524, 29.9016, 28.0279, 0, 0, 0
2862, 0, 212.964, 29.9016, 28.0044, 0, 0, 0
2863, 0, 212.402, 29.9016, 27.9805, 0, 0, 0
2864, 0, 211.82, 29.9016, 29.8901, 0, 0, 0
2865, 0, 211.178, 29.9016, 33.8084, 0, 0, 0
2866, 0, 210.432, 29.9016, 39.8549, 0, 0, 0
2867, 0, 209.562, 29.9016, 45.7814, 0, 0, 0
2868, 0, 208.629, 29.9016, 45.6755, 0, 0, 0
2869, 0, 207.695, 29.9016, 45.471, 0, 0, 0
2870, 0, 206.761, 29.9016, 45.2664, 0, 0, 0
2871, 0, 205.827, 29.9016, 45.0608, 0, 0, 0
2872, 0, 204.893, 29.9016, 44.9056, 0, 0, 0
2873, 0, 203.958, 29.9016, 44.6529, 0, 0, 0
2874, 0, 203.024, 29.9016, 44.4485, 0, 0, 0
2875, 0, 202.09, 29.9016, 44.2902, 0, 0, 0
2876, 0, 201.155, 29.9016, 44.0392, 0, 0, 0
2877, 0, 200.252, 29.9016, 40.9312, 0, 0, 0
2878, 0, 199.454, 29.9016, 33.8488, 0, 0, 0
2879, 0, 198.777, 29.9016, 29.3538, 0, 0, 0
2880, 0, 198.177, 29.9016, 26.4781, 0, 0, 0
2881, 0, 197.611, 29.9016, 25.9857, 0, 0, 0
2882, 0, 197.051, 29.9016, 25.8657, 0, 0, 0
2883, 0, 196.491, 29.9016, 25.8383, 0, 0, 0
2884, 0, 195.93, 29.9016, 25.7186, 0, 0, 0
2885, 0, 195.37, 29.9016, 25.6455, 0, 0, 0
2886, 0, 194.81, 29.9016, 25.5258, 0, 0, 0
2887, 0, 194.308, 29.9016, 20.359, 0, 0, 0
2888, 0, 193.909, 29.9016, 15.9538, 0, 0, 0
2889, 0, 193.584, 29.9016, 13.5675, 0, 0, 0
2890, 0, 216.757, 32.8854, 17.1728, 0, 0, 0
2891, 0, 216.316, 32.8854, 27.5317, 0, 0, 0
2892, 0, 215.765, 32.8854, 28.3212, 0, 0, 0
2893, 0, 215.205, 32.8854, 28.2476, 0, 0, 0
2894, 0, 214.645, 32.8854, 28.2244, 0, 0, 0
2895, 0, 214.084, 32.8854, 28.1005, 0, 0, 0
2896, 0, 213.524, 32.8854, 28.027, 0, 0, 0
2897, 0, 212.964, 32.8854, 28.0034, 0, 0, 0
2898, 0, 212.402, 32.8854, 27.9795, 0, 0, 0
2899, 0, 211.82, 32.8854, 29.8891, 0, 0, 0
2900, 0, 211.178, 32.8854, 33.8073, 0, 0, 0
2901, 0, 210.432, 32.8854, 39.8535, 0, 0, 0
2902, 0, 209.562, 32.8854, 45.7798, 0, 0, 0
2903, 0, 208.629, 32.8854, 45.6739, 0, 0, 0
2904, 0, 207.695, 32.8854, 45.4694, 0, 0, 0
2905, 0, 206.761, 32.8854, 45.2649, 0, 0, 0
2906, 0, 205.827, 32.8854, 45.0593, 0, 0, 0
2907, 0, 204.893, 32.8854, 44.904, 0, 0, 0
2908, 0, 203.958, 32.8854, 44.6514, 0, 0, 0
2909, 0, 203.024, 32.8854, 44.4469, 0, 0, 0
2910, 0, 202.09, 32.8854, 44.2886, 0, 0, 0
2911, 0, 201.155, 32.8854, 44.0377, 0, 0, 0
2912, 0, 200.252, 32.8854, 40.9298, 0, 0, 0
2913, 0, 199.454, 32.8854, 33.8477, 0, 0, 0
2914, 0, 198.777, 32.8854, 29.3528, 0, 0, 0
2915, 0, 198.177, 32.8854, 26.4772, 0, 0, 0
2916, 0, 197.611, 32.8854, 25.9848, 0, 0, 0
2917, 0, 197.051, 32.8854, 25.8648, 0, 0, 0
2918, 0, 196.491, 32.8854, 25.8374, 0, 0, 0
2919, 0, 195.93, 32.8854, 25.7177, 0, 0, 0
2920, 0, 195.37, 32.8854, 25.6446, 0, 0, 0
2921, 0, 194.81, 32.8854, 25.525, 0, 0, 0
2922, 0, 194.308, 32.8854, 20.3583, 0, 0, 0
2923, 0, 193.909, 32.8854, 15.9532, 0, 0, 0
2924, 0, 193.584, 32.8854, 13.567, 0, 0, 0
2925, 0, 216.757, 35.8691, 17.1728, 0, 0, 0
2926, 0, 216.316, 35.8691, 27.5317, 0, 0, 0
2927, 0, 215.765, 35.8691, 28.3212, 0, 0, 0
2928, 0, 215.205, 35.8691, 28.2477, 0, 0, 0
2929, 0, 214.645, 35.8691, 28.2245, 0, 0, 0
2930, 0, 214.084, 35.8691, 28.1005, 0, 0, 0
2931, 0, 213.524, 35.8691, 28.027, 0, 0, 0
2932, 0, 212.964, 35.8691, 28.0034, 0, 0, 0
2933, 0, 212.402, 35.8691, 27.9795, 0, 0, 0
2934, 0, 211.82, 35.8691, 29.8891, 0, 0, 0
2935, 0, 211.178, 35.8691, 33.8073, 0, 0, 0
2936, 0, 210.432, 35.8691, 39.8536, 0, 0, 0
2937, 0, 209.562, 35.8691, 45.7798, 0, 0, 0
2938, 0, 208.629, 35.8691, 45.6739, 0, 0, 0
2939, 0, 207.695, 35.8691, 45.4694, 0, 0, 0
2940, 0, 206.761, 35.8691, 45.2649, 0, 0, 0
2941, 0, 205.827, 35.8691, 45.0593, 0, 0, 0
2942, 0, 204.893, 35.8691, 44.904, 0, 0, 0
2943, 0, 203.958, 35.8691, 44.6514, 0, 0, 0
2944, 0, 203.024, 35.8691, 44.447, 0, 0, 0
2945, 0, 202.09, 35.8691, 44.2887, 0, 0, 0
2946, 0, 201.155, 35.8691, 44.0377, 0, 0, 0
2947, 0, 200.252, 35.8691, 40.9298, 0, 0, 0
2948, 0, 199.454, 35.8691, 33.8477, 0, 0, 0
2949, 0, 198.777, 35.8691, 29.3528, 0, 0, 0
2950, 0, 198.177, 35.8691, 26.4772, 0, 0, 0
2951, 0, 197.611, 35.8691, 25.9848, 0, 0, 0
2952, 0, 197.051, 35.8691, 25.8648, 0, 0, 0
2953, 0, 196.491, 35.8691, 25.8374, 0, 0, 0
2954, 0, 195.93, 35.8691, 25.7177, 0, 0, 0
2955, 0, 195.37, 35.8691, 25.6447, 0, 0, 0
2956, 0, 194.81, 35.8691, 25.525, 0, 0, 0
2957, 0, 194.308, 35.8691, 20.3583, 0, 0, 0
2958, 0, 193.909, 35.8691, 15.9532, 0, 0, 0
2959, 0, 193.584, 35.8691, 13.567, 0, 0, 0
2960, 0, 216.757, 38.8528, 17.1734, 0, 0, 0
2961, 0, 216.316, 38.8528, 27.5326, 0, 0, 0
2962, 0, 215.765, 38.8528, 28.3221, 0, 0, 0
2963, 0, 215.205, 38.8528, 28.2486, 0, 0, 0
2964, 0, 214.645, 38.8528, 28.2254, 0, 0, 0
2965, 0, 214.084, 38.8528, 28.1014, 0, 0, 0
2966, 0, 213.524, 38.8528, 28.0279, 0, 0, 0
2967, 0, 212.964, 38.8528, 28.0044, 0, 0, 0
2968, 0, 212.402, 38.8528, 27.9804, 0, 0, 0
2969, 0, 211.82, 38.8528, 29.8901, 0, 0, 0
2970, 0, 211.178, 38.8528, 33.8084, 0, 0, 0
2971, 0, 210.432, 38.8528, 39.8549, 0, 0, 0
2972, 0, 209.562, 38.8528, 45.7813, 0, 0, 0
2973, 0, 208.629, 38.8528, 45.6755, 0, 0, 0
2974, 0, 207.695, 38.8528, 45.4709, 0, 0, 0
2975, 0, 206.761, 38.8528, 45.2664, 0, 0, 0
2976, 0, 205.827, 38.8528, 45.0608, 0, 0, 0
2977, 0, 204.893, 38.8528, 44.9055, 0, 0, 0
2978, 0, 203.958, 38.8528, 44.6529, 0, 0, 0
2979, 0, 203.024, 38.8528, 44.4484, 0, 0, 0
2980, 0, 202.09, 38.8528, 44.2901, 0, 0, 0
2981, 0, 201.155, 38.8528, 44.0392, 0, 0, 0
2982, 0, 200.252, 38.8528, 40.9312, 0, 0, 0
2983, 0, 199.454, 38.8528, 33.8488, 0, 0, 0
2984, 0, 198.777, 38.8528, 29.3538, 0, 0, 0
2985, 0, 198.177, 38.8528, 26.4781, 0, 0, 0
2986, 0, 197.611, 38.8528, 25.9856, 0, 0, 0
2987, 0, 197.051, 38.8528, 25.8657, 0, 0, 0
2988, 0, 196.491, 38.8528, 25.8382, 0, 0, 0
2989, 0, 195.93, 38.8528, 25.7185, 0, 0, 0
2990, 0, 195.37, 38.8528, 25.6455, 0, 0, 0
2991, 0, 194.81, 38.8528, 25.5258, 0, 0, 0
2992, 0, 194.308, 38.8528, 20.359, 0, 0, 0
2993, 0, 193.909, 38.8528, 15.9537, 0, 0, 0
2994, 0, 193.584, 38.8528, 13.5675, 0, 0, 0
2995, 0, 216.757, 41.8366, 17.1728, 0, 0, 0
2996, 0, 216.316, 41.8366, 27.5317, 0, 0, 0
2997, 0, 215.765, 41.8366, 28.3212, 0, 0, 0
2998, 0, 215.205, 41.8366, 28.2477, 0, 0, 0
2999, 0, 214.645, 41.8366, 28.2245, 0, 0, 0
3000, 0, 214.084, 41.8366, 28.1005, 0, 0, 0
3001, 0, 213.524, 41.8366, 28.027, 0, 0, 0
3002, 0, 212.964, 41.8366, 28.0034, 0, 0, 0
3003, 0, 212.402, 41.8366, 27.9795, 0, 0, 0
3004, 0, 211.82, 41.8366, 29.8891, 0, 0, 0
3005, 0, 211.178, 41.8366, 33.8073, 0, 0, 0
3006, 0, 210.432, 41.8366, 39.8536, 0, 0, 0
3007, 0, 209.562, 41.8366, 45.7798, 0, 0, 0
3008, 0, 208.629, 41.8366, 45.6739, 0, 0, 0
3009, 0, 207.695, 41.8366, 45.4694, 0, 0, 0
3010, 0, 206.761, 41.8366, 45.2649, 0, 0, 0
3011, 0, 205.827, 41.8366, 45.0593, 0, 0, 0
3012, 0, 204.893, 41.8366, 44.904, 0, 0, 0
3013, 0, 203.958, 41.8366, 44.6514, 0, 0, 0
3014, 0, 203.024, 41.8366, 44.447, 0, 0, 0
3015, 0, 202.09, 41.8366, 44.2887, 0, 0, 0
3016, 0, 201.155, 41.8366, 44.0377, 0, 0, 0
3017, 0, 200.252, 41.8366, 40.9298, 0, 0, 0
3018, 0, 199.454, 41.8366, 33.8477, 0, 0, 0
3019, 0, 198.777, 41.8366, 29.3528, 0, 0, 0
3020, 0, 198.177, 41.8366, 26.4772, 0, 0, 0
3021, 0, 197.611, 41.8366, 25.9848, 0, 0, 0
3022, 0, 197.051, 41.8366, 25.8648, 0, 0, 0
3023, 0, 196.491, 41.8366, 25.8374, 0, 0, 0
3024, 0, 195.93, 41.8366, 25.7177, 0, 0, 0
3025, 0, 195.37, 41.8366, 25.6447, 0, 0, 0
3026, 0, 194.81, 41.8366, 25.525, 0, 0, 0
3027, 0, 194.308, 41.8366, 20.3583, 0, 0, 0
3028, 0, 193.909, 41.8366, 15.9532, 0, 0, 0
3029, 0, 193.584, 41.8366, 13.567, 0, 0, 0
3030, 0, 216.757, 44.8203, 17.1728, 0, 0, 0
3031, 0, 216.316, 44.8203, 27.5317, 0, 0, 0
3032, 0, 215.765, 44.8203, 28.3212, 0, 0, 0
3033, 0, 215.205, 44.8203, 28.2476, 0, 0, 0
3034, 0, 214.645, 44.8203, 28.2244, 0, 0, 0
3035, 0, 214.084, 44.8203, 28.1005, 0, 0, 0
3036, 0, 213.524, 44.8203, 28.027, 0, 0, 0
3037, 0, 212.964, 44.8203, 28.0034, 0, 0, 0
3038, 0, 212.402, 44.8203, 27.9795, 0, 0, 0
3039, 0, 211.82, 44.8203, 29.8891, 0, 0, 0
3040, 0, 211.178, 44.8203, 33.8073, 0, 0, 0
3041, 0, 210.432, 44.8203, 39.8535, 0, 0, 0
3042, 0, 209.562, 44.8203, 45.7798, 0, 0, 0
3043, 0, 208.629, 44.8203, 45.6739, 0, 0, 0
3044, 0, 207.695, 44.8203, 45.4694, 0, 0, 0
3045, 0, 206.761, 44.8203, 45.2649, 0, 0, 0
3046, 0, 205.827, 44.8203, 45.0593, 0, 0, 0
3047, 0, 204.893, 44.8203, 44.904, 0, 0, 0
3048, 0, 203.958, 44.8203, 44.6514, 0, 0, 0
3049, 0, 203.024, 44.8203, 44.4469, 0, 0, 0
3050, 0, 202.09, 44.8203, 44.2886, 0, 0, 0
3051, 0, 201.155, 44.8203, 44.0377, 0, 0, 0
3052, 0, 200.252, 44.8203, 40.9298, 0, 0, 0
3053, 0, 199.454, 44.8203, 33.8477, 0, 0, 0
3054, 0, 198.777, 44.8203, 29.3528, 0, 0, 0
3055, 0, 198.177, 44.8203, 26.4772, 0, 0, 0
3056, 0, 197.611, 44.8203, 25.9848, 0, 0, 0
3057, 0, 197.051, 44.8203, 25.8648, 0, 0, 0
3058, 0, 196.491, 44.8203, 25.8374, 0, 0, 0
3059, 0, 195.93, 44.8203, 25.7177, 0, 0, 0
3060, 0, 195.37, 44.8203, 25.6446, 0, 0, 0
3061, 0, 194.81, 44.8203, 25.525, 0, 0, 0
3062, 0, 194.308, 44.8203, 20.3583, 0, 0, 0
3063, 0, 193.909, 44.8203, 15.9532, 0, 0, 0
3064, 0, 193.584, 44.8203, 13.567, 0, 0, 0
3065, 0, 216.757, 47.804, 17.1734, 0, 0, 0
3066, 0, 216.316, 47.804, 27.5326, 0, 0, 0
3067, 0, 215.765, 47.804, 28.3221, 0, 0, 0
3068, 0, 215.205, 47.804, 28.2486, 0, 0, 0
3069, 0, 214.645, 47.804, 28.2254, 0, 0, 0
3070, 0, 214.084, 47.804, 28.1014, 0, 0, 0
3071, 0, 213.524, 47.804, 28.0279, 0, 0, 0
3072, 0, 212.964, 47.804, 28.0044, 0, 0, 0
3073, 0, 212.402, 47.804, 27.9804, 0, 0, 0
3074, 0, 211.82, 47.804, 29.8901, 0, 0, 0
3075, 0, 211.178, 47.804, 33.8084, 0, 0, 0
3076, 0, 210.432, 47.804, 39.8549, 0, 0, 0
3077, 0, 209.562, 47.804, 45.7813, 0, 0, 0
3078, 0, 208.629, 47.804, 45.6755, 0, 0, 0
3079, 0, 207.695, 47.804, 45.4709, 0, 0, 0
3080, 0, 206.761, 47.804, 45.2664, 0, 0, 0
3081, 0, 205.827, 47.804, 45.0608, 0, 0, 0
3082, 0, 204.893, 47.804, 44.9055, 0, 0, 0
3083, 0, 203.958, 47.804, 44.6529, 0, 0, 0
3084, 0, 203.024, 47.804, 44.4484, 0, 0, 0
3085, 0, 202.09, 47.804, 44.2901, 0, 0, 0
3086, 0, 201.155, 47.804, 44.0392, 0, 0, 0
3087, 0, 200.252, 47.804, 40.9312, 0, 0, 0
3088, 0, 199.454, 47.804, 33.8488, 0, 0, 0
3089, 0, 198.777, 47.804, 29.3538, 0, 0, 0
3090, 0, 198.177, 47.804, 26.4781, 0, 0, 0
3091, 0, 197.611, 47.804, 25.9856, 0, 0, 0
3092, 0, 197.051, 47.804, 25.8657, 0, 0, 0
3093, 0, 196.491, 47.804, 25.8382, 0, 0, 0
3094, 0, 195.93, 47.804, 25.7185, 0, 0, 0
3095, 0, 195.37, 47.804, 25.6455, 0, 0, 0
3096, 0, 194.81, 47.804, 25.5258, 0, 0, 0
3097, 0, 194.308, 47.804, 20.359, 0, 0, 0
3098, 0, 193.909, 47.804, 15.9537, 0, 0, 0
3099, 0, 193.584, 47.804, 13.5675, 0, 0, 0
3100, 0, 216.757, 50.7877, 17.1728, 0, 0, 0
3101, 0, 216.316, 50.7877, 27.5317, 0, 0, 0
3102, 0, 215.765, 50.7877, 28.3212, 0, 0, 0
3103, 0, 215.205, 50.7877, 28.2476, 0, 0, 0
3104, 0, 214.645, 50.7877, 28.2244, 0, 0, 0
3105, 0, 214.084, 50.7877, 28.1005, 0, 0, 0
3106, 0, 213.524, 50.7877, 28.027, 0, 0, 0
3107, 0, 212.964, 50.7877, 28.0034, 0, 0, 0
3108, 0, 212.402, 50.7877, 27.9795, 0, 0, 0
3109, 0, 211.82, 50.7877, 29.8891, 0, 0, 0
3110, 0, 211.178, 50.7877, 33.8073, 0, 0, 0
3111, 0, 210.432, 50.7877, 39.8535, 0, 0, 0
3112, 0, 209.562, 50.7877, 45.7798, 0, 0, 0
3113, 0, 208.629, 50.7877, 45.6739, 0, 0, 0
3114, 0, 207.695, 50.7877, 45.4694, 0, 0, 0
3115, 0, 206.761, 50.7877, 45.2649, 0, 0, 0
3116, 0, 205.827, 50.7877, 45.0593, 0, 0, 0
3117, 0, 204.893, 50.7877, 44.904, 0, 0, 0
3118, 0, 203.958, 50.7877, 44.6514, 0, 0, 0
3119, 0, 203.024, 50.7877, 44.4469, 0, 0, 0
3120, 0, 202.09, 50.7877, 44.2886, 0, 0, 0
3121, 0, 201.155, 50.7877, 44.0377, 0, 0, 0
3122, 0, 200.252, 50.7877, 40.9298, 0, 0, 0
3123, 0, 199.454, 50.7877, 33.8477, 0, 0, 0
3124, 0, 198.777, 50.7877, 29.3528, 0, 0, 0
3125, 0, 198.177, 50.7877, 26.4772, 0, 0, 0
3126, 0, 197.611, 50.7877, 25.9848, 0, 0, 0
3127, 0, 197.051, 50.7877, 25.8648, 0, 0, 0
3128, 0, 196.491, 50.7877, 25.8374, 0, 0, 0
3129, 0, 195.93, 50.7877, 25.7177, 0, 0, 0
3130, 0, 195.37, 50.7877, 25.6446, 0, 0, 0
3131, 0, 194.81, 50.7877, 25.525, 0, 0, 0
3132, 0, 194.308, 50.7877, 20.3583, 0, 0, 0
3133, 0, 193.909, 50.7877, 15.9532, 0, 0, 0
3134, 0, 193.584, 50.7877, 13.567, 0, 0, 0
3135, 0, 216.757, 53.7714, 17.1728, 0, 0, 0
3136, 0, 216.316, 53.7714, 27.5317, 0, 0, 0
3137, 0, 215.765, 53.7714, 28.3212, 0, 0, 0
3138, 0, 215.205, 53.7714, 28.2477, 0, 0, 0
3139, 0, 214.645, 53.7714, 28.2245, 0, 0, 0
3140, 0, 214.084, 53.7714, 28.1005, 0, 0, 0
3141, 0, 213.524, 53.7714, 28.027, 0, 0, 0
3142, 0, 212.964, 53.7714, 28.0034, 0, 0, 0
3143, 0, 212.402, 53.7714, 27.9795, 0, 0, 0
3144, 0, 211.82, 53.7714, 29.8891, 0, 0, 0
3145, 0, 211.178, 53.7714, 33.8073, 0, 0, 0
3146, 0, 210.432, 53.7714, 39.8536, 0, 0, 0
3147, 0, 209.562, 53.7714, 45.7798, 0, 0, 0
3148, 0, 208.629, 53.7714, 45.6739, 0, 0, 0
3149, 0, 207.695, 53.7714, 45.4694, 0, 0, 0
3150, 0, 206.761, 53.7714, 45.2649, 0, 0, 0
3151, 0, 205.827, 53.7714, 45.0593, 0, 0, 0
3152, 0, 204.893, 53.7714, 44.904, 0, 0, 0
3153, 0, 203.958, 53.7714, 44.6514, 0, 0, 0
3154, 0, 203.024, 53.7714, 44.447, 0, 0, 0
3155, 0, 202.09, 53.7714, 44.2887, 0, 0, 0
3156, 0, 201.155, 53.7714, 44.0377, 0, 0, 0
3157, 0, 200.252, 53.7714, 40.9298, 0, 0, 0
3158, 0, 199.454, 53.7714, 33.8477, 0, 0, 0
3159, 0, 198.777, 53.7714, 29.3528, 0, 0, 0
3160, 0, 198.177, 53.7714, 26.4772, 0, 0, 0
3161, 0, 197.611, 53.7714, 25.9848, 0, 0, 0
3162, 0, 197.051, 53.7714, 25.8648, 0, 0, 0
3163, 0, 196.491, 53.7714, 25.8374, 0, 0, 0
3164, 0, 195.93, 53.7714, 25.7177, 0, 0, 0
3165, 0, 195.37, 53.7714, 25.6447, 0, 0, 0
3166, 0, 194.81, 53.7714, 25.525, 0, 0, 0
3167, 0, 194.308, 53.7714, 20.3583, 0, 0, 0
3168, 0, 193.909, 53.7714, 15.9532, 0, 0, 0
3169, 0, 193.584, 53.7714, 13.567, 0, 0, 0
3170, 0, 216.757, 56.7552, 17.1734, 0, 0, 0
3171, 0, 216.316, 56.7552, 27.5326, 0, 0, 0
3172, 0, 215.765, 56.7552, 28.3222, 0, 0, 0
3173, 0, 215.205, 56.7552, 28.2486, 0, 0, 0
3174, 0, 214.645, 56.7552, 28.2254, 0, 0, 0
3175, 0, 214.084, 56.7552, 28.1015, 0, 0, 0
3176, 0, 213.524, 56.7552, 28.0279, 0, 0, 0
3177, 0, 212.964, 56.7552, 28.0044, 0, 0, 0
3178, 0, 212.402, 56.7552, 27.9805, 0, 0, 0
3179, 0, 211.82, 56.7552, 29.8901, 0, 0, 0
3180, 0, 211.178, 56.7552, 33.8084, 0, 0, 0
3181, 0, 210.432, 56.7552, 39.8549, 0, 0, 0
3182, 0, 209.562, 56.7552, 45.7814, 0, 0, 0
3183, 0, 208.629, 56.7552, 45.6755, 0, 0, 0
3184, 0, 207.695, 56.7552, 45.471, 0, 0, 0
3185, 0, 206.761, 56.7552, 45.2664, 0, 0, 0
3186, 0, 205.827, 56.7552, 45.0608, 0, 0, 0
3187, 0, 204.893, 56.7552, 44.9056, 0, 0, 0
3188, 0, 203.958, 56.7552, 44.6529, 0, 0, 0
3189, 0, 203.024, 56.7552, 44.4485, 0, 0, 0
3190, 0, 202.09, 56.7552, 44.2902, 0, 0, 0
3191, 0, 201.155, 56.7552, 44.0392, 0, 0, 0
3192, 0, 200.252, 56.7552, 40.9312, 0, 0, 0
3193, 0, 199.454, 56.7552, 33.8488, 0, 0, 0
3194, 0, 198.777, 56.7552, 29.3538, 0, 0, 0
3195, 0, 198.177, 56.7552, 26.4781, 0, 0, 0
3196, 0, 197.611, 56.7552, 25.9857, 0, 0, 0
3197, 0, 197.051, 56.7552, 25.8657, 0, 0, 0
3198, 0, 196.491, 56.7552, 25.8383, 0, 0, 0
3199, 0, 195.93, 56.7552, 25.7186, 0, 0, 0
3200, 0, 195.37, 56.7552, 25.6455, 0, 0, 0
3201, 0, 194.81, 56.7552, 25.5258, 0, 0, 0
3202, 0, 194.308, 56.7552, 20.359, 0, 0, 0
3203, 0, 193.909, 56.7552, 15.9538, 0, 0, 0
3204, 0, 193.584, 56.7552, 13.5675, 0, 0, 0
3205, 0, 216.757, 59.739, 17.1728, 0, 0, 0
3206, 0, 216.316, 59.739, 27.5317, 0, 0, 0
3207, 0, 215.765, 59.739, 28.3212, 0, 0, 0
3208, 0, 215.205, 59.739, 28.2477, 0, 0, 0
3209, 0, 214.645, 59.739, 28.2245, 0, 0, 0
3210, 0, 214.084, 59.739, 28.1005, 0, 0, 0
3211, 0, 213.524, 59.739, 28.027, 0, 0, 0
3212, 0, 212.964, 59.739, 28.0034, 0, 0, 0
3213, 0, 212.402, 59.739, 27.9795, 0, 0, 0
3214, 0, 211.82, 59.739, 29.8891, 0, 0, 0
3215, 0, 211.178, 59.739, 33.8073, 0, 0, 0
3216, 0, 210.432, 59.739, 39.8536, 0, 0, 0
3217, 0, 209.562, 59.739, 45.7798, 0, 0, 0
3218, 0, 208.629, 59.739, 45.6739, 0, 0, 0
3219, 0, 207.695, 59.739, 45.4694, 0, 0, 0
3220, 0, 206.761, 59.739, 45.2649, 0, 0, 0
3221, 0, 205.827, 59.739, 45.0593, 0, 0, 0
3222, 0, 204.893, 59.739, 44.904, 0, 0, 0
3223, 0, 203.958, 59.739, 44.6514, 0, 0, 0
3224, 0, 203.024, 59.739, 44.447, 0, 0, 0
3225, 0, 202.09, 59.739, 44.2887, 0, 0, 0
3226, 0, 201.155, 59.739, 44.0377, 0, 0, 0
3227, 0, 200.252, 59.739, 40.9298, 0, 0, 0
3228, 0, 199.454, 59.739, 33.8477, 0, 0, 0
3229, 0, 198.777, 59.739, 29.3528, 0, 0, 0
3230, 0, 198.177, 59.739, 26.4772, 0, 0, 0
3231, 0, 197.611, 59.739, 25.9848, 0, 0, 0
3232, 0, 197.051, 59.739, 25.8648, 0, 0, 0
3233, 0, 196.491, 59.739, 25.8374, 0, 0, 0
3234, 0, 195.93, 59.739, 25.7177, 0, 0, 0
3235, 0, 195.37, 59.739, 25.6447, 0, 0, 0
3236, 0, 194.81, 59.739, 25.525, 0, 0, 0
3237, 0, 194.308, 59.739, 20.3583, 0, 0, 0
3238, 0, 193.909, 59.739, 15.9532, 0, 0, 0
3239, 0, 193.584, 59.739, 13.567, 0, 0, 0
3240, 0, 216.757, 62.7227, 17.1728, 0, 0, 0
3241, 0, 216.316, 62.7227, 27.5316, 0, 0, 0
3242, 0, 215.765, 62.7227, 28.3211, 0, 0, 0
3243, 0, 215.205, 62.7227, 28.2476, 0, 0, 0
3244, 0, 214.645, 62.7227, 28.2244, 0, 0, 0
3245, 0, 214.084, 62.7227, 28.1004, 0, 0, 0
3246, 0, 213.524, 62.7227, 28.0269, 0, 0, 0
3247, 0, 212.964, 62.7227, 28.0034, 0, 0, 0
3248, 0, 212.402, 62.7227, 27.9795, 0, 0, 0
3249, 0, 211.82, 62.7227, 29.8891, 0, 0, 0
3250, 0, 211.178, 62.7227, 33.8072, 0, 0, 0
3251, 0, 210.432, 62.7227, 39.8535, 0, 0, 0
3252, 0, 209.562, 62.7227, 45.7797, 0, 0, 0
3253, 0, 208.629, 62.7227, 45.6739, 0, 0, 0
3254, 0, 207.695, 62.7227, 45.4693, 0, 0, 0
3255, 0, 206.761, 62.7227, 45.2648, 0, 0, 0
3256, 0, 205.827, 62.7227, 45.0592, 0, 0, 0
3257, 0, 204.893, 62.7227, 44.9039, 0, 0, 0
3258, 0, 203.958, 62.7227, 44.6513, 0, 0, 0
3259, 0, 203.024, 62.7227, 44.4469, 0, 0, 0
3260, 0, 202.09, 62.7227, 44.2886, 0, 0, 0
3261, 0, 201.155, 62.7227, 44.0376, 0, 0, 0
3262, 0, 200.252, 62.7227, 40.9297, 0, 0, 0
3263, 0, 199.454, 62.7227, 33.8476, 0, 0, 0
3264, 0, 198.777, 62.7227, 29.3527, 0, 0, 0
3265, 0, 198.177, 62.7227, 26.4771, 0, 0, 0
3266, 0, 197.611, 62.7227, 25.9847, 0, 0, 0
3267, 0, 197.051, 62.7227, 25.8648, 0, 0, 0
3268, 0, 196.491, 62.7227, 25.8373, 0, 0, 0
3269, 0, 195.93, 62.7227, 25.7176, 0, 0, 0
3270, 0, 195.37, 62.7227, 25.6446, 0, 0, 0
3271, 0, 194.81, 62.7227, 25.5249, 0, 0, 0
3272, 0, 194.308, 62.7227, 20.3583, 0, 0, 0
3273, 0, 193.909, 62.7227, 15.9532, 0, 0, 0
3274, 0, 193.584, 62.7227, 13.567, 0, 0, 0
3275, 0, 216.757, 65.7064, 17.1734, 0, 0, 0
3276, 0, 216.316, 65.7064, 27.5326, 0, 0, 0
3277, 0, 215.765, 65.7064, 28.3222, 0, 0, 0
3278, 0, 215.205, 65.7064, 28.2486, 0, 0, 0
3279, 0, 214.645, 65.7064, 28.2254, 0, 0, 0
3280, 0, 214.084, 65.7064, 28.1015, 0, 0, 0
3281, 0, 213.524, 65.7064, 28.0279, 0, 0, 0
3282, 0, 212.964, 65.7064, 28.0044, 0, 0, 0
3283, 0, 212.402, 65.7064, 27.9805, 0, 0, 0
3284, 0, 211.82, 65.7064, 29.8901, 0, 0, 0
3285, 0, 211.178, 65.7064, 33.8084, 0, 0, 0
3286, 0, 210.432, 65.7064, 39.8549, 0, 0, 0
3287, 0, 209.562, 65.7064, 45.7814, 0, 0, 0
3288, 0, 208.629, 65.7064, 45.6755, 0, 0, 0
3289, 0, 207.695, 65.7064, 45.471, 0, 0, 0
3290, 0, 206.761, 65.7064, 45.2664, 0, 0, 0
3291, 0, 205.827, 65.7064, 45.0608, 0, 0, 0
3292, 0, 204.893, 65.7064, 44.9056, 0, 0, 0
3293, 0, 203.958, 65.7064, 44.6529, 0, 0, 0
3294, 0, 203.024, 65.7064, 44.4485, 0, 0, 0
3295, 0, 202.09, 65.7064, 44.2902, 0, 0, 0
3296, 0, 201.155, 65.7064, 44.0392, 0, 0, 0
3297, 0, 200.252, 65.7064, 40.9312, 0, 0, 0
3298, 0, 199.454, 65.7064, 33.8488, 0, 0, 0
3299, 0, 198.777, 65.7064, 29.3538, 0, 0, 0
3300, 0, 198.177, 65.7064, 26.4781, 0, 0, 0
3301, 0, 197.611, 65.7064, 25.9857, 0, 0, 0
3302, 0, 197.051, 65.7064, 25.8657, 0, 0, 0
3303, 0, 196.491, 65.7064, 25.8383, 0, 0, 0
3304, 0, 195.93, 65.7064, 25.7186, 0, 0, 0
3305, 0, 195.37, 65.7064, 25.6455, 0, 0, 0
3306, 0, 194.81, 65.7064, 25.5258, 0, 0, 0
3307, 0, 194.308, 65.7064, 20.359, 0, 0, 0
3308, 0, 193.909, 65.7064, 15.9538, 0, 0, 0
3309, 0, 193.584, 65.7064, 13.5675, 0, 0, 0
3310, 0, 216.757, 68.6902, 17.1728, 0, 0, 0
3311, 0, 216.316, 68.6902, 27.5317, 0, 0, 0
3312, 0, 215.765, 68.6902, 28.3212, 0, 0, 0
3313, 0, 215.205, 68.6902, 28.2477, 0, 0, 0
3314, 0, 214.645, 68.6902, 28.2245, 0, 0, 0
3315, 0, 214.084, 68.6902, 28.1005, 0, 0, 0
3316, 0, 213.524, 68.6902, 28.027, 0, 0, 0
3317, 0, 212.964, 68.6902, 28.0034, 0, 0, 0
3318, 0, 212.402, 68.6902, 27.9795, 0, 0, 0
3319, 0, 211.82, 68.6902, 29.8891, 0, 0, 0
3320, 0, 211.178, 68.6902, 33.8073, 0, 0, 0
3321, 0, 210.432, 68.6902, 39.8536, 0, 0, 0
3322, 0, 209.562, 68.6902, 45.7798, 0, 0, 0
3323, 0, 208.629, 68.6902, 45.6739, 0, 0, 0
3324, 0, 207.695, 68.6902, 45.4694, 0, 0, 0
3325, 0, 206.761, 68.6902, 45.2649, 0, 0, 0
3326, 0, 205.827, 68.6902, 45.0593, 0, 0, 0
3327, 0, 204.893, 68.6902, 44.904, 0, 0, 0
3328, 0, 203.958, 68.6902, 44.6514, 0, 0, 0
3329, 0, 203.024, 68.6902, 44.447, 0, 0, 0
3330, 0, 202.09, 68.6902, 44.2887, 0, 0, 0
3331, 0, 201.155, 68.6902, 44.0377, 0, 0, 0
3332, 0, 200.252, 68.6902, 40.9298, 0, 0, 0
3333, 0, 199.454, 68.6902, 33.8477, 0, 0, 0
3334, 0, 198.777, 68.6902, 29.3528, 0, 0, 0
3335, 0, 198.177, 68.6902, 26.4772, 0, 0, 0
3336, 0, 197.611, 68.6902, 25.9848, 0, 0, 0
3337, 0, 197.051, 68.6902, 25.8648, 0, 0, 0
3338, 0, 196.491, 68.6902, 25.8374, 0, 0, 0
3339, 0, 195.93, 68.6902, 25.7177, 0, 0, 0
3340, 0, 195.37, 68.6902, 25.6447, 0, 0, 0
3341, 0, 194.81, 68.6902, 25.525, 0, 0, 0
3342, 0, 194.308, 68.6902, 20.3583, 0, 0, 0
3343, 0, 193.909, 68.6902, 15.9532, 0, 0, 0
3344, 0, 193.584, 68.6902, 13.567, 0, 0, 0
3345, 0, 216.757, 71.6739, 17.1728, 0, 0, 0
3346, 0, 216.316, 71.6739, 27.5317, 0, 0, 0
3347, 0, 215.765, 71.6739, 28.3212, 0, 0, 0
3348, 0, 215.205, 71.6739, 28.2477, 0, 0, 0
3349, 0, 214.645, 71.6739, 28.2245, 0, 0, 0
3350, 0, 214.084, 71.6739, 28.1005, 0, 0, 0
3351, 0, 213.524, 71.6739, 28.027, 0, 0, 0
3352, 0, 212.964, 71.6739, 28.0034, 0, 0, 0
3353, 0, 212.402, 71.6739, 27.9795, 0, 0, 0
3354, 0, 211.82, 71.6739, 29.8891, 0, 0, 0
3355, 0, 211.178, 71.6739, 33.8073, 0, 0, 0
3356, 0, 210.432, 71.6739, 39.8536, 0, 0, 0
3357, 0, 209.562, 71.6739, 45.7798, 0, 0, 0
3358, 0, 208.629, 71.6739, 45.6739, 0, 0, 0
3359, 0, 207.695, 71.6739, 45.4694, 0, 0, 0
3360, 0, 206.761, 71.6739, 45.2649, 0, 0, 0
3361, 0, 205.827, 71.6739, 45.0593, 0, 0, 0
3362, 0, 204.893, 71.6739, 44.904, 0, 0, 0
3363, 0, 203.958, 71.6739, 44.6514, 0, 0, 0
3364, 0, 203.024, 71.6739, 44.447, 0, 0, 0
3365, 0, 202.09, 71.6739, 44.2887, 0, 0, 0
3366, 0, 201.155, 71.6739, 44.0377, 0, 0, 0
3367, 0, 200.252, 71.6739, 40.9298, 0, 0, 0
3368, 0, 199.454, 71.6739, 33.8477, 0, 0, 0
3369, 0, 198.777, 71.6739, 29.3528, 0, 0, 0
3370, 0, 198.177, 71.6739, 26.4772, 0, 0, 0
3371, 0, 197.611, 71.6739, 25.9848, 0, 0, 0
3372, 0, 197.051, 71.6739, 25.8648, 0, 0, 0
3373, 0, 196.491, 71.6739, 25.8374, 0, 0, 0
3374, 0, 195.93, 71.6739, 25.7177, 0, 0, 0
3375, 0, 195.37, 71.6739, 25.6447, 0, 0, 0
3376, 0, 194.81, 71.6739, 25.525, 0, 0, 0
3377, 0, 194.308, 71.6739, 20.3583, 0, 0, 0
3378, 0, 193.909, 71.6739, 15.9532, 0, 0, 0
3379, 0, 193.584, 71.6739, 13.567, 0, 0, 0
3380, 0, 216.757, 74.6576, 17.1734, 0, 0, 0
3381, 0, 216.316, 74.6576, 27.5326, 0, 0, 0
3382, 0, 215.765, 74.6576, 28.3221, 0, 0, 0
3383, 0, 215.205, 74.6576, 28.2486, 0, 0, 0
3384, 0, 214.645, 74.6576, 28.2254, 0, 0, 0
3385, 0, 214.084, 74.6576, 28.1014, 0, 0, 0
3386, 0, 213.524, 74.6576, 28.0279, 0, 0, 0
3387, 0, 212.964, 74.6576, 28.0043, 0, 0, 0
3388, 0, 212.402, 74.6576, 27.9804, 0, 0, 0
3389, 0, 211.82, 74.6576, 29.8901, 0, 0, 0
3390, 0, 211.178, 74.6576, 33.8084, 0, 0, 0
3391, 0, 210.432, 74.6576, 39.8549, 0, 0, 0
3392, 0, 209.562, 74.6576, 45.7813, 0, 0, 0
3393, 0, 208.629, 74.6576, 45.6754, 0, 0, 0
3394, 0, 207.695, 74.6576, 45.4709, 0, 0, 0
3395, 0, 206.761, 74.6576, 45.2663, 0, 0, 0
3396, 0, 205.827, 74.6576, 45.0608, 0, 0, 0
3397, 0, 204.893, 74.6576, 44.9055, 0, 0, 0
3398, 0, 203.958, 74.6576, 44.6528, 0, 0, 0
3399, 0, 203.024, 74.6576, 44.4484, 0, 0, 0
3400, 0, 202.09, 74.6576, 44.2901, 0, 0, 0
3401, 0, 201.155, 74.6576, 44.0391, 0, 0, 0
3402, 0, 200.252, 74.6576, 40.9311, 0, 0, 0
3403, 0, 199.454, 74.6576, 33.8488, 0, 0, 0
3404, 0, 198.777, 74.6576, 29.3537, 0, 0, 0
3405, 0, 198.177, 74.6576, 26.478, 0, 0, 0
3406, 0, 197.611, 74.6576, 25.9856, 0, 0, 0
3407, 0, 197.051, 74.6576, 25.8657, 0, 0, 0
3408, 0, 196.491, 74.6576, 25.8382, 0, 0, 0
3409, 0, 195.93, 74.6576, 25.7185, 0, 0, 0
3410, 0, 195.37, 74.6576, 25.6455, 0, 0, 0
3411, 0, 194.81, 74.6576, 25.5258, 0, 0, 0
3412, 0, 194.308, 74.6576, 20.3589, 0, 0, 0
3413, 0, 193.909, 74.6576, 15.9537, 0, 0, 0
3414, 0, 193.584, 74.6576, 13.5674, 0, 0, 0
3415, 0, 216.757, 77.6414, 17.1728, 0, 0, 0
3416, 0, 216.316, 77.6414, 27.5317, 0, 0, 0
3417, 0, 215.765, 77.6414, 28.3212, 0, 0, 0
3418, 0, 215.205, 77.6414, 28.2477, 0, 0, 0
3419, 0, 214.645, 77.6414, 28.2245, 0, 0, 0
3420, 0, 214.084, 77.6414, 28.1005, 0, 0, 0
3421, 0, 213.524, 77.6414, 28.027, 0, 0, 0
3422, 0, 212.964, 77.6414, 28.0034, 0, 0, 0
3423, 0, 212.402, 77.6414, 27.9795, 0, 0, 0
3424, 0, 211.82, 77.6414, 29.8891, 0, 0, 0
3425, 0, 211.178, 77.6414, 33.8073, 0, 0, 0
3426, 0, 210.432, 77.6414, 39.8536, 0, 0, 0
3427, 0, 209.562, 77.6414, 45.7798, 0, 0, 0
3428, 0, 208.629, 77.6414, 45.6739, 0, 0, 0
3429, 0, 207.695, 77.6414, 45.4694, 0, 0, 0
3430, 0, 206.761, 77.6414, 45.2649, 0, 0, 0
3431, 0, 205.827, 77.6414, 45.0593, 0, 0, 0
3432, 0, 204.893, 77.6414, 44.904, 0, 0, 0
3433, 0, 203.958, 77.6414, 44.6514, 0, 0, 0
3434, 0, 203.024, 77.6414, 44.447, 0, 0, 0
3435, 0, 202.09, 77.6414, 44.2887, 0, 0, 0
3436, 0, 201.155, 77.6414, 44.0377, 0, 0, 0
3437, 0, 200.252, 77.6414, 40.9298, 0, 0, 0
3438, 0, 199.454, 77.6414, 33.8477, 0, 0, 0
3439, 0, 198.777, 77.6414, 29.3528, 0, 0, 0
3440, 0, 198.177, 77.6414, 26.4772, 0, 0, 0
3441, 0, 197.611, 77.6414, 25.9848, 0, 0, 0
3442, 0, 197.051, 77.6414, 25.8648, 0, 0, 0
3443, 0, 196.491, 77.6414, 25.8374, 0, 0, 0
3444, 0, 195.93, 77.6414, 25.7177, 0, 0, 0
3445, 0, 195.37, 77.6414, 25.6447, 0, 0, 0
3446, 0, 194.81, 77.6414, 25.525, 0, 0, 0
3447, 0, 194.308, 77.6414, 20.3583, 0, 0, 0
3448, 0, 193.909, 77.6414, 15.9532, 0, 0, 0
3449, 0, 193.584, 77.6414, 13.567, 0, 0, 0
3450, 0, 216.757, 80.6251, 17.1728, 0, 0, 0
3451, 0, 216.316, 80.6251, 27.5317, 0, 0, 0
3452, 0, 215.765, 80.6251, 28.3212, 0, 0, 0
3453, 0, 215.205, 80.6251, 28.2477, 0, 0, 0
3454, 0, 214.645, 80.6251, 28.2245, 0, 0, 0
3455, 0, 214.084, 80.6251, 28.1005, 0, 0, 0
3456, 0, 213.524, 80.6251, 28.027, 0, 0, 0
3457, 0, 212.964, 80.6251, 28.0034, 0, 0, 0
3458, 0, 212.402, 80.6251, 27.9795, 0, 0, 0
3459, 0, 211.82, 80.6251, 29.8891, 0, 0, 0
3460, 0, 211.178, 80.6251, 33.8073, 0, 0, 0
3461, 0, 210.432, 80.6251, 39.8536, 0, 0, 0
3462, 0, 209.562, 80.6251, 45.7798, 0, 0, 0
3463, 0, 208.629, 80.6251, 45.6739, 0, 0, 0
3464, 0, 207.695, 80.6251, 45.4694, 0, 0, 0
3465, 0, 206.761, 80.6251, 45.2649, 0, 0, 0
3466, 0, 205.827, 80.6251, 45.0593, 0, 0, 0
3467, 0, 204.893, 80.6251, 44.904, 0, 0, 0
3468, 0, 203.958, 80.6251, 44.6514, 0, 0, 0
3469, 0, 203.024, 80.6251, 44.447, 0, 0, 0
3470, 0, 202.09, 80.6251, 44.2887, 0, 0, 0
3471, 0, 201.155, 80.6251, 44.0377, 0, 0, 0
3472, 0, 200.252, 80.6251, 40.9298, 0, 0, 0
3473, 0, 199.454, 80.6251, 33.8477, 0, 0, 0
3474, 0, 198.777, 80.6251, 29.3528, 0, 0, 0
3475, 0, 198.177, 80.6251, 26.4772, 0, 0, 0
3476, 0, 197.611, 80.6251, 25.9848, 0, 0, 0
3477, 0, 197.051, 80.6251, 25.8648, 0, 0, 0
3478, 0, 196.491, 80.6251, 25.8374, 0, 0, 0
3479, 0, 195.93, 80.6251, 25.7177, 0, 0, 0
3480, 0, 195.37, 80.6251, 25.6447, 0, 0, 0
3481, 0, 194.81, 80.6251, 25.525, 0, 0, 0
3482, 0, 194.308, 80.6251, 20.3583, 0, 0, 0
3483, 0, 193.909, 80.6251, 15.9532, 0, 0, 0
3484, 0, 193.584, 80.6251, 13.567, 0, 0, 0
3485, 0, 216.757, 83.6088, 17.1734, 0, 0, 0
3486, 0, 216.316, 83.6088, 27.5326, 0, 0, 0
3487, 0, 215.765, 83.6088, 28.3221, 0, 0, 0
3488, 0, 215.205, 83.6088, 28.2486, 0, 0, 0
3489, 0, 214.645, 83.6088, 28.2254, 0, 0, 0
3490, 0, 214.084, 83.6088, 28.1014, 0, 0, 0
3491, 0, 213.524, 83.6088, 28.0279, 0, 0, 0
3492, 0, 212.964, 83.6088, 28.0043, 0, 0, 0
3493, 0, 212.402, 83.6088, 27.9804, 0, 0, 0
3494, 0, 211.82, 83.6088, 29.8901, 0, 0, 0
3495, 0, 211.178, 83.6088, 33.8084, 0, 0, 0
3496, 0, 210.432, 83.6088, 39.8549, 0, 0, 0
3497, 0, 209.562, 83.6088, 45.7813, 0, 0, 0
3498, 0, 208.629, 83.6088, 45.6754, 0, 0, 0
3499, 0, 207.695, 83.6088, 45.4709, 0, 0, 0
3500, 0, 206.761, 83.6088, 45.2663, 0, 0, 0
3501, 0, 205.827, 83.6088, 45.0608, 0, 0, 0
3502, 0, 204.893, 83.6088, 44.9055, 0, 0, 0
3503, 0, 203.958, 83.6088, 44.6528, 0, 0, 0
3504, 0, 203.024, 83.6088, 44.4484, 0, 0, 0
3505, 0, 202.09, 83.6088, 44.2901, 0, 0, 0
3506, 0, 201.155, 83.6088, 44.0391, 0, 0, 0
3507, 0, 200.252, 83.6088, 40.9311, 0, 0, 0
3508, 0, 199.454, 83.6088, 33.8488, 0, 0, 0
3509, 0, 198.777, 83.6088, 29.3537, 0, 0, 0
3510, 0, 198.177, 83.6088, 26.478, 0, 0, 0
3511, 0, 197.611, 83.6088, 25.9856, 0, 0, 0
3512, 0, 197.051, 83.6088, 25.8657, 0, 0, 0
3513, 0, 196.491, 83.6088, 25.8382, 0, 0, 0
3514, 0, 195.93, 83.6088, 25.7185, 0, 0, 0
3515, 0, 195.37, 83.6088, 25.6455, 0, 0, 0
3516, 0, 194.81, 83.6088, 25.5258, 0, 0, 0
3517, 0, 194.308, 83.6088, 20.3589, 0, 0, 0
3518, 0, 193.909, 83.6088, 15.9537, 0, 0, 0
3519, 0, 193.584, 83.6088, 13.5674, 0, 0, 0
3520, 0, 159.355, -126.594, 7.68807, 0, 0, 0
3521, 0, 159.355, -126.154, 12.3513, 0, 0, 0
3522, 0, 159.355, -125.601, 12.772, 0, 0, 0
3523, 0, 159.355, -125.04, 12.7379, 0, 0, 0
3524, 0, 159.355, -124.48, 12.7719, 0, 0, 0
3525, 0, 159.355, -123.918, 12.7606, 0, 0, 0
3526, 0, 159.355, -123.358, 12.7378, 0, 0, 0
3527, 0, 159.355, -122.798, 12.7606, 0, 0, 0
3528, 0, 159.355, -122.236, 12.7834, 0, 0, 0
3529, 0, 159.355, -121.654, 13.716, 0, 0, 0
3530, 0, 159.355, -121.01, 15.5584, 0, 0, 0
3531, 0, 159.355, -120.264, 18.3789, 0, 0, 0
3532, 0, 159.355, -119.394, 21.2221, 0, 0, 0
3533, 0, 159.355, -118.46, 21.245, 0, 0, 0
3534, 0, 159.355, -117.525, 21.2903, 0, 0, 0
3535, 0, 159.355, -116.59, 21.245, 0, 0, 0
3536, 0, 159.355, -115.655, 21.2675, 0, 0, 0
3537, 0, 159.355, -114.72, 21.2678, 0, 0, 0
3538, 0, 159.355, -113.785, 21.2675, 0, 0, 0
3539, 0, 159.355, -112.851, 21.2564, 0, 0, 0
3540, 0, 159.355, -111.916, 21.2789, 0, 0, 0
3541, 0, 159.355, -110.98, 21.2792, 0, 0, 0
3542, 0, 159.355, -110.076, 19.8458, 0, 0, 0
3543, 0, 159.355, -109.278, 16.4798, 0, 0, 0
3544, 0, 159.355, -108.6, 14.3414, 0, 0, 0
3545, 0, 159.355, -107.999, 12.9881, 0, 0, 0
3546, 0, 159.355, -107.434, 12.7492, 0, 0, 0
3547, 0, 159.355, -106.873, 12.7492, 0, 0, 0
3548, 0, 159.355, -106.312, 12.772, 0, 0, 0
3549, 0, 159.355, -105.751, 12.7492, 0, 0, 0
3550, 0, 159.355, -105.191, 12.7606, 0, 0, 0
3551, 0, 159.355, -104.631, 12.7153, 0, 0, 0
3552, 0, 159.355, -104.127, 10.1675, 0, 0, 0
3553, 0, 159.355, -103.728, 8.00668, 0, 0, 0
3554, 0, 159.355, -103.402, 6.80099, 0, 0, 0
3555, 0, 161.172, -127.139, 7.78018, 0, 0, 0
3556, 0, 161.172, -126.699, 12.499, 0, 0, 0
3557, 0, 161.172, -126.147, 12.9247, 0, 0, 0
3558, 0, 161.172, -125.586, 12.8902, 0, 0, 0
3559, 0, 161.172, -125.025, 12.9248, 0, 0, 0
3560, 0, 161.172, -124.464, 12.9017, 0, 0, 0
3561, 0, 161.172, -123.904, 12.9017, 0, 0, 0
3562, 0, 161.172, -123.343, 12.9017, 0, 0, 0
3563, 0, 161.172, -122.782, 12.9478, 0, 0, 0
3564, 0, 161.172, -122.199, 13.8802, 0, 0, 0
3565, 0, 161.172, -121.555, 15.7445, 0, 0, 0
3566, 0, 161.172, -120.809, 18.5988, 0, 0, 0
3567, 0, 161.172, -119.939, 21.4643, 0, 0, 0
3568, 0, 161.172, -119.006, 21.5107, 0, 0, 0
3569, 0, 161.172, -118.071, 21.5335, 0, 0, 0
3570, 0, 161.172, -117.136, 21.5107, 0, 0, 0
3571, 0, 161.172, -116.201, 21.5105, 0, 0, 0
3572, 0, 161.172, -115.266, 21.5336, 0, 0, 0
3573, 0, 161.172, -114.331, 21.5104, 0, 0, 0
3574, 0, 161.172, -113.397, 21.5222, 0, 0, 0
3575, 0, 161.172, -112.461, 21.5335, 0, 0, 0
3576, 0, 161.172, -111.526, 21.5337, 0, 0, 0
3577, 0, 161.172, -110.622, 20.0833, 0, 0, 0
3578, 0, 161.172, -109.823, 16.6769, 0, 0, 0
3579, 0, 161.172, -109.146, 14.5015, 0, 0, 0
3580, 0, 161.172, -108.546, 13.1434, 0, 0, 0
3581, 0, 161.172, -107.98, 12.9132, 0, 0, 0
3582, 0, 161.172, -107.419, 12.9017, 0, 0, 0
3583, 0, 161.172, -106.858, 12.9247, 0, 0, 0
3584, 0, 161.172, -106.297, 12.9017, 0, 0, 0
3585, 0, 161.172, -105.736, 12.9134, 0, 0, 0
3586, 0, 161.172, -105.176, 12.8557, 0, 0, 0
3587, 0, 161.172, -104.673, 10.3007, 0, 0, 0
3588, 0, 161.172, -104.273, 8.10246, 0, 0, 0
3589, 0, 161.172, -103.948, 6.88248, 0, 0, 0
3590, 0, 162.99, -127.685, 7.86372, 0, 0, 0
3591, 0, 162.99, -127.244, 12.6329, 0, 0, 0
3592, 0, 162.99, -126.692, 13.0517, 0, 0, 0
3593, 0, 162.99, -126.132, 13.0284, 0, 0, 0
3594, 0, 162.99, -125.571, 13.075, 0, 0, 0
3595, 0, 162.99, -125.01, 13.0284, 0, 0, 0
3596, 0, 162.99, -124.45, 13.0517, 0, 0, 0
3597, 0, 162.99, -123.889, 13.0402, 0, 0, 0
3598, 0, 162.99, -123.327, 13.0866, 0, 0, 0
3599, 0, 162.99, -122.744, 14.0289, 0, 0, 0
3600, 0, 162.99, -122.101, 15.9133, 0, 0, 0
3601, 0, 162.99, -121.355, 18.7982, 0, 0, 0
3602, 0, 162.99, -120.485, 21.6829, 0, 0, 0
3603, 0, 162.99, -119.552, 21.7528, 0, 0, 0
3604, 0, 162.99, -118.617, 21.7528, 0, 0, 0
3605, 0, 162.99, -117.682, 21.7528, 0, 0, 0
3606, 0, 162.99, -116.747, 21.7413, 0, 0, 0
3607, 0, 162.99, -115.812, 21.7643, 0, 0, 0
3608, 0, 162.99, -114.877, 21.7412, 0, 0, 0
3609, 0, 162.99, -113.942, 21.7411, 0, 0, 0
3610, 0, 162.99, -113.007, 21.7761, 0, 0, 0
3611, 0, 162.99, -112.071, 21.7528, 0, 0, 0
3612, 0, 162.99, -111.167, 20.3104, 0, 0, 0
3613, 0, 162.99, -110.369, 16.8439, 0, 0, 0
3614, 0, 162.99, -109.692, 14.6686, 0, 0, 0
3615, 0, 162.99, -109.091, 13.2843, 0, 0, 0
3616, 0, 162.99, -108.525, 13.04, 0, 0, 0
3617, 0, 162.99, -107.965, 13.0517, 0, 0, 0
3618, 0, 162.99, -107.404, 13.0518, 0, 0, 0
3619, 0, 162.99, -106.842, 13.0517, 0, 0, 0
3620, 0, 162.99, -106.281, 13.0518, 0, 0, 0
3621, 0, 162.99, -105.722, 12.9934, 0, 0, 0
3622, 0, 162.99, -105.219, 10.4111, 0, 0, 0
3623, 0, 162.99, -104.819, 8.18932, 0, 0, 0
3624, 0, 162.99, -104.493, 6.95626, 0, 0, 0
3625, 0, 164.807, -128.231, 7.9558, 0, 0, 0
3626, 0, 164.807, -127.79, 12.7808, 0, 0, 0
3627, 0, 164.807, -127.239, 13.2045, 0, 0, 0
3628, 0, 164.807, -126.678, 13.1927, 0, 0, 0
3629, 0, 164.807, -126.117, 13.2162, 0, 0, 0
3630, 0, 164.807, -125.556, 13.1927, 0, 0, 0
3631, 0, 164.807, -124.995, 13.1928, 0, 0, 0
3632, 0, 164.807, -124.434, 13.2046, 0, 0, 0
3633, 0, 164.807, -123.873, 13.2281, 0, 0, 0
3634, 0, 164.807, -123.29, 14.193, 0, 0, 0
3635, 0, 164.807, -122.647, 16.0996, 0, 0, 0
3636, 0, 164.807, -121.901, 19.0183, 0, 0, 0
3637, 0, 164.807, -121.031, 21.9488, 0, 0, 0
3638, 0, 164.807, -120.097, 21.9956, 0, 0, 0
3639, 0, 164.807, -119.162, 22.0195, 0, 0, 0
3640, 0, 164.807, -118.227, 21.9956, 0, 0, 0
3641, 0, 164.807, -117.292, 22.0077, 0, 0, 0
3642, 0, 164.807, -116.357, 22.0074, 0, 0, 0
3643, 0, 164.807, -115.422, 22.0077, 0, 0, 0
3644, 0, 164.807, -114.488, 21.9956, 0, 0, 0
3645, 0, 164.807, -113.553, 22.0194, 0, 0, 0
3646, 0, 164.807, -112.617, 22.0192, 0, 0, 0
3647, 0, 164.807, -111.713, 20.5365, 0, 0, 0
3648, 0, 164.807, -110.915, 17.0528, 0, 0, 0
3649, 0, 164.807, -110.237, 14.8403, 0, 0, 0
3650, 0, 164.807, -109.637, 13.4399, 0, 0, 0
3651, 0, 164.807, -109.071, 13.1927, 0, 0, 0
3652, 0, 164.807, -108.51, 13.1928, 0, 0, 0
3653, 0, 164.807, -107.949, 13.2164, 0, 0, 0
3654, 0, 164.807, -107.388, 13.1927, 0, 0, 0
3655, 0, 164.807, -106.827, 13.2045, 0, 0, 0
3656, 0, 164.807, -106.267, 13.1573, 0, 0, 0
3657, 0, 164.807, -105.765, 10.5212, 0, 0, 0
3658, 0, 164.807, -105.365, 8.28521, 0, 0, 0
3659, 0, 164.807, -105.04, 7.03771, 0, 0, 0
3660, 0, 166.625, -128.776, 8.03897, 0, 0, 0
3661, 0, 166.625, -128.336, 12.9146, 0, 0, 0
3662, 0, 166.625, -127.784, 13.3428, 0, 0, 0
3663, 0, 166.625, -127.223, 13.3308, 0, 0, 0
3664, 0, 166.625, -126.663, 13.3429, 0, 0, 0
3665, 0, 166.625, -126.101, 13.3428, 0, 0, 0
3666, 0, 166.625, -125.541, 13.331, 0, 0, 0
3667, 0, 166.625, -124.98, 13.3308, 0, 0, 0
3668, 0, 166.625, -124.419, 13.3785, 0, 0, 0
3669, 0, 166.625, -123.836, 14.3416, 0, 0, 0
3670, 0, 166.625, -123.193, 16.2563, 0, 0, 0
3671, 0, 166.625, -122.447, 19.2294, 0, 0, 0
3672, 0, 166.625, -121.576, 22.1786, 0, 0, 0
3673, 0, 166.625, -120.643, 22.226, 0, 0, 0
3674, 0, 166.625, -119.708, 22.25, 0, 0, 0
3675, 0, 166.625, -118.773, 22.226, 0, 0, 0
3676, 0, 166.625, -117.838, 22.2262, 0, 0, 0
3677, 0, 166.625, -116.903, 22.2498, 0, 0, 0
3678, 0, 166.625, -115.968, 22.2262, 0, 0, 0
3679, 0, 166.625, -115.034, 22.2378, 0, 0, 0
3680, 0, 166.625, -114.098, 22.2501, 0, 0, 0
3681, 0, 166.625, -113.163, 22.2497, 0, 0, 0
3682, 0, 166.625, -112.259, 20.7516, 0, 0, 0
3683, 0, 166.625, -111.46, 17.2313, 0, 0, 0
3684, 0, 166.625, -110.783, 14.984, 0, 0, 0
3685, 0, 166.625, -110.182, 13.5806, 0, 0, 0
3686, 0, 166.625, -109.617, 13.3428, 0, 0, 0
3687, 0, 166.625, -109.056, 13.331, 0, 0, 0
3688, 0, 166.625, -108.495, 13.3546, 0, 0, 0
3689, 0, 166.625, -107.934, 13.3309, 0, 0, 0
3690, 0, 166.625, -107.373, 13.3428, 0, 0, 0
3691, 0, 166.625, -106.813, 13.2832, 0, 0, 0
3692, 0, 166.625, -106.311, 10.6315, 0, 0, 0
3693, 0, 166.625, -105.911, 8.38376, 0, 0, 0
3694, 0, 166.625, -105.585, 7.11141, 0, 0, 0
3695, 0, 168.442, -129.322, 8.13099, 0, 0, 0
3696, 0, 168.442, -128.882, 13.0627, 0, 0, 0
3697, 0, 168.442, -128.33, 13.4957, 0, 0, 0
3698, 0, 168.442, -127.769, 13.4718, 0, 0, 0
3699, 0, 168.442, -127.208, 13.5079, 0, 0, 0
3700, 0, 168.442, -126.647, 13.4837, 0, 0, 0
3701, 0, 168.442, -126.086, 13.4957, 0, 0, 0
3702, 0, 168.442, -125.526, 13.4837, 0, 0, 0
3703, 0, 168.442, -124.964, 13.5318, 0, 0, 0
3704, 0, 168.442, -124.382, 14.506, 0, 0, 0
3705, 0, 168.442, -123.738, 16.4427, 0, 0, 0
3706, 0, 168.442, -122.992, 19.4498, 0, 0, 0
3707, 0, 168.442, -122.122, 22.4208, 0, 0, 0
3708, 0, 168.442, -121.189, 22.4929, 0, 0, 0
3709, 0, 168.442, -120.254, 22.4929, 0, 0, 0
3710, 0, 168.442, -119.319, 22.4929, 0, 0, 0
3711, 0, 168.442, -118.384, 22.4809, 0, 0, 0
3712, 0, 168.442, -117.449, 22.505, 0, 0, 0
3713, 0, 168.442, -116.514, 22.4809, 0, 0, 0
3714, 0, 168.442, -115.579, 22.4809, 0, 0, 0
3715, 0, 168.442, -114.644, 22.517, 0, 0, 0
3716, 0, 168.442, -113.708, 22.4929, 0, 0, 0
3717, 0, 168.442, -112.804, 21.0014, 0, 0, 0
3718, 0, 168.442, -112.006, 17.417, 0, 0, 0
3719, 0, 168.442, -111.329, 15.1678, 0, 0, 0
3720, 0, 168.442, -110.728, 13.7363, 0, 0, 0
3721, 0, 168.442, -110.162, 13.4837, 0, 0, 0
3722, 0, 168.442, -109.601, 13.4957, 0, 0, 0
3723, 0, 168.442, -109.04, 13.4957, 0, 0, 0
3724, 0, 168.442, -108.479, 13.4957, 0, 0, 0
3725, 0, 168.442, -107.919, 13.4957, 0, 0, 0
3726, 0, 168.442, -107.359, 13.4357, 0, 0, 0
3727, 0, 168.442, -106.856, 10.7534, 0, 0, 0
3728, 0, 168.442, -106.456, 8.47984, 0, 0, 0
3729, 0, 168.442, -106.131, 7.1928, 0, 0, 0
3730, 0, 170.26, -129.868, 8.21867, 0, 0, 0
3731, 0, 170.26, -129.428, 13.2037, 0, 0, 0
3732, 0, 170.26, -128.875, 13.6413, 0, 0, 0
3733, 0, 170.26, -128.315, 13.6293, 0, 0, 0
3734, 0, 170.26, -127.754, 13.6534, 0, 0, 0
3735, 0, 170.26, -127.193, 13.6291, 0, 0, 0
3736, 0, 170.26, -126.632, 13.6291, 0, 0, 0
3737, 0, 170.26, -126.072, 13.6413, 0, 0, 0
3738, 0, 170.26, -125.51, 13.6656, 0, 0, 0
3739, 0, 170.26, -124.928, 14.6625, 0, 0, 0
3740, 0, 170.26, -124.284, 16.6323, 0, 0, 0
3741, 0, 170.26, -123.538, 19.6474, 0, 0, 0
3742, 0, 170.26, -122.668, 22.6746, 0, 0, 0
3743, 0, 170.26, -121.734, 22.7234, 0, 0, 0
3744, 0, 170.26, -120.799, 22.7475, 0, 0, 0
3745, 0, 170.26, -119.864, 22.7234, 0, 0, 0
3746, 0, 170.26, -118.929, 22.7353, 0, 0, 0
3747, 0, 170.26, -117.994, 22.7356, 0, 0, 0
3748, 0, 170.26, -117.059, 22.7353, 0, 0, 0
3749, 0, 170.26, -116.125, 22.7235, 0, 0, 0
3750, 0, 170.26, -115.19, 22.7475, 0, 0, 0
3751, 0, 170.26, -114.254, 22.7478, 0, 0, 0
3752, 0, 170.26, -113.35, 21.2155, 0, 0, 0
3753, 0, 170.26, -112.552, 17.6171, 0, 0, 0
3754, 0, 170.26, -111.874, 15.3312, 0, 0, 0
3755, 0, 170.26, -111.273, 13.8845, 0, 0, 0
3756, 0, 170.26, -110.708, 13.6291, 0, 0, 0
3757, 0, 170.26, -110.147, 13.6291, 0, 0, 0
3758, 0, 170.26, -109.586, 13.6535, 0, 0, 0
3759, 0, 170.26, -109.025, 13.6291, 0, 0, 0
3760, 0, 170.26, -108.465, 13.6413, 0, 0, 0
3761, 0, 170.26, -107.904, 13.5929, 0, 0, 0
3762, 0, 170.26, -107.401, 10.8692, 0, 0, 0
3763, 0, 170.26, -107.002, 8.55927, 0, 0, 0
3764, 0, 170.26, -106.676, 7.27037, 0, 0, 0
3765, 0, 172.077, -130.414, 8.30189, 0, 0, 0
3766, 0, 172.077, -129.973, 13.3252, 0, 0, 0
3767, 0, 172.077, -129.421, 13.7917, 0, 0, 0
3768, 0, 172.077, -128.86, 13.7671, 0, 0, 0
3769, 0, 172.077, -128.299, 13.7794, 0, 0, 0
3770, 0, 172.077, -127.738, 13.7794, 0, 0, 0
3771, 0, 172.077, -127.178, 13.7671, 0, 0, 0
3772, 0, 172.077, -126.617, 13.7671, 0, 0, 0
3773, 0, 172.077, -126.056, 13.8163, 0, 0, 0
3774, 0, 172.077, -125.473, 14.8111, 0, 0, 0
3775, 0, 172.077, -124.83, 16.7884, 0, 0, 0
3776, 0, 172.077, -124.084, 19.8463, 0, 0, 0
3777, 0, 172.077, -123.213, 22.9163, 0, 0, 0
3778, 0, 172.077, -122.28, 22.9536, 0, 0, 0
3779, 0, 172.077, -121.345, 22.9778, 0, 0, 0
3780, 0, 172.077, -120.41, 22.9536, 0, 0, 0
3781, 0, 172.077, -119.475, 22.9532, 0, 0, 0
3782, 0, 172.077, -118.541, 22.9658, 0, 0, 0
3783, 0, 172.077, -117.606, 22.9655, 0, 0, 0
3784, 0, 172.077, -116.671, 22.9658, 0, 0, 0
3785, 0, 172.077, -115.735, 22.9779, 0, 0, 0
3786, 0, 172.077, -114.8, 22.9781, 0, 0, 0
3787, 0, 172.077, -113.896, 21.4181, 0, 0, 0
3788, 0, 172.077, -113.098, 17.8078, 0, 0, 0
3789, 0, 172.077, -112.42, 15.4741, 0, 0, 0
3790, 0, 172.077, -111.819, 14.025, 0, 0, 0
3791, 0, 172.077, -111.253, 13.7794, 0, 0, 0
3792, 0, 172.077, -110.693, 13.7671, 0, 0, 0
3793, 0, 172.077, -110.132, 13.7917, 0, 0, 0
3794, 0, 172.077, -109.571, 13.7671, 0, 0, 0
3795, 0, 172.077, -109.01, 13.7672, 0, 0, 0
3796, 0, 172.077, -108.45, 13.7303, 0, 0, 0
3797, 0, 172.077, -107.947, 10.9793, 0, 0, 0
3798, 0, 172.077, -107.548, 8.64593, 0, 0, 0
3799, 0, 172.077, -107.222, 7.35644, 0, 0, 0
3800, 0, 173.895, -130.959, 8.39434, 0, 0, 0
3801, 0, 173.895, -130.519, 13.4733, 0, 0, 0
3802, 0, 173.895, -129.967, 13.945, 0, 0, 0
3803, 0, 173.895, -129.406, 13.9077, 0, 0, 0
3804, 0, 173.895, -128.845, 13.9451, 0, 0, 0
3805, 0, 173.895, -128.284, 13.9201, 0, 0, 0
3806, 0, 173.895, -127.724, 13.9326, 0, 0, 0
3807, 0, 173.895, -127.163, 13.9202, 0, 0, 0
3808, 0, 173.895, -126.601, 13.9699, 0, 0, 0
3809, 0, 173.895, -126.019, 14.9759, 0, 0, 0
3810, 0, 173.895, -125.375, 16.9749, 0, 0, 0
3811, 0, 173.895, -124.629, 20.067, 0, 0, 0
3812, 0, 173.895, -123.759, 23.1588, 0, 0, 0
3813, 0, 173.895, -122.826, 23.221, 0, 0, 0
3814, 0, 173.895, -121.891, 23.221, 0, 0, 0
3815, 0, 173.895, -120.956, 23.221, 0, 0, 0
3816, 0, 173.895, -120.021, 23.1962, 0, 0, 0
3817, 0, 173.895, -119.086, 23.2335, 0, 0, 0
3818, 0, 173.895, -118.151, 23.2086, 0, 0, 0
3819, 0, 173.895, -117.217, 23.221, 0, 0, 0
3820, 0, 173.895, -116.281, 23.2459, 0, 0, 0
3821, 0, 173.895, -115.345, 23.221, 0, 0, 0
3822, 0, 173.895, -114.442, 21.6688, 0, 0, 0
3823, 0, 173.895, -113.643, 17.9932, 0, 0, 0
3824, 0, 173.895, -112.966, 15.6586, 0, 0, 0
3825, 0, 173.895, -112.365, 14.1685, 0, 0, 0
3826, 0, 173.895, -111.8, 13.9326, 0, 0, 0
3827, 0, 173.895, -111.239, 13.9326, 0, 0, 0
3828, 0, 173.895, -110.678, 13.9327, 0, 0, 0
3829, 0, 173.895, -110.116, 13.9326, 0, 0, 0
3830, 0, 173.895, -109.556, 13.9203, 0, 0, 0
3831, 0, 173.895, -108.996, 13.8829, 0, 0, 0
3832, 0, 173.895, -108.493, 11.1014, 0, 0, 0
3833, 0, 173.895, -108.094, 8.74207, 0, 0, 0
3834, 0, 173.895, -107.768, 7.4382, 0, 0, 0
3835, 0, 175.712, -131.505, 8.47756, 0, 0, 0
3836, 0, 175.712, -131.064, 13.619, 0, 0, 0
3837, 0, 175.712, -130.512, 14.0705, 0, 0, 0
3838, 0, 175.712, -129.952, 14.0579, 0, 0, 0
3839, 0, 175.712, -129.391, 14.083, 0, 0, 0
3840, 0, 175.712, -128.83, 14.0579, 0, 0, 0
3841, 0, 175.712, -128.269, 14.058, 0, 0, 0
3842, 0, 175.712, -127.709, 14.0705, 0, 0, 0
3843, 0, 175.712, -127.147, 14.0956, 0, 0, 0
3844, 0, 175.712, -126.564, 15.124, 0, 0, 0
3845, 0, 175.712, -125.921, 17.1555, 0, 0, 0
3846, 0, 175.712, -125.175, 20.2655, 0, 0, 0
3847, 0, 175.712, -124.305, 23.3882, 0, 0, 0
3848, 0, 175.712, -123.371, 23.4381, 0, 0, 0
3849, 0, 175.712, -122.436, 23.4636, 0, 0, 0
3850, 0, 175.712, -121.501, 23.4381, 0, 0, 0
3851, 0, 175.712, -120.567, 23.4384, 0, 0, 0
3852, 0, 175.712, -119.632, 23.4632, 0, 0, 0
3853, 0, 175.712, -118.697, 23.4384, 0, 0, 0
3854, 0, 175.712, -117.762, 23.4381, 0, 0, 0
3855, 0, 175.712, -116.827, 23.4761, 0, 0, 0
3856, 0, 175.712, -115.891, 23.4507, 0, 0, 0
3857, 0, 175.712, -114.987, 21.8959, 0, 0, 0
3858, 0, 175.712, -114.189, 18.1586, 0, 0, 0
3859, 0, 175.712, -113.512, 15.8261, 0, 0, 0
3860, 0, 175.712, -112.911, 14.3088, 0, 0, 0
3861, 0, 175.712, -112.345, 14.0705, 0, 0, 0
3862, 0, 175.712, -111.784, 14.058, 0, 0, 0
3863, 0, 175.712, -111.223, 14.0706, 0, 0, 0
3864, 0, 175.712, -110.662, 14.0705, 0, 0, 0
3865, 0, 175.712, -110.101, 14.0705, 0, 0, 0
3866, 0, 175.712, -109.541, 14.0202, 0, 0, 0
3867, 0, 175.712, -109.039, 11.2112, 0, 0, 0
3868, 0, 175.712, -108.639, 8.82858, 0, 0, 0
3869, 0, 175.712, -108.314, 7.49927, 0, 0, 0
3870, 0, 177.53, -132.051, 8.58254, 0, 0, 0
3871, 0, 177.53, -131.61, 13.7547, 0, 0, 0
3872, 0, 177.53, -131.058, 14.2366, 0, 0, 0
3873, 0, 177.53, -130.497, 14.2111, 0, 0, 0
3874, 0, 177.53, -129.937, 14.224, 0, 0, 0
3875, 0, 177.53, -129.375, 14.2239, 0, 0, 0
3876, 0, 177.53, -128.815, 14.1986, 0, 0, 0
3877, 0, 177.53, -128.254, 14.2239, 0, 0, 0
3878, 0, 177.53, -127.693, 14.262, 0, 0, 0
3879, 0, 177.53, -127.11, 15.2887, 0, 0, 0
3880, 0, 177.53, -126.467, 17.3297, 0, 0, 0
3881, 0, 177.53, -125.721, 20.4865, 0, 0, 0
3882, 0, 177.53, -124.85, 23.6559, 0, 0, 0
3883, 0, 177.53, -123.917, 23.6937, 0, 0, 0
3884, 0, 177.53, -122.982, 23.7193, 0, 0, 0
3885, 0, 177.53, -122.047, 23.6809, 0, 0, 0
3886, 0, 177.53, -121.113, 23.7066, 0, 0, 0
3887, 0, 177.53, -120.178, 23.7063, 0, 0, 0
3888, 0, 177.53, -119.243, 23.7066, 0, 0, 0
3889, 0, 177.53, -118.308, 23.6937, 0, 0, 0
3890, 0, 177.53, -117.373, 23.7193, 0, 0, 0
3891, 0, 177.53, -116.437, 23.719, 0, 0, 0
3892, 0, 177.53, -115.533, 22.1219, 0, 0, 0
3893, 0, 177.53, -114.735, 18.3692, 0, 0, 0
3894, 0, 177.53, -114.057, 15.9861, 0, 0, 0
3895, 0, 177.53, -113.456, 14.4774, 0, 0, 0
3896, 0, 177.53, -112.89, 14.2239, 0, 0, 0
3897, 0, 177.53, -112.33, 14.2113, 0, 0, 0
3898, 0, 177.53, -111.769, 14.2239, 0, 0, 0
3899, 0, 177.53, -111.208, 14.2239, 0, 0, 0
3900, 0, 177.53, -110.647, 14.2111, 0, 0, 0
3901, 0, 177.53, -110.088, 14.1731, 0, 0, 0
3902, 0, 177.53, -109.585, 11.3336, 0, 0, 0
3903, 0, 177.53, -109.185, 8.92467, 0, 0, 0
3904, 0, 177.53, -108.859, 7.59374, 0, 0, 0
3905, 0, 193.542, 94.8966, 7.19791, 0, 0, 0
3906, 0, 193.376, 96.4722, 7.18644, 0, 0, 0
3907, 0, 193.047, 98.0218, 7.17354, 0, 0, 0
3908, 0, 192.558, 99.5285, 7.16102, 0, 0, 0
3909, 0, 191.914, 100.976, 7.13737, 0, 0, 0
3910, 0, 191.123, 102.348, 7.11086, 0, 0, 0
3911, 0, 190.192, 103.63, 7.07737, 0, 0, 0
3912, 0, 189.132, 104.807, 7.03863, 0, 0, 0
3913, 0, 187.956, 105.867, 6.99206, 0, 0, 0
3914, 0, 186.676, 106.798, 6.95267, 0, 0, 0
3915, 0, 185.305, 107.59, 6.90111, 0, 0, 0
3916, 0, 183.858, 108.235, 6.84184, 0, 0, 0
3917, 0, 182.353, 108.724, 6.79758, 0, 0, 0
3918, 0, 180.804, 109.053, 6.72737, 0, 0, 0
3919, 0, 179.23, 109.219, 6.65812, 0, 0, 0
3920, 0, 193.866, 94.9136, 8.66219, 0, 0, 0
3921, 0, 193.697, 96.5231, 8.67518, 0, 0, 0
3922, 0, 193.361, 98.106, 8.66343, 0, 0, 0
3923, 0, 192.861, 99.645, 8.63704, 0, 0, 0
3924, 0, 192.204, 101.123, 8.59223, 0, 0, 0
3925, 0, 191.395, 102.525, 8.54915, 0, 0, 0
3926, 0, 190.445, 103.834, 8.52086, 0, 0, 0
3927, 0, 189.363, 105.037, 8.47581, 0, 0, 0
3928, 0, 188.161, 106.12, 8.41824, 0, 0, 0
3929, 0, 186.853, 107.071, 8.3491, 0, 0, 0
3930, 0, 185.452, 107.88, 8.2808, 0, 0, 0
3931, 0, 183.975, 108.538, 8.22078, 0, 0, 0
3932, 0, 182.438, 109.038, 8.15705, 0, 0, 0
3933, 0, 180.856, 109.375, 8.0858, 0, 0, 0
3934, 0, 179.247, 109.544, 8.01174, 0, 0, 0
3935, 0, 194.264, 94.9345, 11.3171, 0, 0, 0
3936, 0, 194.091, 96.5855, 11.3038, 0, 0, 0
3937, 0, 193.747, 98.2093, 11.2899, 0, 0, 0
3938, 0, 193.234, 99.788, 11.2591, 0, 0, 0
3939, 0, 192.559, 101.304, 11.2221, 0, 0, 0
3940, 0, 191.729, 102.742, 11.1833, 0, 0, 0
3941, 0, 190.755, 104.085, 11.1186, 0, 0, 0
3942, 0, 189.645, 105.319, 11.0522, 0, 0, 0
3943, 0, 188.412, 106.43, 10.9927, 0, 0, 0
3944, 0, 187.07, 107.406, 10.9085, 0, 0, 0
3945, 0, 185.633, 108.235, 10.8319, 0, 0, 0
3946, 0, 184.118, 108.911, 10.7283, 0, 0, 0
3947, 0, 182.541, 109.424, 10.6289, 0, 0, 0
3948, 0, 180.918, 109.769, 10.5439, 0, 0, 0
3949, 0, 179.268, 109.942, 10.4458, 0, 0, 0
3950, 0, 194.765, 94.9608, 14.6356, 0, 0, 0
3951, 0, 194.587, 96.6641, 14.6115, 0, 0, 0
3952, 0, 194.231, 98.3393, 14.5888, 0, 0, 0
3953, 0, 193.702, 99.968, 14.5489, 0, 0, 0
3954, 0, 193.006, 101.532, 14.4989, 0, 0, 0
3955, 0, 192.151, 103.016, 14.4368, 0, 0, 0
3956, 0, 191.145, 104.401, 14.3615, 0, 0, 0
3957, 0, 190, 105.674, 14.2672, 0, 0, 0
3958, 0, 188.728, 106.82, 14.1674, 0, 0, 0
3959, 0, 187.343, 107.827, 14.073, 0, 0, 0
3960, 0, 185.861, 108.683, 13.9547, 0, 0, 0
3961, 0, 184.298, 109.38, 13.8413, 0, 0, 0
3962, 0, 182.671, 109.909, 13.7293, 0, 0, 0
3963, 0, 180.997, 110.265, 13.6081, 0, 0, 0
3964, 0, 179.294, 110.444, 13.472, 0, 0, 0
3965, 0, 195.324, 94.9901, 15.2339, 0, 0, 0
3966, 0, 195.138, 96.7515, 15.2222, 0, 0, 0
3967, 0, 194.771, 98.484, 15.1847, 0, 0, 0
3968, 0, 194.224, 100.168, 15.1433, 0, 0, 0
3969, 0, 193.504, 101.786, 15.0891, 0, 0, 0
3970, 0, 192.619, 103.32, 15.0173, 0, 0, 0
3971, 0, 191.579, 104.753, 14.9322, 0, 0, 0
3972, 0, 190.394, 106.069, 14.8424, 0, 0, 0
3973, 0, 189.079, 107.254, 14.7322, 0, 0, 0
3974, 0, 187.647, 108.296, 14.6131, 0, 0, 0
3975, 0, 186.115, 109.181, 14.5095, 0, 0, 0
3976, 0, 184.498, 109.901, 14.3898, 0, 0, 0
3977, 0, 182.815, 110.449, 14.25, 0, 0, 0
3978, 0, 181.084, 110.817, 14.1285, 0, 0, 0
3979, 0, 179.324, 111.002, 13.9853, 0, 0, 0
3980, 0, 195.882, 95.0194, 15.769, 0, 0, 0
3981, 0, 195.691, 96.8391, 15.757, 0, 0, 0
3982, 0, 195.311, 98.6289, 15.7307, 0, 0, 0
3983, 0, 194.746, 100.369, 15.6859, 0, 0, 0
3984, 0, 194.002, 102.041, 15.6255, 0, 0, 0
3985, 0, 193.088, 103.625, 15.5359, 0, 0, 0
3986, 0, 192.013, 105.106, 15.4605, 0, 0, 0
3987, 0, 190.79, 106.466, 15.3785, 0, 0, 0
3988, 0, 189.431, 107.69, 15.2647, 0, 0, 0
3989, 0, 187.952, 108.765, 15.1575, 0, 0, 0
3990, 0, 186.369, 109.68, 15.0195, 0, 0, 0
3991, 0, 184.699, 110.424, 14.8712, 0, 0, 0
3992, 0, 182.96, 110.99, 14.7312, 0, 0, 0
3993, 0, 181.171, 111.37, 14.5779, 0, 0, 0
3994, 0, 179.353, 111.561, 14.4367, 0, 0, 0
3995, 0, 196.441, 95.0487, 16.3494, 0, 0, 0
3996, 0, 196.244, 96.9267, 16.3226, 0, 0, 0
3997, 0, 195.852, 98.7739, 16.2799, 0, 0, 0
3998, 0, 195.269, 100.57, 16.24, 0, 0, 0
3999, 0, 194.501, 102.295, 16.1903, 0, 0, 0
4000, 0, 193.558, 103.93, 16.1111, 0, 0, 0
4001, 0, 192.448, 105.458, 16.0129, 0, 0, 0
4002, 0, 191.186, 106.862, 15.9108, 0, 0, 0
4003, 0, 189.784, 108.125, 15.7863, 0, 0, 0
4004, 0, 188.257, 109.235, 15.6523, 0, 0, 0
4005, 0, 186.623, 110.179, 15.5288, 0, 0, 0
4006, 0, 184.899, 110.947, 15.3826, 0, 0, 0
4007, 0, 183.105, 111.531, 15.2364, 0, 0, 0
4008, 0, 181.259, 111.923, 15.0787, 0, 0, 0
4009, 0, 179.382, 112.121, 14.9154, 0, 0, 0
4010, 0, 197, 95.078, 16.8752, 0, 0, 0
4011, 0, 196.797, 97.0144, 16.8764, 0, 0, 0
4012, 0, 196.393, 98.9189, 16.8459, 0, 0, 0
4013, 0, 195.791, 100.771, 16.7858, 0, 0, 0
4014, 0, 195, 102.55, 16.7061, 0, 0, 0
4015, 0, 194.027, 104.236, 16.6205, 0, 0, 0
4016, 0, 192.884, 105.811, 16.5377, 0, 0, 0
4017, 0, 191.582, 107.258, 16.4049, 0, 0, 0
4018, 0, 190.136, 108.56, 16.2883, 0, 0, 0
4019, 0, 188.562, 109.705, 16.1741, 0, 0, 0
4020, 0, 186.877, 110.678, 16.0174, 0, 0, 0
4021, 0, 185.1, 111.47, 15.8529, 0, 0, 0
4022, 0, 183.25, 112.072, 15.7113, 0, 0, 0
4023, 0, 181.346, 112.477, 15.5532, 0, 0, 0
4024, 0, 179.412, 112.68, 15.3843, 0, 0, 0
4025, 0, 197.559, 95.1073, 17.4484, 0, 0, 0
4026, 0, 197.35, 97.102, 17.4166, 0, 0, 0
4027, 0, 196.933, 99.0637, 17.3836, 0, 0, 0
4028, 0, 196.314, 100.971, 17.3369, 0, 0, 0
4029, 0, 195.498, 102.804, 17.2641, 0, 0, 0
4030, 0, 194.496, 104.54, 17.182, 0, 0, 0
4031, 0, 193.318, 106.163, 17.0639, 0, 0, 0
4032, 0, 191.977, 107.653, 16.9473, 0, 0, 0
4033, 0, 190.488, 108.995, 16.8063, 0, 0, 0
4034, 0, 188.867, 110.174, 16.6573, 0, 0, 0
4035, 0, 187.131, 111.177, 16.5065, 0, 0, 0
4036, 0, 185.3, 111.993, 16.3648, 0, 0, 0
4037, 0, 183.394, 112.613, 16.1915, 0, 0, 0
4038, 0, 181.434, 113.03, 16.0112, 0, 0, 0
4039, 0, 179.441, 113.24, 15.8343, 0, 0, 0
4040, 0, 198.123, 95.1369, 18.3203, 0, 0, 0
4041, 0, 197.907, 97.1904, 18.3063, 0, 0, 0
4042, 0, 197.479, 99.21, 18.2667, 0, 0, 0
4043, 0, 196.841, 101.174, 18.208, 0, 0, 0
4044, 0, 196.002, 103.06, 18.1324, 0, 0, 0
4045, 0, 194.97, 104.848, 18.0432, 0, 0, 0
4046, 0, 193.757, 106.519, 17.9304, 0, 0, 0
4047, 0, 192.376, 108.053, 17.8024, 0, 0, 0
4048, 0, 190.843, 109.434, 17.6558, 0, 0, 0
4049, 0, 189.174, 110.648, 17.5135, 0, 0, 0
4050, 0, 187.387, 111.681, 17.3484, 0, 0, 0
4051, 0, 185.502, 112.521, 17.1578, 0, 0, 0
4052, 0, 183.54, 113.159, 16.9626, 0, 0, 0
4053, 0, 181.522, 113.588, 16.7803, 0, 0, 0
4054, 0, 179.471, 113.803, 16.5955, 0, 0, 0
4055, 0, 198.721, 95.1683, 20.932, 0, 0, 0
4056, 0, 198.499, 97.2842, 20.9045, 0, 0, 0
4057, 0, 198.057, 99.3654, 20.8531, 0, 0, 0
4058, 0, 197.4, 101.389, 20.7831, 0, 0, 0
4059, 0, 196.536, 103.332, 20.6897, 0, 0, 0
4060, 0, 195.473, 105.175, 20.5825, 0, 0, 0
4061, 0, 194.223, 106.896, 20.4585, 0, 0, 0
4062, 0, 192.801, 108.477, 20.309, 0, 0, 0
4063, 0, 191.221, 109.901, 20.1502, 0, 0, 0
4064, 0, 189.501, 111.152, 19.9665, 0, 0, 0
4065, 0, 187.659, 112.216, 19.7548, 0, 0, 0
4066, 0, 185.717, 113.081, 19.5604, 0, 0, 0
4067, 0, 183.695, 113.738, 19.3509, 0, 0, 0
4068, 0, 181.616, 114.18, 19.1262, 0, 0, 0
4069, 0, 179.502, 114.402, 18.9092, 0, 0, 0
4070, 0, 199.396, 95.2037, 24.9315, 0, 0, 0
4071, 0, 199.167, 97.39, 24.8993, 0, 0, 0
4072, 0, 198.71, 99.5404, 24.8454, 0, 0, 0
4073, 0, 198.031, 101.631, 24.7544, 0, 0, 0
4074, 0, 197.138, 103.639, 24.6452, 0, 0, 0
4075, 0, 196.04, 105.543, 24.4928, 0, 0, 0
4076, 0, 194.748, 107.322, 24.3357, 0, 0, 0
4077, 0, 193.279, 108.956, 24.1532, 0, 0, 0
4078, 0, 191.646, 110.427, 23.9414, 0, 0, 0
4079, 0, 189.869, 111.719, 23.7355, 0, 0, 0
4080, 0, 187.966, 112.818, 23.4967, 0, 0, 0
4081, 0, 185.96, 113.712, 23.2534, 0, 0, 0
4082, 0, 183.871, 114.391, 22.9954, 0, 0, 0
4083, 0, 181.722, 114.849, 22.7276, 0, 0, 0
4084, 0, 179.537, 115.078, 22.4438, 0, 0, 0
4085, 0, 200.192, 95.2454, 31.2899, 0, 0, 0
4086, 0, 199.954, 97.5148, 31.2515, 0, 0, 0
4087, 0, 199.48, 99.7466, 31.1742, 0, 0, 0
4088, 0, 198.775, 101.917, 31.0634, 0, 0, 0
4089, 0, 197.848, 104.001, 30.9203, 0, 0, 0
4090, 0, 196.708, 105.977, 30.7564, 0, 0, 0
4091, 0, 195.368, 107.824, 30.5559, 0, 0, 0
4092, 0, 193.842, 109.52, 30.2988, 0, 0, 0
4093, 0, 192.147, 111.046, 30.0333, 0, 0, 0
4094, 0, 190.303, 112.388, 29.7649, 0, 0, 0
4095, 0, 188.328, 113.529, 29.4298, 0, 0, 0
4096, 0, 186.245, 114.457, 29.1001, 0, 0, 0
4097, 0, 184.077, 115.162, 28.7666, 0, 0, 0
4098, 0, 181.846, 115.636, 28.423, 0, 0, 0
4099, 0, 179.579, 115.875, 28.07, 0, 0, 0
4100, 0, 201.093, 95.2927, 35.0654, 0, 0, 0
4101, 0, 200.845, 97.656, 35.0288, 0, 0, 0
4102, 0, 200.351, 99.9803, 34.9532, 0, 0, 0
4103, 0, 199.617, 102.24, 34.8321, 0, 0, 0
4104, 0, 198.651, 104.411, 34.6508, 0, 0, 0
4105, 0, 197.464, 106.469, 34.4337, 0, 0, 0
4106, 0, 196.069, 108.392, 34.2099, 0, 0, 0
4107, 0, 194.48, 110.158, 33.9389, 0, 0, 0
4108, 0, 192.715, 111.748, 33.6211, 0, 0, 0
4109, 0, 190.794, 113.145, 33.3038, 0, 0, 0
4110, 0, 188.737, 114.333, 32.9297, 0, 0, 0
4111, 0, 186.568, 115.299, 32.5295, 0, 0, 0
4112, 0, 184.31, 116.033, 32.1466, 0, 0, 0
4113, 0, 181.987, 116.528, 31.7576, 0, 0, 0
4114, 0, 179.626, 116.776, 31.3246, 0, 0, 0
4115, 0, 202.025, 95.3415, 36.7158, 0, 0, 0
4116, 0, 201.766, 97.8021, 36.6584, 0, 0, 0
4117, 0, 201.253, 100.222, 36.5534, 0, 0, 0
4118, 0, 200.489, 102.575, 36.4317, 0, 0, 0
4119, 0, 199.483, 104.835, 36.2595, 0, 0, 0
4120, 0, 198.247, 106.978, 36.0259, 0, 0, 0
4121, 0, 196.794, 108.979, 35.7388, 0, 0, 0
4122, 0, 195.14, 110.818, 35.4424, 0, 0, 0
4123, 0, 193.303, 112.474, 35.1084, 0, 0, 0
4124, 0, 191.302, 113.928, 34.7469, 0, 0, 0
4125, 0, 189.162, 115.165, 34.3757, 0, 0, 0
4126, 0, 186.903, 116.171, 33.9712, 0, 0, 0
4127, 0, 184.552, 116.936, 33.5377, 0, 0, 0
4128, 0, 182.133, 117.45, 33.1, 0, 0, 0
4129, 0, 179.675, 117.709, 32.6612, 0, 0, 0
4130, 0, 202.957, 95.3904, 38.3017, 0, 0, 0
4131, 0, 202.688, 97.9482, 38.2606, 0, 0, 0
4132, 0, 202.154, 100.464, 38.1478, 0, 0, 0
4133, 0, 201.36, 102.91, 38.0075, 0, 0, 0
4134, 0, 200.315, 105.259, 37.8104, 0, 0, 0
4135, 0, 199.03, 107.487, 37.559, 0, 0, 0
4136, 0, 197.519, 109.567, 37.2954, 0, 0, 0
4137, 0, 195.799, 111.479, 36.9823, 0, 0, 0
4138, 0, 193.89, 113.2, 36.5903, 0, 0, 0
4139, 0, 191.81, 114.711, 36.1809, 0, 0, 0
4140, 0, 189.585, 115.997, 35.7665, 0, 0, 0
4141, 0, 187.238, 117.043, 35.336, 0, 0, 0
4142, 0, 184.793, 117.838, 34.8956, 0, 0, 0
4143, 0, 182.28, 118.373, 34.3999, 0, 0, 0
4144, 0, 179.724, 118.642, 33.8925, 0, 0, 0
4145, 0, 203.888, 95.4393, 39.9391, 0, 0, 0
4146, 0, 203.609, 98.0943, 39.8737, 0, 0, 0
4147, 0, 203.055, 100.705, 39.7553, 0, 0, 0
4148, 0, 202.231, 103.244, 39.595, 0, 0, 0
4149, 0, 201.146, 105.683, 39.4059, 0, 0, 0
4150, 0, 199.812, 107.995, 39.1456, 0, 0, 0
4151, 0, 198.244, 110.155, 38.8167, 0, 0, 0
4152, 0, 196.459, 112.139, 38.4744, 0, 0, 0
4153, 0, 194.477, 113.925, 38.0788, 0, 0, 0
4154, 0, 192.318, 115.494, 37.6735, 0, 0, 0
4155, 0, 190.008, 116.829, 37.2228, 0, 0, 0
4156, 0, 187.572, 117.915, 36.7265, 0, 0, 0
4157, 0, 185.035, 118.74, 36.2347, 0, 0, 0
4158, 0, 182.426, 119.295, 35.7345, 0, 0, 0
4159, 0, 179.773, 119.574, 35.2248, 0, 0, 0
4160, 0, 204.82, 95.4881, 41.6134, 0, 0, 0
4161, 0, 204.531, 98.2403, 41.5647, 0, 0, 0
4162, 0, 203.956, 100.947, 41.4615, 0, 0, 0
4163, 0, 203.102, 103.579, 41.2724, 0, 0, 0
4164, 0, 201.977, 106.107, 41.0345, 0, 0, 0
4165, 0, 200.594, 108.504, 40.7516, 0, 0, 0
4166, 0, 198.969, 110.743, 40.4093, 0, 0, 0
4167, 0, 197.119, 112.799, 40.0535, 0, 0, 0
4168, 0, 195.064, 114.651, 39.6558, 0, 0, 0
4169, 0, 192.827, 116.277, 39.1925, 0, 0, 0
4170, 0, 190.432, 117.661, 38.6858, 0, 0, 0
4171, 0, 187.906, 118.787, 38.1851, 0, 0, 0
4172, 0, 185.276, 119.642, 37.6538, 0, 0, 0
4173, 0, 182.572, 120.217, 37.0941, 0, 0, 0
4174, 0, 179.822, 120.506, 36.5229, 0, 0, 0
4175, 0, 205.752, 95.537, 43.2558, 0, 0, 0
4176, 0, 205.452, 98.3864, 43.1787, 0, 0, 0
4177, 0, 204.857, 101.189, 43.0687, 0, 0, 0
4178, 0, 203.973, 103.914, 42.8881, 0, 0, 0
4179, 0, 202.808, 106.531, 42.6368, 0, 0, 0
4180, 0, 201.377, 109.012, 42.3516, 0, 0, 0
4181, 0, 199.694, 111.33, 41.9841, 0, 0, 0
4182, 0, 197.779, 113.459, 41.5823, 0, 0, 0
4183, 0, 195.652, 115.376, 41.1337, 0, 0, 0
4184, 0, 193.335, 117.06, 40.6378, 0, 0, 0
4185, 0, 190.856, 118.493, 40.1044, 0, 0, 0
4186, 0, 188.241, 119.658, 39.5808, 0, 0, 0
4187, 0, 185.518, 120.544, 38.9999, 0, 0, 0
4188, 0, 182.717, 121.139, 38.3893, 0, 0, 0
4189, 0, 179.87, 121.438, 37.8002, 0, 0, 0
4190, 0, 206.683, 95.5859, 44.9337, 0, 0, 0
4191, 0, 206.374, 98.5325, 44.8784, 0, 0, 0
4192, 0, 205.759, 101.431, 44.7352, 0, 0, 0
4193, 0, 204.844, 104.248, 44.5154, 0, 0, 0
4194, 0, 203.64, 106.955, 44.2618, 0, 0, 0
4195, 0, 202.159, 109.521, 43.9282, 0, 0, 0
4196, 0, 200.419, 111.917, 43.5455, 0, 0, 0
4197, 0, 198.438, 114.119, 43.0967, 0, 0, 0
4198, 0, 196.238, 116.102, 42.6174, 0, 0, 0
4199, 0, 193.843, 117.843, 42.1366, 0, 0, 0
4200, 0, 191.279, 119.324, 41.5798, 0, 0, 0
4201, 0, 188.575, 120.529, 40.961, 0, 0, 0
4202, 0, 185.759, 121.445, 40.3573, 0, 0, 0
4203, 0, 182.863, 122.061, 39.754, 0, 0, 0
4204, 0, 179.919, 122.371, 39.1204, 0, 0, 0
4205, 0, 207.615, 95.6347, 46.6254, 0, 0, 0
4206, 0, 207.295, 98.6785, 46.5615, 0, 0, 0
4207, 0, 206.66, 101.672, 46.4361, 0, 0, 0
4208, 0, 205.715, 104.583, 46.2197, 0, 0, 0
4209, 0, 204.471, 107.379, 45.946, 0, 0, 0
4210, 0, 202.942, 110.029, 45.617, 0, 0, 0
4211, 0, 201.144, 112.505, 45.2304, 0, 0, 0
4212, 0, 199.098, 114.779, 44.7527, 0, 0, 0
4213, 0, 196.825, 116.827, 44.2546, 0, 0, 0
4214, 0, 194.351, 118.626, 43.6939, 0, 0, 0
4215, 0, 191.702, 120.156, 43.076, 0, 0, 0
4216, 0, 188.909, 121.401, 42.4419, 0, 0, 0
4217, 0, 186, 122.347, 41.8138, 0, 0, 0
4218, 0, 183.009, 122.983, 41.1228, 0, 0, 0
4219, 0, 179.968, 123.303, 40.4267, 0, 0, 0
4220, 0, 208.546, 95.6836, 48.3303, 0, 0, 0
4221, 0, 208.216, 98.8244, 48.2303, 0, 0, 0
4222, 0, 207.561, 101.913, 48.0697, 0, 0, 0
4223, 0, 206.586, 104.917, 47.8593, 0, 0, 0
4224, 0, 205.302, 107.802, 47.5819, 0, 0, 0
4225, 0, 203.724, 110.537, 47.1828, 0, 0, 0
4226, 0, 201.869, 113.092, 46.7517, 0, 0, 0
4227, 0, 199.758, 115.439, 46.2839, 0, 0, 0
4228, 0, 197.412, 117.553, 45.7537, 0, 0, 0
4229, 0, 194.859, 119.409, 45.1375, 0, 0, 0
4230, 0, 192.126, 120.988, 44.5226, 0, 0, 0
4231, 0, 189.243, 122.273, 43.8492, 0, 0, 0
4232, 0, 186.242, 123.249, 43.1408, 0, 0, 0
4233, 0, 183.155, 123.905, 42.4229, 0, 0, 0
4234, 0, 180.017, 124.235, 41.7037, 0, 0, 0
4235, 0, 209.477, 95.7324, 49.9381, 0, 0, 0
4236, 0, 209.137, 98.9701, 49.8599, 0, 0, 0
4237, 0, 208.46, 102.155, 49.7023, 0, 0, 0
4238, 0, 207.455, 105.252, 49.4407, 0, 0, 0
4239, 0, 206.132, 108.226, 49.1096, 0, 0, 0
4240, 0, 204.505, 111.045, 48.7567, 0, 0, 0
4241, 0, 202.593, 113.679, 48.2883, 0, 0, 0
4242, 0, 200.416, 116.099, 47.7484, 0, 0, 0
4243, 0, 197.999, 118.277, 47.1719, 0, 0, 0
4244, 0, 195.367, 120.191, 46.5591, 0, 0, 0
4245, 0, 192.549, 121.819, 45.894, 0, 0, 0
4246, 0, 189.577, 123.143, 45.189, 0, 0, 0
4247, 0, 186.483, 124.149, 44.4343, 0, 0, 0
4248, 0, 183.301, 124.826, 43.7034, 0, 0, 0
4249, 0, 180.065, 125.166, 42.913, 0, 0, 0
4250, 0, 210.344, 95.7779, 44.6687, 0, 0, 0
4251, 0, 209.995, 99.1061, 44.5794, 0, 0, 0
4252, 0, 209.299, 102.38, 44.4395, 0, 0, 0
4253, 0, 208.266, 105.563, 44.2226, 0, 0, 0
4254, 0, 206.906, 108.62, 43.9242, 0, 0, 0
4255, 0, 205.233, 111.519, 43.5474, 0, 0, 0
4256, 0, 203.268, 114.226, 43.1349, 0, 0, 0
4257, 0, 201.03, 116.714, 42.6879, 0, 0, 0
4258, 0, 198.545, 118.953, 42.1405, 0, 0, 0
4259, 0, 195.84, 120.92, 41.5899, 0, 0, 0
4260, 0, 192.943, 122.594, 40.9634, 0, 0, 0
4261, 0, 189.888, 123.954, 40.3055, 0, 0, 0
4262, 0, 186.708, 124.989, 39.6339, 0, 0, 0
4263, 0, 183.437, 125.685, 38.9593, 0, 0, 0
4264, 0, 180.111, 126.034, 38.2395, 0, 0, 0
4265, 0, 211.088, 95.8169, 38.8095, 0, 0, 0
4266, 0, 210.73, 99.2229, 38.7456, 0, 0, 0
4267, 0, 210.018, 102.573, 38.6131, 0, 0, 0
4268, 0, 208.961, 105.83, 38.4217, 0, 0, 0
4269, 0, 207.569, 108.959, 38.1536, 0, 0, 0
4270, 0, 205.858, 111.924, 37.8558, 0, 0, 0
4271, 0, 203.846, 114.695, 37.4767, 0, 0, 0
4272, 0, 201.556, 117.24, 37.0611, 0, 0, 0
4273, 0, 199.013, 119.532, 36.5907, 0, 0, 0
4274, 0, 196.245, 121.545, 36.0815, 0, 0, 0
4275, 0, 193.281, 123.257, 35.534, 0, 0, 0
4276, 0, 190.155, 124.65, 34.9819, 0, 0, 0
4277, 0, 186.901, 125.708, 34.3578, 0, 0, 0
4278, 0, 183.553, 126.421, 33.7258, 0, 0, 0
4279, 0, 180.15, 126.778, 33.1197, 0, 0, 0
4280, 0, 211.729, 95.8505, 34.9744, 0, 0, 0
4281, 0, 211.364, 99.3235, 34.9209, 0, 0, 0
4282, 0, 210.638, 102.739, 34.7976, 0, 0, 0
4283, 0, 209.56, 106.06, 34.6192, 0, 0, 0
4284, 0, 208.141, 109.25, 34.3976, 0, 0, 0
4285, 0, 206.397, 112.274, 34.1479, 0, 0, 0
4286, 0, 204.346, 115.099, 33.8121, 0, 0, 0
4287, 0, 202.011, 117.695, 33.4004, 0, 0, 0
4288, 0, 199.418, 120.031, 32.9538, 0, 0, 0
4289, 0, 196.595, 122.084, 32.4912, 0, 0, 0
4290, 0, 193.573, 123.83, 31.988, 0, 0, 0
4291, 0, 190.385, 125.25, 31.4616, 0, 0, 0
4292, 0, 187.067, 126.329, 30.9037, 0, 0, 0
4293, 0, 183.654, 127.055, 30.3423, 0, 0, 0
4294, 0, 180.184, 127.42, 29.7672, 0, 0, 0
4295, 0, 212.309, 95.8809, 33.3046, 0, 0, 0
4296, 0, 211.938, 99.4144, 33.2565, 0, 0, 0
4297, 0, 211.2, 102.89, 33.1238, 0, 0, 0
4298, 0, 210.103, 106.269, 32.9644, 0, 0, 0
4299, 0, 208.659, 109.515, 32.7275, 0, 0, 0
4300, 0, 206.884, 112.591, 32.4021, 0, 0, 0
4301, 0, 204.797, 115.465, 32.0807, 0, 0, 0
4302, 0, 202.422, 118.106, 31.7318, 0, 0, 0
4303, 0, 199.783, 120.483, 31.3301, 0, 0, 0
4304, 0, 196.911, 122.572, 30.8813, 0, 0, 0
4305, 0, 193.837, 124.348, 30.3752, 0, 0, 0
4306, 0, 190.594, 125.793, 29.8766, 0, 0, 0
4307, 0, 187.217, 126.891, 29.3648, 0, 0, 0
4308, 0, 183.745, 127.63, 28.8346, 0, 0, 0
4309, 0, 180.214, 128.001, 28.2712, 0, 0, 0
4310, 0, 212.869, 95.9103, 33.854, 0, 0, 0
4311, 0, 212.492, 99.5021, 33.7679, 0, 0, 0
4312, 0, 211.741, 103.035, 33.6578, 0, 0, 0
4313, 0, 210.626, 106.47, 33.4601, 0, 0, 0
4314, 0, 209.158, 109.769, 33.2374, 0, 0, 0
4315, 0, 207.354, 112.897, 32.9754, 0, 0, 0
4316, 0, 205.233, 115.818, 32.6345, 0, 0, 0
4317, 0, 202.818, 118.502, 32.2371, 0, 0, 0
4318, 0, 200.136, 120.919, 31.8219, 0, 0, 0
4319, 0, 197.217, 123.042, 31.3537, 0, 0, 0
4320, 0, 194.091, 124.848, 30.8582, 0, 0, 0
4321, 0, 190.794, 126.317, 30.3395, 0, 0, 0
4322, 0, 187.362, 127.433, 29.7848, 0, 0, 0
4323, 0, 183.832, 128.183, 29.2214, 0, 0, 0
4324, 0, 180.243, 128.561, 28.6406, 0, 0, 0
4325, 0, 213.428, 95.9396, 34.4623, 0, 0, 0
4326, 0, 213.044, 99.5896, 34.4082, 0, 0, 0
4327, 0, 212.282, 103.179, 34.2964, 0, 0, 0
4328, 0, 211.148, 106.67, 34.1187, 0, 0, 0
4329, 0, 209.657, 110.023, 33.8709, 0, 0, 0
4330, 0, 207.823, 113.202, 33.5631, 0, 0, 0
4331, 0, 205.667, 116.171, 33.1895, 0, 0, 0
4332, 0, 203.214, 118.898, 32.8056, 0, 0, 0
4333, 0, 200.488, 121.354, 32.3546, 0, 0, 0
4334, 0, 197.521, 123.511, 31.8989, 0, 0, 0
4335, 0, 194.345, 125.346, 31.3995, 0, 0, 0
4336, 0, 190.995, 126.839, 30.8385, 0, 0, 0
4337, 0, 187.507, 127.973, 30.2722, 0, 0, 0
4338, 0, 183.92, 128.736, 29.7107, 0, 0, 0
4339, 0, 180.272, 129.12, 29.1348, 0, 0, 0
4340, 0, 213.986, 95.9689, 35.1041, 0, 0, 0
4341, 0, 213.597, 99.6771, 35.0426, 0, 0, 0
4342, 0, 212.822, 103.324, 34.9359, 0, 0, 0
4343, 0, 211.671, 106.871, 34.7583, 0, 0, 0
4344, 0, 210.155, 110.278, 34.4823, 0, 0, 0
4345, 0, 208.292, 113.507, 34.1975, 0, 0, 0
4346, 0, 206.102, 116.523, 33.859, 0, 0, 0
4347, 0, 203.609, 119.294, 33.4376, 0, 0, 0
4348, 0, 200.84, 121.789, 32.9682, 0, 0, 0
4349, 0, 197.826, 123.981, 32.4571, 0, 0, 0
4350, 0, 194.599, 125.845, 31.9149, 0, 0, 0
4351, 0, 191.195, 127.362, 31.3938, 0, 0, 0
4352, 0, 187.652, 128.514, 30.8237, 0, 0, 0
4353, 0, 184.007, 129.289, 30.1993, 0, 0, 0
4354, 0, 180.302, 129.679, 29.5526, 0, 0, 0
4355, 0, 214.545, 95.9982, 35.8135, 0, 0, 0
4356, 0, 214.15, 99.7647, 35.7521, 0, 0, 0
4357, 0, 213.363, 103.469, 35.6087, 0, 0, 0
4358, 0, 212.193, 107.072, 35.3778, 0, 0, 0
4359, 0, 210.654, 110.532, 35.1509, 0, 0, 0
4360, 0, 208.762, 113.812, 34.8559, 0, 0, 0
4361, 0, 206.537, 116.876, 34.4712, 0, 0, 0
4362, 0, 204.005, 119.69, 34.0475, 0, 0, 0
4363, 0, 201.192, 122.225, 33.5853, 0, 0, 0
4364, 0, 198.131, 124.451, 33.098, 0, 0, 0
4365, 0, 194.853, 126.345, 32.5509, 0, 0, 0
4366, 0, 191.396, 127.885, 31.9568, 0, 0, 0
4367, 0, 187.797, 129.056, 31.3497, 0, 0, 0
4368, 0, 184.095, 129.843, 30.744, 0, 0, 0
4369, 0, 180.331, 130.239, 30.1332, 0, 0, 0
4370, 0, 215.104, 96.0275, 36.3977, 0, 0, 0
4371, 0, 214.702, 99.8525, 36.3078, 0, 0, 0
4372, 0, 213.903, 103.614, 36.1517, 0, 0, 0
4373, 0, 212.716, 107.272, 35.9823, 0, 0, 0
4374, 0, 211.152, 110.786, 35.7111, 0, 0, 0
4375, 0, 209.231, 114.117, 35.3572, 0, 0, 0
4376, 0, 206.972, 117.228, 35.0089, 0, 0, 0
4377, 0, 204.4, 120.086, 34.5547, 0, 0, 0
4378, 0, 201.545, 122.66, 34.0607, 0, 0, 0
4379, 0, 198.436, 124.92, 33.5556, 0, 0, 0
4380, 0, 195.108, 126.844, 33.0066, 0, 0, 0
4381, 0, 191.597, 128.408, 32.3903, 0, 0, 0
4382, 0, 187.942, 129.596, 31.7655, 0, 0, 0
4383, 0, 184.183, 130.396, 31.1437, 0, 0, 0
4384, 0, 180.36, 130.798, 30.4931, 0, 0, 0
4385, 0, 215.663, 96.0568, 37.0477, 0, 0, 0
4386, 0, 215.255, 99.9401, 37.0155, 0, 0, 0
4387, 0, 214.444, 103.759, 36.9262, 0, 0, 0
4388, 0, 213.238, 107.473, 36.6924, 0, 0, 0
4389, 0, 211.651, 111.04, 36.3979, 0, 0, 0
4390, 0, 209.7, 114.422, 36.0504, 0, 0, 0
4391, 0, 207.407, 117.581, 35.6824, 0, 0, 0
4392, 0, 204.796, 120.482, 35.2568, 0, 0, 0
4393, 0, 201.897, 123.095, 34.7302, 0, 0, 0
4394, 0, 198.74, 125.39, 34.1688, 0, 0, 0
4395, 0, 195.362, 127.343, 33.5778, 0, 0, 0
4396, 0, 191.797, 128.931, 32.9751, 0, 0, 0
4397, 0, 188.086, 130.137, 32.3651, 0, 0, 0
4398, 0, 184.27, 130.949, 31.6991, 0, 0, 0
4399, 0, 180.39, 131.357, 31.0194, 0, 0, 0
4400, 0, 216.213, 96.0857, 36.5435, 0, 0, 0
4401, 0, 215.799, 100.026, 36.4328, 0, 0, 0
4402, 0, 214.976, 103.902, 36.2804, 0, 0, 0
4403, 0, 213.752, 107.671, 36.1007, 0, 0, 0
4404, 0, 212.142, 111.29, 35.8532, 0, 0, 0
4405, 0, 210.162, 114.722, 35.504, 0, 0, 0
4406, 0, 207.835, 117.928, 35.0892, 0, 0, 0
4407, 0, 205.186, 120.872, 34.627, 0, 0, 0
4408, 0, 202.243, 123.523, 34.1686, 0, 0, 0
4409, 0, 199.04, 125.853, 33.6236, 0, 0, 0
4410, 0, 195.611, 127.834, 33.0128, 0, 0, 0
4411, 0, 191.995, 129.445, 32.4061, 0, 0, 0
4412, 0, 188.229, 130.67, 31.7746, 0, 0, 0
4413, 0, 184.356, 131.494, 31.1249, 0, 0, 0
4414, 0, 180.418, 131.908, 30.4668, 0, 0, 0
4415, 0, 216.652, 96.1087, 23.0543, 0, 0, 0
4416, 0, 216.233, 100.095, 23.0269, 0, 0, 0
4417, 0, 215.4, 104.016, 22.9328, 0, 0, 0
4418, 0, 214.163, 107.828, 22.767, 0, 0, 0
4419, 0, 212.533, 111.49, 22.5812, 0, 0, 0
4420, 0, 210.531, 114.962, 22.3754, 0, 0, 0
4421, 0, 208.176, 118.204, 22.1385, 0, 0, 0
4422, 0, 205.496, 121.183, 21.8713, 0, 0, 0
4423, 0, 202.52, 123.866, 21.5529, 0, 0, 0
4424, 0, 199.28, 126.222, 21.2009, 0, 0, 0
4425, 0, 195.811, 128.225, 20.848, 0, 0, 0
4426, 0, 192.152, 129.856, 20.4584, 0, 0, 0
4427, 0, 188.343, 131.095, 20.0339, 0, 0, 0
4428, 0, 105.851, -25.9064, 30.2636, 0, 0, 0
4429, 0, 106.286, -28.0388, 30.6838, 0, 0, 0
4430, 0, 106.755, -30.1637, 31.1224, 0, 0, 0
4431, 0, 107.258, -32.2804, 31.5997, 0, 0, 0
4432, 0, 107.794, -34.3882, 32.1109, 0, 0, 0
4433, 0, 108.365, -36.4868, 32.6683, 0, 0, 0
4434, 0, 106.486, 37.33, 41.4632, 0, 0, 0
4435, 0, 105.925, 35.1884, 40.7747, 0, 0, 0
4436, 0, 105.397, 33.0378, 40.1271, 0, 0, 0
4437, 0, 104.903, 30.8785, 39.5311, 0, 0, 0
4438, 0, 104.442, 28.7112, 38.9771, 0, 0, 0
4439, 0, 104.015, 26.5365, 38.4579, 0, 0, 0
4440, 0, 103.621, 24.3548, 37.9841, 0, 0, 0
4441, 0, 103.261, 22.1668, 37.5456, 0, 0, 0
4442, 0, 102.936, 19.973, 37.1655, 0, 0, 0
4443, 0, 102.644, 17.774, 36.8255, 0, 0, 0
4444, 0, 102.386, 15.5704, 36.5108, 0, 0, 0
4445, 0, 102.163, 13.3628, 36.2462, 0, 0, 0
4446, 0, 101.974, 11.1516, 36.0187, 0, 0, 0
4447, 0, 101.819, 8.93764, 35.8383, 0, 0, 0
4448, 0, 101.698, 6.72132, 35.7026, 0, 0, 0
4449, 0, 101.613, 4.50326, 35.6052, 0, 0, 0
4450, 0, 101.561, 2.28405, 35.5454, 0, 0, 0
4451, 0, 101.544, 0.06425, 35.5223, 0, 0, 0
4452, 0, 101.561, -2.15554, 35.5454, 0, 0, 0
4453, 0, 101.613, -4.37476, 35.6052, 0, 0, 0
4454, 0, 101.698, -6.59282, 35.7025, 0, 0, 0
4455, 0, 101.819, -8.80914, 35.8384, 0, 0, 0
4456, 0, 101.974, -11.0232, 36.0187, 0, 0, 0
4457, 0, 102.163, -13.2343, 36.2462, 0, 0, 0
4458, 0, 102.386, -15.4419, 36.5108, 0, 0, 0
4459, 0, 102.644, -17.6455, 36.8255, 0, 0, 0
4460, 0, 102.936, -19.8445, 37.1655, 0, 0, 0
4461, 0, 103.261, -22.0382, 37.5446, 0, 0, 0
4462, 0, 103.621, -24.2262, 37.9848, 0, 0, 0
4463, 0, 104.015, -26.4079, 38.458, 0, 0, 0
4464, 0, 104.442, -28.5827, 38.9771, 0, 0, 0
4465, 0, 104.903, -30.75, 39.5311, 0, 0, 0
4466, 0, 105.397, -32.9093, 40.1271, 0, 0, 0
4467, 0, 105.925, -35.06, 40.7747, 0, 0, 0
4468, 0, 106.486, -37.2015, 41.4632, 0, 0, 0
4469, 0, 104.12, 38.2295, 51.7294, 0, 0, 0
4470, 0, 103.571, 36.034, 50.8752, 0, 0, 0
4471, 0, 103.055, 33.8295, 50.088, 0, 0, 0
4472, 0, 102.571, 31.6166, 49.3512, 0, 0, 0
4473, 0, 102.121, 29.3958, 48.6528, 0, 0, 0
4474, 0, 101.703, 27.1677, 48.0247, 0, 0, 0
4475, 0, 101.318, 24.9329, 47.449, 0, 0, 0
4476, 0, 100.967, 22.6919, 46.92, 0, 0, 0
4477, 0, 100.648, 20.4452, 46.4456, 0, 0, 0
4478, 0, 100.363, 18.1935, 46.0153, 0, 0, 0
4479, 0, 100.111, 15.9372, 45.6399, 0, 0, 0
4480, 0, 99.893, 13.677, 45.32, 0, 0, 0
4481, 0, 99.7082, 11.4134, 45.0499, 0, 0, 0
4482, 0, 99.5567, 9.14695, 44.8229, 0, 0, 0
4483, 0, 99.4388, 6.87826, 44.6438, 0, 0, 0
4484, 0, 99.3548, 4.60787, 44.5237, 0, 0, 0
4485, 0, 99.3043, 2.33634, 44.4516, 0, 0, 0
4486, 0, 99.2875, 0.06425, 44.4271, 0, 0, 0
4487, 0, 99.3043, -2.20784, 44.4515, 0, 0, 0
4488, 0, 99.3548, -4.47937, 44.5238, 0, 0, 0
4489, 0, 99.4388, -6.74976, 44.6437, 0, 0, 0
4490, 0, 99.5567, -9.01845, 44.823, 0, 0, 0
4491, 0, 99.7082, -11.2849, 45.0499, 0, 0, 0
4492, 0, 99.893, -13.5485, 45.32, 0, 0, 0
4493, 0, 100.111, -15.8087, 45.64, 0, 0, 0
4494, 0, 100.363, -18.065, 46.0153, 0, 0, 0
4495, 0, 100.648, -20.3167, 46.4445, 0, 0, 0
4496, 0, 100.967, -22.5633, 46.92, 0, 0, 0
4497, 0, 101.318, -24.8043, 47.4502, 0, 0, 0
4498, 0, 101.703, -27.0392, 48.0247, 0, 0, 0
4499, 0, 102.121, -29.2673, 48.6529, 0, 0, 0
4500, 0, 102.571, -31.488, 49.3511, 0, 0, 0
4501, 0, 103.055, -33.701, 50.088, 0, 0, 0
4502, 0, 103.571, -35.9055, 50.8752, 0, 0, 0
4503, 0, 104.12, -38.101, 51.7294, 0, 0, 0
4504, 0, 101.486, 39.2307, 51.7565, 0, 0, 0
4505, 0, 100.951, 36.975, 50.9191, 0, 0, 0
4506, 0, 100.448, 34.7106, 50.1424, 0, 0, 0
4507, 0, 99.977, 32.438, 49.4107, 0, 0, 0
4508, 0, 99.538, 30.1577, 48.7419, 0, 0, 0
4509, 0, 99.1308, 27.8703, 48.1236, 0, 0, 0
4510, 0, 98.7557, 25.5763, 47.5466, 0, 0, 0
4511, 0, 98.413, 23.2763, 47.0283, 0, 0, 0
4512, 0, 98.1026, 20.9708, 46.5604, 0, 0, 0
4513, 0, 97.8246, 18.6604, 46.1429, 0, 0, 0
4514, 0, 97.5791, 16.3455, 45.7744, 0, 0, 0
4515, 0, 97.3662, 14.0268, 45.4567, 0, 0, 0
4516, 0, 97.186, 11.7047, 45.1867, 0, 0, 0
4517, 0, 97.0384, 9.37994, 44.9658, 0, 0, 0
4518, 0, 96.9237, 7.05295, 44.7948, 0, 0, 0
4519, 0, 96.8417, 4.72431, 44.6723, 0, 0, 0
4520, 0, 96.7925, 2.39456, 44.5999, 0, 0, 0
4521, 0, 96.7761, 0.06425, 44.5759, 0, 0, 0
4522, 0, 96.7925, -2.26605, 44.5997, 0, 0, 0
4523, 0, 96.8417, -4.5958, 44.6725, 0, 0, 0
4524, 0, 96.9237, -6.92445, 44.7948, 0, 0, 0
4525, 0, 97.0384, -9.25144, 44.9658, 0, 0, 0
4526, 0, 97.186, -11.5762, 45.1867, 0, 0, 0
4527, 0, 97.3662, -13.8983, 45.4567, 0, 0, 0
4528, 0, 97.5791, -16.217, 45.7744, 0, 0, 0
4529, 0, 97.8246, -18.5318, 46.1429, 0, 0, 0
4530, 0, 98.1026, -20.8423, 46.5595, 0, 0, 0
4531, 0, 98.413, -23.1478, 47.0294, 0, 0, 0
4532, 0, 98.7557, -25.4478, 47.5467, 0, 0, 0
4533, 0, 99.1308, -27.7418, 48.1236, 0, 0, 0
4534, 0, 99.538, -30.0292, 48.7418, 0, 0, 0
4535, 0, 99.977, -32.3095, 49.4107, 0, 0, 0
4536, 0, 100.448, -34.5821, 50.1424, 0, 0, 0
4537, 0, 100.951, -36.8466, 50.9191, 0, 0, 0
4538, 0, 101.486, -39.1023, 51.7565, 0, 0, 0
4539, 0, 98.8474, 40.2337, 51.5236, 0, 0, 0
4540, 0, 98.3268, 37.9178, 50.7097, 0, 0, 0
4541, 0, 97.837, 35.5933, 49.9466, 0, 0, 0
4542, 0, 97.3781, 33.2609, 49.2367, 0, 0, 0
4543, 0, 96.9503, 30.921, 48.5748, 0, 0, 0
4544, 0, 96.5537, 28.5742, 47.9671, 0, 0, 0
4545, 0, 96.1884, 26.2209, 47.4075, 0, 0, 0
4546, 0, 95.8546, 23.8618, 46.8984, 0, 0, 0
4547, 0, 95.5522, 21.4974, 46.4401, 0, 0, 0
4548, 0, 95.2814, 19.128, 46.031, 0, 0, 0
4549, 0, 95.0423, 16.7545, 45.668, 0, 0, 0
4550, 0, 94.835, 14.3771, 45.3567, 0, 0, 0
4551, 0, 94.6595, 11.9966, 45.0919, 0, 0, 0
4552, 0, 94.5158, 9.61336, 44.8782, 0, 0, 0
4553, 0, 94.404, 7.22795, 44.7106, 0, 0, 0
4554, 0, 94.3241, 4.84095, 44.5908, 0, 0, 0
4555, 0, 94.2762, 2.45287, 44.5188, 0, 0, 0
4556, 0, 94.2602, 0.06425, 44.4944, 0, 0, 0
4557, 0, 94.2762, -2.32437, 44.5187, 0, 0, 0
4558, 0, 94.3241, -4.71244, 44.5909, 0, 0, 0
4559, 0, 94.404, -7.09944, 44.7105, 0, 0, 0
4560, 0, 94.5158, -9.48485, 44.8782, 0, 0, 0
4561, 0, 94.6595, -11.8681, 45.0919, 0, 0, 0
4562, 0, 94.835, -14.2486, 45.3567, 0, 0, 0
4563, 0, 95.0423, -16.626, 45.668, 0, 0, 0
4564, 0, 95.2814, -18.9995, 46.031, 0, 0, 0
4565, 0, 95.5522, -21.3689, 46.4401, 0, 0, 0
4566, 0, 95.8546, -23.7333, 46.8984, 0, 0, 0
4567, 0, 96.1884, -26.0924, 47.4075, 0, 0, 0
4568, 0, 96.5537, -28.4456, 47.9671, 0, 0, 0
4569, 0, 96.9503, -30.7925, 48.5747, 0, 0, 0
4570, 0, 97.3781, -33.1323, 49.2356, 0, 0, 0
4571, 0, 97.837, -35.4648, 49.9474, 0, 0, 0
4572, 0, 98.3268, -37.7893, 50.7097, 0, 0, 0
4573, 0, 98.8474, -40.1052, 51.5236, 0, 0, 0
4574, 0, 96.2084, 41.237, 51.2823, 0, 0, 0
4575, 0, 95.7017, 38.8608, 50.4849, 0, 0, 0
4576, 0, 95.2249, 36.4763, 49.7365, 0, 0, 0
4577, 0, 94.7783, 34.084, 49.0414, 0, 0, 0
4578, 0, 94.3619, 31.6845, 48.3939, 0, 0, 0
4579, 0, 93.9759, 29.2782, 47.7972, 0, 0, 0
4580, 0, 93.6204, 26.8657, 47.2503, 0, 0, 0
4581, 0, 93.2954, 24.4474, 46.751, 0, 0, 0
4582, 0, 93.0011, 22.024, 46.3007, 0, 0, 0
4583, 0, 92.7376, 19.5959, 45.9013, 0, 0, 0
4584, 0, 92.5049, 17.1636, 45.5463, 0, 0, 0
4585, 0, 92.3031, 14.7276, 45.2422, 0, 0, 0
4586, 0, 92.1323, 12.2885, 44.9821, 0, 0, 0
4587, 0, 91.9924, 9.8468, 44.7717, 0, 0, 0
4588, 0, 91.8836, 7.40299, 44.6083, 0, 0, 0
4589, 0, 91.8058, 4.95762, 44.4908, 0, 0, 0
4590, 0, 91.7592, 2.5112, 44.4204, 0, 0, 0
4591, 0, 91.7437, 0.0642525, 44.3976, 0, 0, 0
4592, 0, 91.7592, -2.38269, 44.4204, 0, 0, 0
4593, 0, 91.8058, -4.82911, 44.4909, 0, 0, 0
4594, 0, 91.8836, -7.27449, 44.6082, 0, 0, 0
4595, 0, 91.9924, -9.7183, 44.7718, 0, 0, 0
4596, 0, 92.1323, -12.16, 44.9821, 0, 0, 0
4597, 0, 92.3031, -14.5991, 45.2422, 0, 0, 0
4598, 0, 92.5049, -17.0351, 45.5463, 0, 0, 0
4599, 0, 92.7376, -19.4674, 45.9013, 0, 0, 0
4600, 0, 93.0011, -21.8955, 46.3007, 0, 0, 0
4601, 0, 93.2954, -24.3189, 46.7509, 0, 0, 0
4602, 0, 93.6204, -26.7371, 47.2492, 0, 0, 0
4603, 0, 93.9759, -29.1497, 47.798, 0, 0, 0
4604, 0, 94.3619, -31.556, 48.3939, 0, 0, 0
4605, 0, 94.7783, -33.9555, 49.0395, 0, 0, 0
4606, 0, 95.2249, -36.3477, 49.7384, 0, 0, 0
4607, 0, 95.7017, -38.7323, 50.4849, 0, 0, 0
4608, 0, 96.2084, -41.1085, 51.2823, 0, 0, 0
4609, 0, 93.5694, 42.2402, 50.9048, 0, 0, 0
4610, 0, 93.0765, 39.8037, 50.124, 0, 0, 0
4611, 0, 92.6129, 37.3592, 49.3925, 0, 0, 0
4612, 0, 92.1785, 34.9071, 48.7124, 0, 0, 0
4613, 0, 91.7736, 32.448, 48.0807, 0, 0, 0
4614, 0, 91.3981, 29.9823, 47.4983, 0, 0, 0
4615, 0, 91.0524, 27.5105, 46.9649, 0, 0, 0
4616, 0, 90.7363, 25.0331, 46.4763, 0, 0, 0
4617, 0, 90.4501, 22.5507, 46.0369, 0, 0, 0
4618, 0, 90.1938, 20.0637, 45.6455, 0, 0, 0
4619, 0, 89.9675, 17.5727, 45.2997, 0, 0, 0
4620, 0, 89.7712, 15.0781, 45.0007, 0, 0, 0
4621, 0, 89.605, 12.5804, 44.7489, 0, 0, 0
4622, 0, 89.469, 10.0802, 44.5417, 0, 0, 0
4623, 0, 89.3632, 7.57804, 44.3815, 0, 0, 0
4624, 0, 89.2876, 5.07429, 44.2676, 0, 0, 0
4625, 0, 89.2422, 2.56953, 44.1987, 0, 0, 0
4626, 0, 89.2271, 0.064255, 44.1755, 0, 0, 0
4627, 0, 89.2422, -2.44102, 44.1988, 0, 0, 0
4628, 0, 89.2876, -4.94579, 44.2677, 0, 0, 0
4629, 0, 89.3632, -7.44954, 44.3815, 0, 0, 0
4630, 0, 89.469, -9.95175, 44.5417, 0, 0, 0
4631, 0, 89.605, -12.4519, 44.7489, 0, 0, 0
4632, 0, 89.7712, -14.9496, 45.0007, 0, 0, 0
4633, 0, 89.9675, -17.4442, 45.2997, 0, 0, 0
4634, 0, 90.1938, -19.9352, 45.6455, 0, 0, 0
4635, 0, 90.4501, -22.4222, 46.0369, 0, 0, 0
4636, 0, 90.7363, -24.9046, 46.4763, 0, 0, 0
4637, 0, 91.0524, -27.382, 46.9641, 0, 0, 0
4638, 0, 91.3981, -29.8538, 47.4994, 0, 0, 0
4639, 0, 91.7736, -32.3195, 48.0807, 0, 0, 0
4640, 0, 92.1785, -34.7786, 48.7116, 0, 0, 0
4641, 0, 92.6129, -37.2307, 49.3936, 0, 0, 0
4642, 0, 93.0765, -39.6752, 50.124, 0, 0, 0
4643, 0, 93.5694, -42.1117, 50.9048, 0, 0, 0
4644, 0, 90.9314, 43.2431, 50.5004, 0, 0, 0
4645, 0, 90.4525, 40.7464, 49.7394, 0, 0, 0
4646, 0, 90.0019, 38.2418, 49.0254, 0, 0, 0
4647, 0, 89.5798, 35.7299, 48.3607, 0, 0, 0
4648, 0, 89.1862, 33.2111, 47.7432, 0, 0, 0
4649, 0, 88.8214, 30.686, 47.1737, 0, 0, 0
4650, 0, 88.4853, 28.155, 46.6507, 0, 0, 0
4651, 0, 88.1782, 25.6186, 46.175, 0, 0, 0
4652, 0, 87.9001, 23.0772, 45.7463, 0, 0, 0
4653, 0, 87.651, 20.5314, 45.3617, 0, 0, 0
4654, 0, 87.4311, 17.9816, 45.0249, 0, 0, 0
4655, 0, 87.2403, 15.4284, 44.7334, 0, 0, 0
4656, 0, 87.0788, 12.8723, 44.4861, 0, 0, 0
4657, 0, 86.9466, 10.3136, 44.2847, 0, 0, 0
4658, 0, 86.8438, 7.75301, 44.1277, 0, 0, 0
4659, 0, 86.7703, 5.19092, 44.0156, 0, 0, 0
4660, 0, 86.7262, 2.62783, 43.9491, 0, 0, 0
4661, 0, 86.7115, 0.064255, 43.9271, 0, 0, 0
4662, 0, 86.7262, -2.49933, 43.9492, 0, 0, 0
4663, 0, 86.7703, -5.06241, 44.0156, 0, 0, 0
4664, 0, 86.8438, -7.62451, 44.1277, 0, 0, 0
4665, 0, 86.9466, -10.1851, 44.2848, 0, 0, 0
4666, 0, 87.0788, -12.7438, 44.4861, 0, 0, 0
4667, 0, 87.2403, -15.2999, 44.7334, 0, 0, 0
4668, 0, 87.4311, -17.8531, 45.0249, 0, 0, 0
4669, 0, 87.651, -20.4029, 45.3617, 0, 0, 0
4670, 0, 87.9001, -22.9487, 45.7463, 0, 0, 0
4671, 0, 88.1782, -25.4901, 46.175, 0, 0, 0
4672, 0, 88.4853, -28.0265, 46.6507, 0, 0, 0
4673, 0, 88.8214, -30.5575, 47.1737, 0, 0, 0
4674, 0, 89.1862, -33.0826, 47.7432, 0, 0, 0
4675, 0, 89.5798, -35.6014, 48.3607, 0, 0, 0
4676, 0, 90.0019, -38.1133, 49.0254, 0, 0, 0
4677, 0, 90.4525, -40.6178, 49.7394, 0, 0, 0
4678, 0, 90.9314, -43.1146, 50.5004, 0, 0, 0
4679, 0, 88.2697, 44.255, 50.938, 0, 0, 0
4680, 0, 87.8048, 41.6974, 50.1833, 0, 0, 0
4681, 0, 87.3674, 39.1323, 49.4739, 0, 0, 0
4682, 0, 86.9576, 36.5601, 48.8128, 0, 0, 0
4683, 0, 86.5755, 33.9812, 48.1993, 0, 0, 0
4684, 0, 86.2214, 31.3961, 47.6336, 0, 0, 0
4685, 0, 85.8952, 28.8053, 47.1129, 0, 0, 0
4686, 0, 85.5971, 26.2092, 46.6404, 0, 0, 0
4687, 0, 85.3271, 23.6084, 46.2149, 0, 0, 0
4688, 0, 85.0853, 21.0032, 45.8339, 0, 0, 0
4689, 0, 84.8718, 18.3942, 45.4977, 0, 0, 0
4690, 0, 84.6866, 15.7819, 45.2079, 0, 0, 0
4691, 0, 84.5299, 13.1667, 44.9624, 0, 0, 0
4692, 0, 84.4016, 10.5491, 44.7629, 0, 0, 0
4693, 0, 84.3017, 7.92956, 44.6067, 0, 0, 0
4694, 0, 84.2304, 5.30859, 44.4961, 0, 0, 0
4695, 0, 84.1876, 2.68666, 44.4295, 0, 0, 0
4696, 0, 84.1734, 0.0642525, 44.407, 0, 0, 0
4697, 0, 84.1876, -2.55816, 44.4295, 0, 0, 0
4698, 0, 84.2304, -5.18008, 44.4961, 0, 0, 0
4699, 0, 84.3017, -7.80105, 44.6068, 0, 0, 0
4700, 0, 84.4016, -10.4206, 44.7629, 0, 0, 0
4701, 0, 84.5299, -13.0382, 44.9624, 0, 0, 0
4702, 0, 84.6866, -15.6534, 45.2079, 0, 0, 0
4703, 0, 84.8718, -18.2657, 45.4977, 0, 0, 0
4704, 0, 85.0853, -20.8747, 45.8339, 0, 0, 0
4705, 0, 85.3271, -23.4799, 46.215, 0, 0, 0
4706, 0, 85.5971, -26.0807, 46.6404, 0, 0, 0
4707, 0, 85.8952, -28.6768, 47.1129, 0, 0, 0
4708, 0, 86.2214, -31.2676, 47.6336, 0, 0, 0
4709, 0, 86.5755, -33.8527, 48.1993, 0, 0, 0
4710, 0, 86.9576, -36.4316, 48.8128, 0, 0, 0
4711, 0, 87.3674, -39.0038, 49.4739, 0, 0, 0
4712, 0, 87.8048, -41.5689, 50.1833, 0, 0, 0
4713, 0, 88.2697, -44.1265, 50.938, 0, 0, 0
4714, 0, 85.4441, 45.3292, 55.6252, 0, 0, 0
4715, 0, 84.994, 42.7071, 54.8123, 0, 0, 0
4716, 0, 84.5705, 40.0777, 54.0496, 0, 0, 0
4717, 0, 84.1739, 37.4414, 53.3384, 0, 0, 0
4718, 0, 83.8041, 34.7987, 52.6791, 0, 0, 0
4719, 0, 83.4613, 32.15, 52.0712, 0, 0, 0
4720, 0, 83.1456, 29.4957, 51.5127, 0, 0, 0
4721, 0, 82.857, 26.8363, 51.0049, 0, 0, 0
4722, 0, 82.5956, 24.1723, 50.5462, 0, 0, 0
4723, 0, 82.3616, 21.5042, 50.1355, 0, 0, 0
4724, 0, 82.1549, 18.8323, 49.7748, 0, 0, 0
4725, 0, 81.9757, 16.1572, 49.4629, 0, 0, 0
4726, 0, 81.8239, 13.4793, 49.1979, 0, 0, 0
4727, 0, 81.6997, 10.7991, 48.9841, 0, 0, 0
4728, 0, 81.6031, 8.11699, 48.8175, 0, 0, 0
4729, 0, 81.534, 5.43351, 48.6982, 0, 0, 0
4730, 0, 81.4926, 2.74911, 48.6261, 0, 0, 0
4731, 0, 81.4788, 0.06425, 48.602, 0, 0, 0
4732, 0, 81.4926, -2.62061, 48.6261, 0, 0, 0
4733, 0, 81.534, -5.30501, 48.698, 0, 0, 0
4734, 0, 81.6031, -7.98848, 48.8175, 0, 0, 0
4735, 0, 81.6997, -10.6706, 48.9842, 0, 0, 0
4736, 0, 81.8239, -13.3508, 49.1979, 0, 0, 0
4737, 0, 81.9757, -16.0287, 49.4629, 0, 0, 0
4738, 0, 82.1549, -18.7038, 49.7748, 0, 0, 0
4739, 0, 82.3616, -21.3757, 50.1355, 0, 0, 0
4740, 0, 82.5956, -24.0438, 50.5462, 0, 0, 0
4741, 0, 82.857, -26.7078, 51.0049, 0, 0, 0
4742, 0, 83.1456, -29.3672, 51.5127, 0, 0, 0
4743, 0, 83.4613, -32.0214, 52.0701, 0, 0, 0
4744, 0, 83.8041, -34.6702, 52.6799, 0, 0, 0
4745, 0, 84.1739, -37.313, 53.3385, 0, 0, 0
4746, 0, 84.5705, -39.9492, 54.0495, 0, 0, 0
4747, 0, 84.994, -42.5786, 54.8123, 0, 0, 0
4748, 0, 85.4441, -45.2007, 55.6252, 0, 0, 0
4749, 0, 82.2572, 46.5407, 62.993, 0, 0, 0
4750, 0, 81.8239, 43.8459, 62.0855, 0, 0, 0
4751, 0, 81.4163, 41.144, 61.2372, 0, 0, 0
4752, 0, 81.0344, 38.4354, 60.4446, 0, 0, 0
4753, 0, 80.6784, 35.7207, 59.7104, 0, 0, 0
4754, 0, 80.3484, 33.0001, 59.0335, 0, 0, 0
4755, 0, 80.0444, 30.2743, 58.4122, 0, 0, 0
4756, 0, 79.7666, 27.5436, 57.8462, 0, 0, 0
4757, 0, 79.515, 24.8083, 57.3354, 0, 0, 0
4758, 0, 79.2897, 22.0691, 56.8787, 0, 0, 0
4759, 0, 79.0908, 19.3263, 56.4772, 0, 0, 0
4760, 0, 78.9182, 16.5804, 56.1318, 0, 0, 0
4761, 0, 78.7721, 13.8318, 55.837, 0, 0, 0
4762, 0, 78.6525, 11.081, 55.5971, 0, 0, 0
4763, 0, 78.5595, 8.32837, 55.4107, 0, 0, 0
4764, 0, 78.493, 5.57441, 55.2778, 0, 0, 0
4765, 0, 78.4531, 2.81955, 55.198, 0, 0, 0
4766, 0, 78.4398, 0.0642525, 55.1716, 0, 0, 0
4767, 0, 78.4531, -2.69105, 55.1981, 0, 0, 0
4768, 0, 78.493, -5.4459, 55.2777, 0, 0, 0
4769, 0, 78.5595, -8.19986, 55.4107, 0, 0, 0
4770, 0, 78.6525, -10.9525, 55.5972, 0, 0, 0
4771, 0, 78.7721, -13.7033, 55.837, 0, 0, 0
4772, 0, 78.9182, -16.4519, 56.1318, 0, 0, 0
4773, 0, 79.0908, -19.1978, 56.4772, 0, 0, 0
4774, 0, 79.2897, -21.9406, 56.8787, 0, 0, 0
4775, 0, 79.515, -24.6798, 57.3354, 0, 0, 0
4776, 0, 79.7666, -27.415, 57.8463, 0, 0, 0
4777, 0, 80.0444, -30.1458, 58.4122, 0, 0, 0
4778, 0, 80.3484, -32.8716, 59.0325, 0, 0, 0
4779, 0, 80.6784, -35.5921, 59.7116, 0, 0, 0
4780, 0, 81.0344, -38.3069, 60.4446, 0, 0, 0
4781, 0, 81.4163, -41.0155, 61.2372, 0, 0, 0
4782, 0, 81.8239, -43.7174, 62.0854, 0, 0, 0
4783, 0, 82.2572, -46.4122, 62.993, 0, 0, 0
4784, 0, 78.5006, 47.9688, 74.3979, 0, 0, 0
4785, 0, 78.0871, 45.1882, 73.3464, 0, 0, 0
4786, 0, 77.6981, 42.4008, 72.3628, 0, 0, 0
4787, 0, 77.3337, 39.6071, 71.4467, 0, 0, 0
4788, 0, 76.994, 36.8074, 70.5959, 0, 0, 0
4789, 0, 76.679, 34.0023, 69.8106, 0, 0, 0
4790, 0, 76.3889, 31.1921, 69.0898, 0, 0, 0
4791, 0, 76.1238, 28.3772, 68.4356, 0, 0, 0
4792, 0, 75.8837, 25.5581, 67.8443, 0, 0, 0
4793, 0, 75.6686, 22.735, 67.3154, 0, 0, 0
4794, 0, 75.4788, 19.9087, 66.8496, 0, 0, 0
4795, 0, 75.3141, 17.0793, 66.4486, 0, 0, 0
4796, 0, 75.1747, 14.2474, 66.1069, 0, 0, 0
4797, 0, 75.0606, 11.4133, 65.829, 0, 0, 0
4798, 0, 74.9717, 8.57755, 65.6143, 0, 0, 0
4799, 0, 74.9083, 5.74049, 65.4592, 0, 0, 0
4800, 0, 74.8703, 2.90258, 65.3667, 0, 0, 0
4801, 0, 74.8576, 0.0642525, 65.3361, 0, 0, 0
4802, 0, 74.8703, -2.77408, 65.3668, 0, 0, 0
4803, 0, 74.9083, -5.61198, 65.4592, 0, 0, 0
4804, 0, 74.9717, -8.44905, 65.6143, 0, 0, 0
4805, 0, 75.0606, -11.2848, 65.829, 0, 0, 0
4806, 0, 75.1747, -14.1189, 66.1069, 0, 0, 0
4807, 0, 75.3141, -16.9508, 66.4486, 0, 0, 0
4808, 0, 75.4788, -19.7802, 66.8496, 0, 0, 0
4809, 0, 75.6686, -22.6066, 67.3154, 0, 0, 0
4810, 0, 75.8837, -25.4296, 67.8443, 0, 0, 0
4811, 0, 76.1238, -28.2487, 68.4356, 0, 0, 0
4812, 0, 76.3889, -31.0636, 69.0898, 0, 0, 0
4813, 0, 76.679, -33.8738, 69.8106, 0, 0, 0
4814, 0, 76.994, -36.679, 70.5959, 0, 0, 0
4815, 0, 77.3337, -39.4786, 71.4467, 0, 0, 0
4816, 0, 77.6981, -42.2723, 72.3627, 0, 0, 0
4817, 0, 78.0871, -45.0597, 73.3464, 0, 0, 0
4818, 0, 78.5006, -47.8403, 74.3979, 0, 0, 0
4819, 0, 74.2479, 49.5855, 77.6882, 0, 0, 0
4820, 0, 73.8568, 46.7078, 76.6145, 0, 0, 0
4821, 0, 73.4889, 43.8237, 75.6083, 0, 0, 0
4822, 0, 73.1442, 40.9335, 74.6725, 0, 0, 0
4823, 0, 72.8229, 38.0378, 73.8012, 0, 0, 0
4824, 0, 72.525, 35.1369, 72.9991, 0, 0, 0
4825, 0, 72.2506, 32.2311, 72.2621, 0, 0, 0
4826, 0, 71.9998, 29.321, 71.5931, 0, 0, 0
4827, 0, 71.7727, 26.4068, 70.9875, 0, 0, 0
4828, 0, 71.5693, 23.489, 70.447, 0, 0, 0
4829, 0, 71.3898, 20.568, 69.9706, 0, 0, 0
4830, 0, 71.234, 17.6441, 69.5618, 0, 0, 0
4831, 0, 71.1022, 14.7178, 69.2136, 0, 0, 0
4832, 0, 70.9943, 11.7895, 68.9274, 0, 0, 0
4833, 0, 70.9102, 8.85963, 68.708, 0, 0, 0
4834, 0, 70.8503, 5.9285, 68.5506, 0, 0, 0
4835, 0, 70.8143, 2.99658, 68.4567, 0, 0, 0
4836, 0, 70.8023, 0.0642525, 68.4254, 0, 0, 0
4837, 0, 70.8143, -2.86808, 68.4568, 0, 0, 0
4838, 0, 70.8503, -5.8, 68.5505, 0, 0, 0
4839, 0, 70.9102, -8.73113, 68.7081, 0, 0, 0
4840, 0, 70.9943, -11.661, 68.9274, 0, 0, 0
4841, 0, 71.1022, -14.5893, 69.2124, 0, 0, 0
4842, 0, 71.234, -17.5155, 69.5617, 0, 0, 0
4843, 0, 71.3898, -20.4394, 69.9717, 0, 0, 0
4844, 0, 71.5693, -23.3604, 70.447, 0, 0, 0
4845, 0, 71.7727, -26.2782, 70.9875, 0, 0, 0
4846, 0, 71.9998, -29.1925, 71.5931, 0, 0, 0
4847, 0, 72.2506, -32.1026, 72.262, 0, 0, 0
4848, 0, 72.525, -35.0084, 72.9991, 0, 0, 0
4849, 0, 72.8229, -37.9093, 73.8012, 0, 0, 0
4850, 0, 73.1442, -40.805, 74.6725, 0, 0, 0
4851, 0, 73.4889, -43.6951, 75.6083, 0, 0, 0
4852, 0, 73.8568, -46.5793, 76.6146, 0, 0, 0
4853, 0, 74.2479, -49.457, 77.6881, 0, 0, 0
4854, 0, 69.8469, 51.2586, 75.3254, 0, 0, 0
4855, 0, 69.479, 48.2804, 74.3059, 0, 0, 0
4856, 0, 69.1329, 45.2961, 73.3518, 0, 0, 0
4857, 0, 68.8087, 42.3062, 72.4611, 0, 0, 0
4858, 0, 68.5064, 39.311, 71.6355, 0, 0, 0
4859, 0, 68.2262, 36.311, 70.8747, 0, 0, 0
4860, 0, 67.9681, 33.3063, 70.1764, 0, 0, 0
4861, 0, 67.7321, 30.2976, 69.5384, 0, 0, 0
4862, 0, 67.5185, 27.2851, 68.9646, 0, 0, 0
4863, 0, 67.3272, 24.2691, 68.4515, 0, 0, 0
4864, 0, 67.1582, 21.2502, 67.9998, 0, 0, 0
4865, 0, 67.0117, 18.2286, 67.6097, 0, 0, 0
4866, 0, 66.8877, 15.2046, 67.2803, 0, 0, 0
4867, 0, 66.7862, 12.1788, 67.0083, 0, 0, 0
4868, 0, 66.7072, 9.15154, 66.8003, 0, 0, 0
4869, 0, 66.6507, 6.12307, 66.6501, 0, 0, 0
4870, 0, 66.6168, 3.09385, 66.5609, 0, 0, 0
4871, 0, 66.6055, 0.0642525, 66.5314, 0, 0, 0
4872, 0, 66.6168, -2.96535, 66.561, 0, 0, 0
4873, 0, 66.6507, -5.99457, 66.65, 0, 0, 0
4874, 0, 66.7072, -9.02302, 66.7993, 0, 0, 0
4875, 0, 66.7862, -12.0503, 67.0093, 0, 0, 0
4876, 0, 66.8877, -15.0761, 67.2792, 0, 0, 0
4877, 0, 67.0117, -18.1, 67.6097, 0, 0, 0
4878, 0, 67.1582, -21.1217, 68.0009, 0, 0, 0
4879, 0, 67.3272, -24.1406, 68.4515, 0, 0, 0
4880, 0, 67.5185, -27.1566, 68.9646, 0, 0, 0
4881, 0, 67.7321, -30.1691, 69.5385, 0, 0, 0
4882, 0, 67.9681, -33.1779, 70.1763, 0, 0, 0
4883, 0, 68.2262, -36.1825, 70.8747, 0, 0, 0
4884, 0, 68.5064, -39.1826, 71.6355, 0, 0, 0
4885, 0, 68.8087, -42.1777, 72.4611, 0, 0, 0
4886, 0, 69.1329, -45.1676, 73.3505, 0, 0, 0
4887, 0, 69.479, -48.1518, 74.307, 0, 0, 0
4888, 0, 69.8469, -51.1301, 75.3254, 0, 0, 0
4889, 0, 65.4474, 52.9312, 72.5746, 0, 0, 0
4890, 0, 65.1027, 49.8525, 71.6118, 0, 0, 0
4891, 0, 64.7784, 46.7681, 70.7135, 0, 0, 0
4892, 0, 64.4746, 43.6784, 69.8719, 0, 0, 0
4893, 0, 64.1914, 40.5838, 69.0937, 0, 0, 0
4894, 0, 63.9288, 37.4847, 68.3729, 0, 0, 0
4895, 0, 63.6869, 34.3813, 67.7139, 0, 0, 0
4896, 0, 63.4658, 31.274, 67.1124, 0, 0, 0
4897, 0, 63.2656, 28.1631, 66.5704, 0, 0, 0
4898, 0, 63.0864, 25.0491, 66.0852, 0, 0, 0
4899, 0, 62.9281, 21.9322, 65.6585, 0, 0, 0
4900, 0, 62.7908, 18.8128, 65.2905, 0, 0, 0
4901, 0, 62.6746, 15.6913, 64.9788, 0, 0, 0
4902, 0, 62.5795, 12.5681, 64.7228, 0, 0, 0
4903, 0, 62.5054, 9.44337, 64.5279, 0, 0, 0
4904, 0, 62.4525, 6.31757, 64.3851, 0, 0, 0
4905, 0, 62.4207, 3.19109, 64.3001, 0, 0, 0
4906, 0, 62.4101, 0.06425, 64.272, 0, 0, 0
4907, 0, 62.4207, -3.06259, 64.3, 0, 0, 0
4908, 0, 62.4525, -6.18907, 64.3851, 0, 0, 0
4909, 0, 62.5054, -9.31484, 64.527, 0, 0, 0
4910, 0, 62.5795, -12.4395, 64.7239, 0, 0, 0
4911, 0, 62.6746, -15.5628, 64.9788, 0, 0, 0
4912, 0, 62.7908, -18.6843, 65.2905, 0, 0, 0
4913, 0, 62.9281, -21.8037, 65.6585, 0, 0, 0
4914, 0, 63.0864, -24.9206, 66.0852, 0, 0, 0
4915, 0, 63.2656, -28.0346, 66.5703, 0, 0, 0
4916, 0, 63.4658, -31.1455, 67.1113, 0, 0, 0
4917, 0, 63.6869, -34.2528, 67.7148, 0, 0, 0
4918, 0, 63.9288, -37.3562, 68.3729, 0, 0, 0
4919, 0, 64.1914, -40.4554, 69.0937, 0, 0, 0
4920, 0, 64.4746, -43.5499, 69.8718, 0, 0, 0
4921, 0, 64.7784, -46.6396, 70.7124, 0, 0, 0
4922, 0, 65.1027, -49.7239, 71.6129, 0, 0, 0
4923, 0, 65.4474, -52.8026, 72.5746, 0, 0, 0
4924, 0, 61.0504, 54.6027, 69.626, 0, 0, 0
4925, 0, 60.7288, 51.4236, 68.7215, 0, 0, 0
4926, 0, 60.4263, 48.2392, 67.8753, 0, 0, 0
4927, 0, 60.1428, 45.0499, 67.0815, 0, 0, 0
4928, 0, 59.8786, 41.8559, 66.3509, 0, 0, 0
4929, 0, 59.6337, 38.6577, 65.6732, 0, 0, 0
4930, 0, 59.4081, 35.4556, 65.0513, 0, 0, 0
4931, 0, 59.2019, 32.2498, 64.486, 0, 0, 0
4932, 0, 59.0151, 29.0407, 63.9765, 0, 0, 0
4933, 0, 58.8479, 25.8286, 63.5211, 0, 0, 0
4934, 0, 58.7003, 22.6138, 63.1211, 0, 0, 0
4935, 0, 58.5722, 19.3968, 62.7726, 0, 0, 0
4936, 0, 58.4638, 16.1777, 62.4791, 0, 0, 0
4937, 0, 58.3751, 12.957, 62.2395, 0, 0, 0
4938, 0, 58.306, 9.735, 62.0529, 0, 0, 0
4939, 0, 58.2566, 6.51197, 61.9209, 0, 0, 0
4940, 0, 58.227, 3.28828, 61.8411, 0, 0, 0
4941, 0, 58.2171, 0.06425, 61.8139, 0, 0, 0
4942, 0, 58.227, -3.15977, 61.8409, 0, 0, 0
4943, 0, 58.2566, -6.38346, 61.921, 0, 0, 0
4944, 0, 58.306, -9.60649, 62.053, 0, 0, 0
4945, 0, 58.3751, -12.8285, 62.2395, 0, 0, 0
4946, 0, 58.4638, -16.0492, 62.4791, 0, 0, 0
4947, 0, 58.5722, -19.2683, 62.7726, 0, 0, 0
4948, 0, 58.7003, -22.4854, 63.1211, 0, 0, 0
4949, 0, 58.8479, -25.7001, 63.5211, 0, 0, 0
4950, 0, 59.0151, -28.9121, 63.9765, 0, 0, 0
4951, 0, 59.2019, -32.1213, 64.4851, 0, 0, 0
4952, 0, 59.4081, -35.3271, 65.0524, 0, 0, 0
4953, 0, 59.6337, -38.5292, 65.6732, 0, 0, 0
4954, 0, 59.8786, -41.7275, 66.3509, 0, 0, 0
4955, 0, 60.1428, -44.9214, 67.0814, 0, 0, 0
4956, 0, 60.4263, -48.1107, 67.8754, 0, 0, 0
4957, 0, 60.7288, -51.2951, 68.7214, 0, 0, 0
4958, 0, 61.0504, -54.4742, 69.626, 0, 0, 0
4959, 0, 56.6517, 56.2749, 66.4504, 0, 0, 0
4960, 0, 56.3534, 52.9953, 65.602, 0, 0, 0
4961, 0, 56.0726, 49.7109, 64.8092, 0, 0, 0
4962, 0, 55.8096, 46.4218, 64.0681, 0, 0, 0
4963, 0, 55.5644, 43.1285, 63.3823, 0, 0, 0
4964, 0, 55.3372, 39.8312, 62.7468, 0, 0, 0
4965, 0, 55.1278, 36.5302, 62.1651, 0, 0, 0
4966, 0, 54.9365, 33.2259, 61.637, 0, 0, 0
4967, 0, 54.7632, 29.9185, 61.1591, 0, 0, 0
4968, 0, 54.608, 26.6083, 60.7307, 0, 0, 0
4969, 0, 54.471, 23.2957, 60.3554, 0, 0, 0
4970, 0, 54.3521, 19.9809, 60.0299, 0, 0, 0
4971, 0, 54.2515, 16.6643, 59.7557, 0, 0, 0
4972, 0, 54.1692, 13.3461, 59.5323, 0, 0, 0
4973, 0, 54.1051, 10.0267, 59.3573, 0, 0, 0
4974, 0, 54.0593, 6.70643, 59.2326, 0, 0, 0
4975, 0, 54.0319, 3.3855, 59.1577, 0, 0, 0
4976, 0, 54.0227, 0.06425, 59.1329, 0, 0, 0
4977, 0, 54.0319, -3.25699, 59.1576, 0, 0, 0
4978, 0, 54.0593, -6.57793, 59.2326, 0, 0, 0
4979, 0, 54.1051, -9.89824, 59.3574, 0, 0, 0
4980, 0, 54.1692, -13.2176, 59.5323, 0, 0, 0
4981, 0, 54.2515, -16.5358, 59.7557, 0, 0, 0
4982, 0, 54.3521, -19.8524, 60.0299, 0, 0, 0
4983, 0, 54.471, -23.1672, 60.3554, 0, 0, 0
4984, 0, 54.608, -26.4798, 60.7307, 0, 0, 0
4985, 0, 54.7632, -29.79, 61.1591, 0, 0, 0
4986, 0, 54.9365, -33.0974, 61.6361, 0, 0, 0
4987, 0, 55.1278, -36.4017, 62.166, 0, 0, 0
4988, 0, 55.3372, -39.7027, 62.7468, 0, 0, 0
4989, 0, 55.5644, -43, 63.3823, 0, 0, 0
4990, 0, 55.8096, -46.2933, 64.0681, 0, 0, 0
4991, 0, 56.0726, -49.5824, 64.8093, 0, 0, 0
4992, 0, 56.3534, -52.8669, 65.6019, 0, 0, 0
4993, 0, 56.6517, -56.1465, 66.4505, 0, 0, 0
4994, 0, 52.2532, 57.9471, 62.8978, 4.20003e-07, 2.10001e+11, 3.33877e+09
4995, 0, 51.9779, 54.5671, 62.109, 7.37004e-06, 3.68502e+12, 5.93316e+10
4996, 0, 51.719, 51.1825, 61.3717, 1.79301e-05, 8.96505e+12, 1.46078e+11
4997, 0, 51.4764, 47.7937, 60.6824, 2.42201e-05, 1.21101e+13, 1.99565e+11
4998, 0, 51.2503, 44.401, 60.0447, 2.66002e-05, 1.33001e+13, 2.21503e+11
4999, 0, 51.0406, 41.0047, 59.456, 2.38701e-05, 1.19351e+13, 2.00738e+11
5000, 0, 50.8475, 37.6049, 58.9147, 2.27801e-05, 1.13901e+13, 1.93332e+11
5001, 0, 50.671, 34.2021, 58.4224, 2.64102e-05, 1.32051e+13, 2.26028e+11
5002, 0, 50.5112, 30.7964, 57.9781, 2.86102e-05, 1.43051e+13, 2.46733e+11
5003, 0, 50.3681, 27.3881, 57.5822, 3.04402e-05, 1.52201e+13, 2.64319e+11
5004, 0, 50.2417, 23.9776, 57.2321, 3.24702e-05, 1.62351e+13, 2.83671e+11
5005, 0, 50.1321, 20.5651, 56.9311, 3.07002e-05, 1.53501e+13, 2.69626e+11
5006, 0, 50.0393, 17.1509, 56.6743, 3.26402e-05, 1.63201e+13, 2.87963e+11
5007, 0, 49.9634, 13.7353, 56.466, 3.35902e-05, 1.67951e+13, 2.97438e+11
5008, 0, 49.9042, 10.3185, 56.3046, 3.26002e-05, 1.63001e+13, 2.89499e+11
5009, 0, 49.862, 6.9009, 56.1887, 3.18802e-05, 1.59401e+13, 2.83689e+11
5010, 0, 49.8367, 3.48271, 56.1191, 3.14402e-05, 1.57201e+13, 2.8012e+11
5011, 0, 49.8282, 0.06425, 56.0959, 2.99602e-05, 1.49801e+13, 2.67044e+11
5012, 0, 49.8367, -3.35421, 56.1191, 3.16802e-05, 1.58401e+13, 2.82259e+11
5013, 0, 49.862, -6.77239, 56.1886, 3.20902e-05, 1.60451e+13, 2.85558e+11
5014, 0, 49.9042, -10.19, 56.3046, 3.32702e-05, 1.66351e+13, 2.95448e+11
5015, 0, 49.9634, -13.6068, 56.466, 3.29502e-05, 1.64751e+13, 2.9177e+11
5016, 0, 50.0393, -17.0224, 56.6743, 3.20702e-05, 1.60351e+13, 2.82934e+11
5017, 0, 50.1321, -20.4366, 56.9311, 3.18602e-05, 1.59301e+13, 2.79814e+11
5018, 0, 50.2417, -23.8491, 57.232, 3.22502e-05, 1.61251e+13, 2.8175e+11
5019, 0, 50.3681, -27.2596, 57.5823, 3.04202e-05, 1.52101e+13, 2.64145e+11
5020, 0, 50.5112, -30.6679, 57.9781, 2.88802e-05, 1.44401e+13, 2.49061e+11
5021, 0, 50.671, -34.0735, 58.4215, 2.68402e-05, 1.34201e+13, 2.29711e+11
5022, 0, 50.8475, -37.4764, 58.9156, 2.26301e-05, 1.13151e+13, 1.92056e+11
5023, 0, 51.0406, -40.8762, 59.456, 2.39701e-05, 1.19851e+13, 2.01579e+11
5024, 0, 51.2503, -44.2726, 60.0447, 2.58902e-05, 1.29451e+13, 2.15591e+11
5025, 0, 51.4764, -47.6653, 60.6824, 2.33401e-05, 1.16701e+13, 1.92314e+11
5026, 0, 51.719, -51.054, 61.3717, 1.73301e-05, 8.66505e+12, 1.4119e+11
5027, 0, 51.9779, -54.4386, 62.1089, 8.01005e-06, 4.00502e+12, 6.44839e+10
5028, 0, 52.2532, -57.8186, 62.8978, 2.50002e-07, 1.25001e+11, 1.98736e+09
5029, 0, 47.8565, 59.6186, 59.1081, 0.000275512, 1.37756e+14, 2.33057e+12
5030, 0, 47.6045, 56.1381, 58.3812, 0.000837845, 4.18923e+14, 7.17564e+12
5031, 0, 47.3673, 52.6535, 57.6996, 0.000773805, 3.86902e+14, 6.70546e+12
5032, 0, 47.1452, 49.1651, 57.063, 0.000657764, 3.28882e+14, 5.76348e+12
5033, 0, 46.938, 45.673, 56.4745, 0.000527773, 2.63887e+14, 4.67267e+12
5034, 0, 46.746, 42.1776, 55.9303, 0.000379112, 1.89556e+14, 3.38915e+12
5035, 0, 46.5692, 38.6791, 55.4313, 0.000276652, 1.38326e+14, 2.49545e+12
5036, 0, 46.4075, 35.1778, 54.9763, 0.000265562, 1.32781e+14, 2.41524e+12
5037, 0, 46.2612, 31.6738, 54.5659, 0.000256372, 1.28186e+14, 2.34919e+12
5038, 0, 46.1301, 28.1675, 54.2009, 0.000242541, 1.21271e+14, 2.23743e+12
5039, 0, 46.0144, 24.6591, 53.8761, 0.000232751, 1.16376e+14, 2.16006e+12
5040, 0, 45.914, 21.149, 53.5983, 0.000222211, 1.11106e+14, 2.07293e+12
5041, 0, 45.829, 17.6372, 53.3627, 0.000207241, 1.03621e+14, 1.94182e+12
5042, 0, 45.7594, 14.1242, 53.1696, 0.000202721, 1.01361e+14, 1.90636e+12
5043, 0, 45.7053, 10.6101, 53.0199, 0.000193541, 9.67706e+13, 1.82517e+12
5044, 0, 45.6666, 7.09527, 52.9131, 0.000185601, 9.28006e+13, 1.75383e+12
5045, 0, 45.6434, 3.57989, 52.8495, 0.000178041, 8.90205e+13, 1.68442e+12
5046, 0, 45.6356, 0.06425, 52.8281, 0.000171451, 8.57255e+13, 1.62273e+12
5047, 0, 45.6434, -3.45139, 52.8494, 0.000178031, 8.90155e+13, 1.68432e+12
5048, 0, 45.6666, -6.96677, 52.9131, 0.000184371, 9.21856e+13, 1.74221e+12
5049, 0, 45.7053, -10.4816, 53.02, 0.000192501, 9.62506e+13, 1.81536e+12
5050, 0, 45.7594, -13.9957, 53.1696, 0.000202191, 1.01096e+14, 1.90138e+12
5051, 0, 45.829, -17.5087, 53.3627, 0.000209941, 1.04971e+14, 1.96712e+12
5052, 0, 45.914, -21.0205, 53.5983, 0.000218431, 1.09216e+14, 2.03767e+12
5053, 0, 46.0144, -24.5306, 53.8761, 0.000231551, 1.15776e+14, 2.14892e+12
5054, 0, 46.1301, -28.039, 54.2009, 0.000243361, 1.21681e+14, 2.24499e+12
5055, 0, 46.2612, -31.5453, 54.5659, 0.000254362, 1.27181e+14, 2.33078e+12
5056, 0, 46.4075, -35.0492, 54.9763, 0.000263952, 1.31976e+14, 2.4006e+12
5057, 0, 46.5692, -38.5506, 55.4313, 0.000272912, 1.36456e+14, 2.46171e+12
5058, 0, 46.746, -42.0491, 55.9303, 0.000369532, 1.84766e+14, 3.30351e+12
5059, 0, 46.938, -45.5446, 56.4744, 0.000520923, 2.60462e+14, 4.61203e+12
5060, 0, 47.1452, -49.0366, 57.0631, 0.000650524, 3.25262e+14, 5.70004e+12
5061, 0, 47.3673, -52.525, 57.6995, 0.000760715, 3.80357e+14, 6.59204e+12
5062, 0, 47.6045, -56.0096, 58.3813, 0.000844025, 4.22013e+14, 7.22856e+12
5063, 0, 47.8565, -59.4901, 59.1081, 0.000303942, 1.51971e+14, 2.57107e+12
5064, 0, 43.4583, 61.2906, 55.0996, 0.000219261, 1.09631e+14, 1.98968e+12
5065, 0, 43.2293, 57.7097, 54.4331, 0.00188034, 9.40171e+14, 1.7272e+13
5066, 0, 43.014, 54.1251, 53.8082, 0.00201591, 1.00796e+15, 1.87324e+13
5067, 0, 42.8123, 50.5369, 53.2257, 0.0016776, 8.388e+14, 1.57593e+13
5068, 0, 42.6242, 46.9455, 52.6853, 0.00132647, 6.63234e+14, 1.25886e+13
5069, 0, 42.4498, 43.351, 52.1868, 0.000954256, 4.77128e+14, 9.14269e+12
5070, 0, 42.2892, 39.7537, 51.7288, 0.000627674, 3.13837e+14, 6.06696e+12
5071, 0, 42.1424, 36.1538, 51.3127, 0.000565533, 2.82767e+14, 5.51066e+12
5072, 0, 42.0095, 32.5516, 50.9364, 0.000536943, 2.68472e+14, 5.27073e+12
5073, 0, 41.8905, 28.9472, 50.6006, 0.000504763, 2.52382e+14, 4.98772e+12
5074, 0, 41.7854, 25.341, 50.306, 0.000471703, 2.35851e+14, 4.68834e+12
5075, 0, 41.6942, 21.7331, 50.0495, 0.000434323, 2.17161e+14, 4.33893e+12
5076, 0, 41.617, 18.1238, 49.8329, 0.000407232, 2.03616e+14, 4.08598e+12
5077, 0, 41.5538, 14.5133, 49.6568, 0.000398642, 1.99321e+14, 4.01398e+12
5078, 0, 41.5047, 10.9019, 49.5203, 0.000374952, 1.87476e+14, 3.78584e+12
5079, 0, 41.4696, 7.28972, 49.4216, 0.000358932, 1.79466e+14, 3.63133e+12
5080, 0, 41.4485, 3.6771, 49.3629, 0.000338712, 1.69356e+14, 3.43084e+12
5081, 0, 41.4414, 0.06425, 49.3434, 0.000324342, 1.62171e+14, 3.28658e+12
5082, 0, 41.4485, -3.5486, 49.3628, 0.000335982, 1.67991e+14, 3.40319e+12
5083, 0, 41.4696, -7.16121, 49.4217, 0.000358232, 1.79116e+14, 3.62424e+12
5084, 0, 41.5047, -10.7734, 49.5204, 0.000375212, 1.87606e+14, 3.78846e+12
5085, 0, 41.5538, -14.3848, 49.6568, 0.000395202, 1.97601e+14, 3.97934e+12
5086, 0, 41.617, -17.9953, 49.8329, 0.000407592, 2.03796e+14, 4.08959e+12
5087, 0, 41.6942, -21.6046, 50.0495, 0.000434513, 2.17256e+14, 4.34082e+12
5088, 0, 41.7854, -25.2125, 50.3059, 0.000469503, 2.34751e+14, 4.66647e+12
5089, 0, 41.8905, -28.8187, 50.6006, 0.000499673, 2.49836e+14, 4.93742e+12
5090, 0, 42.0095, -32.4231, 50.9363, 0.000532623, 2.66312e+14, 5.22832e+12
5091, 0, 42.1424, -36.0253, 51.3127, 0.000564863, 2.82432e+14, 5.50413e+12
5092, 0, 42.2892, -39.6252, 51.7281, 0.000621484, 3.10742e+14, 6.00721e+12
5093, 0, 42.4498, -43.2225, 52.1875, 0.000942616, 4.71308e+14, 9.03104e+12
5094, 0, 42.6242, -46.817, 52.6853, 0.00131304, 6.56519e+14, 1.24611e+13
5095, 0, 42.8123, -50.4084, 53.2257, 0.00166447, 8.32235e+14, 1.56359e+13
5096, 0, 43.014, -53.9966, 53.8082, 0.00200399, 1.002e+15, 1.86216e+13
5097, 0, 43.2293, -57.5812, 54.4331, 0.00193754, 9.68771e+14, 1.77974e+13
5098, 0, 43.4583, -61.1621, 55.0996, 0.000238631, 1.19316e+14, 2.16546e+12
5099, 0, 39.0597, 62.9628, 50.7174, 0.000249801, 1.24901e+14, 2.46268e+12
5100, 0, 38.854, 59.2815, 50.1129, 0.00174424, 8.7212e+14, 1.74031e+13
5101, 0, 38.6604, 55.5967, 49.5471, 0.00350174, 1.75087e+15, 3.53375e+13
5102, 0, 38.4791, 51.9088, 49.0213, 0.00291763, 1.45881e+15, 2.97588e+13
5103, 0, 38.3101, 48.218, 48.5311, 0.00231594, 1.15797e+15, 2.38604e+13
5104, 0, 38.1533, 44.5245, 48.0794, 0.00170099, 8.50495e+14, 1.76894e+13
5105, 0, 38.009, 40.8284, 47.6652, 0.00109892, 5.49458e+14, 1.15274e+13
5106, 0, 37.8771, 37.13, 47.2887, 0.000888875, 4.44438e+14, 9.39839e+12
5107, 0, 37.7576, 33.4294, 46.9479, 0.000832765, 4.16382e+14, 8.86903e+12
5108, 0, 37.6506, 29.727, 46.6433, 0.000781195, 3.90597e+14, 8.37413e+12
5109, 0, 37.5561, 26.0229, 46.3762, 0.000721754, 3.60877e+14, 7.78152e+12
5110, 0, 37.4742, 22.3172, 46.1439, 0.000669534, 3.34767e+14, 7.25485e+12
5111, 0, 37.4048, 18.6104, 45.9493, 0.000626424, 3.13212e+14, 6.81647e+12
5112, 0, 37.348, 14.9024, 45.7886, 0.000595734, 2.97867e+14, 6.50526e+12
5113, 0, 37.3039, 11.1936, 45.6644, 0.000572533, 2.86267e+14, 6.26892e+12
5114, 0, 37.2723, 7.48418, 45.5762, 0.000537583, 2.68792e+14, 5.89764e+12
5115, 0, 37.2534, 3.77432, 45.523, 0.000511623, 2.55812e+14, 5.6194e+12
5116, 0, 37.247, 0.0642525, 45.5048, 0.000484703, 2.42351e+14, 5.32584e+12
5117, 0, 37.2534, -3.64582, 45.5229, 0.000508423, 2.54212e+14, 5.58426e+12
5118, 0, 37.2723, -7.35568, 45.5763, 0.000538023, 2.69012e+14, 5.90245e+12
5119, 0, 37.3039, -11.0651, 45.6644, 0.000567733, 2.83867e+14, 6.21637e+12
5120, 0, 37.348, -14.7739, 45.7886, 0.000598004, 2.99002e+14, 6.53005e+12
5121, 0, 37.4048, -18.4818, 45.9487, 0.000623634, 3.11817e+14, 6.7862e+12
5122, 0, 37.4742, -22.1887, 46.1445, 0.000664694, 3.32347e+14, 7.20231e+12
5123, 0, 37.5561, -25.8944, 46.3761, 0.000723844, 3.61922e+14, 7.80406e+12
5124, 0, 37.6506, -29.5985, 46.6433, 0.000787755, 3.93877e+14, 8.44445e+12
5125, 0, 37.7576, -33.3009, 46.9479, 0.000833175, 4.16587e+14, 8.87339e+12
5126, 0, 37.8771, -37.0015, 47.2887, 0.000885785, 4.42893e+14, 9.36572e+12
5127, 0, 38.009, -40.6999, 47.6646, 0.00108522, 5.42608e+14, 1.13839e+13
5128, 0, 38.1533, -44.396, 48.0801, 0.00167721, 8.38605e+14, 1.74418e+13
5129, 0, 38.3101, -48.0895, 48.531, 0.0022893, 1.14465e+15, 2.3586e+13
5130, 0, 38.4791, -51.7803, 49.0213, 0.00288934, 1.44467e+15, 2.94702e+13
5131, 0, 38.6604, -55.4682, 49.5471, 0.00348695, 1.74348e+15, 3.51882e+13
5132, 0, 38.854, -59.153, 50.1129, 0.00187049, 9.35246e+14, 1.86628e+13
5133, 0, 39.0597, -62.8343, 50.7174, 0.000251482, 1.25741e+14, 2.47924e+12
5134, 0, 34.6677, 64.6325, 46.008, 0.000321482, 1.60741e+14, 3.49376e+12
5135, 0, 34.4852, 60.8508, 45.4688, 0.000793625, 3.96812e+14, 8.72714e+12
5136, 0, 34.3134, 57.0662, 44.9638, 0.00479303, 2.39651e+15, 5.32988e+13
5137, 0, 34.1524, 53.2787, 44.493, 0.00437151, 2.18575e+15, 4.91258e+13
5138, 0, 34.0024, 49.4886, 44.0554, 0.00350252, 1.75126e+15, 3.97513e+13
5139, 0, 33.8633, 45.6962, 43.6524, 0.00261018, 1.30509e+15, 2.98973e+13
5140, 0, 33.7352, 41.9014, 43.2822, 0.00172898, 8.6449e+14, 1.99733e+13
5141, 0, 33.6181, 38.1046, 42.9462, 0.00123652, 6.18259e+14, 1.43961e+13
5142, 0, 33.512, 34.306, 42.6418, 0.00115638, 5.78188e+14, 1.35592e+13
5143, 0, 33.4171, 30.5056, 42.3714, 0.00107984, 5.39918e+14, 1.27425e+13
5144, 0, 33.3332, 26.7037, 42.1316, 0.000998216, 4.99108e+14, 1.18464e+13
5145, 0, 33.2605, 22.9006, 41.9252, 0.000927296, 4.63648e+14, 1.10589e+13
5146, 0, 33.1989, 19.0962, 41.7506, 0.000852375, 4.26188e+14, 1.02079e+13
5147, 0, 33.1486, 15.2909, 41.6065, 0.000808035, 4.04017e+14, 9.71043e+12
5148, 0, 33.1093, 11.4849, 41.496, 0.000766115, 3.83057e+14, 9.23119e+12
5149, 0, 33.0813, 7.67835, 41.4168, 0.000728334, 3.64167e+14, 8.79274e+12
5150, 0, 33.0645, 3.8714, 41.3696, 0.000686154, 3.43077e+14, 8.29298e+12
5151, 0, 33.0589, 0.064255, 41.3538, 0.000660374, 3.30187e+14, 7.98445e+12
5152, 0, 33.0645, -3.74289, 41.3696, 0.000686674, 3.43337e+14, 8.29926e+12
5153, 0, 33.0813, -7.54985, 41.4168, 0.000734704, 3.67352e+14, 8.86963e+12
5154, 0, 33.1093, -11.3564, 41.496, 0.000768795, 3.84397e+14, 9.26348e+12
5155, 0, 33.1486, -15.1624, 41.6065, 0.000809965, 4.04982e+14, 9.73363e+12
5156, 0, 33.1989, -18.9677, 41.7501, 0.000851735, 4.25868e+14, 1.02004e+13
5157, 0, 33.2605, -22.772, 41.9258, 0.000914635, 4.57318e+14, 1.09078e+13
5158, 0, 33.3332, -26.5752, 42.1316, 0.000993656, 4.96828e+14, 1.17923e+13
5159, 0, 33.4171, -30.3771, 42.3714, 0.00107538, 5.37688e+14, 1.26899e+13
5160, 0, 33.512, -34.1775, 42.6418, 0.00115554, 5.77768e+14, 1.35493e+13
5161, 0, 33.6181, -37.9762, 42.9462, 0.00123988, 6.19939e+14, 1.44352e+13
5162, 0, 33.7352, -41.7729, 43.2822, 0.00170035, 8.50175e+14, 1.96426e+13
5163, 0, 33.8633, -45.5677, 43.6524, 0.00259068, 1.29534e+15, 2.96739e+13
5164, 0, 34.0024, -49.3601, 44.0554, 0.00345939, 1.7297e+15, 3.92619e+13
5165, 0, 34.1524, -53.1502, 44.493, 0.00433239, 2.16619e+15, 4.86862e+13
5166, 0, 34.3134, -56.9376, 44.9638, 0.00485873, 2.42936e+15, 5.40293e+13
5167, 0, 34.4852, -60.7223, 45.4688, 0.000887145, 4.43573e+14, 9.75554e+12
5168, 0, 34.6677, -64.5039, 46.008, 0.000321952, 1.60976e+14, 3.49887e+12
5169, 0, 30.5734, 66.1889, 35.9382, 0.000321822, 1.60911e+14, 4.47744e+12
5170, 0, 30.4123, 62.3138, 35.5229, 0.000411752, 2.05876e+14, 5.79558e+12
5171, 0, 30.2608, 58.436, 35.1344, 0.00394524, 1.97262e+15, 5.6145e+13
5172, 0, 30.1189, 54.5558, 34.7722, 0.00515759, 2.5788e+15, 7.41626e+13
5173, 0, 29.9866, 50.6732, 34.4354, 0.0041599, 2.07995e+15, 6.04016e+13
5174, 0, 29.8639, 46.7885, 34.1245, 0.00315006, 1.57503e+15, 4.61554e+13
5175, 0, 29.7509, 42.9018, 33.84, 0.00214731, 1.07366e+15, 3.17274e+13
5176, 0, 29.6477, 39.0133, 33.5806, 0.00140787, 7.03934e+14, 2.09625e+13
5177, 0, 29.5541, 35.1231, 33.3461, 0.00129078, 6.45389e+14, 1.93542e+13
5178, 0, 29.4704, 31.2314, 33.1376, 0.00119677, 5.98384e+14, 1.80575e+13
5179, 0, 29.3964, 27.3384, 32.9527, 0.00110211, 5.51053e+14, 1.67225e+13
5180, 0, 29.3323, 23.4443, 32.7943, 0.00101312, 5.06558e+14, 1.54465e+13
5181, 0, 29.278, 19.5491, 32.6601, 0.000938746, 4.69373e+14, 1.43715e+13
5182, 0, 29.2336, 15.6532, 32.5496, 0.000882275, 4.41138e+14, 1.35528e+13
5183, 0, 29.199, 11.7565, 32.4647, 0.000834185, 4.17093e+14, 1.28476e+13
5184, 0, 29.1743, 7.85937, 32.4033, 0.000792405, 3.96202e+14, 1.22272e+13
5185, 0, 29.1595, 3.96189, 32.3666, 0.000747844, 3.73922e+14, 1.15527e+13
5186, 0, 29.1545, 0.064255, 32.3546, 0.000713354, 3.56677e+14, 1.1024e+13
5187, 0, 29.1595, -3.83339, 32.3667, 0.000743304, 3.71652e+14, 1.14825e+13
5188, 0, 29.1743, -7.73086, 32.4033, 0.000793695, 3.96847e+14, 1.22471e+13
5189, 0, 29.199, -11.628, 32.4647, 0.000839095, 4.19548e+14, 1.29232e+13
5190, 0, 29.2336, -15.5247, 32.5496, 0.000882395, 4.41198e+14, 1.35546e+13
5191, 0, 29.278, -19.4206, 32.6601, 0.000935616, 4.67808e+14, 1.43235e+13
5192, 0, 29.3323, -23.3158, 32.7943, 0.00101241, 5.06203e+14, 1.54357e+13
5193, 0, 29.3964, -27.2099, 32.9527, 0.00110479, 5.52393e+14, 1.67632e+13
5194, 0, 29.4704, -31.1029, 33.1376, 0.00119026, 5.95129e+14, 1.79593e+13
5195, 0, 29.5541, -34.9946, 33.3461, 0.00128043, 6.40214e+14, 1.9199e+13
5196, 0, 29.6477, -38.8848, 33.5806, 0.00139312, 6.96559e+14, 2.07429e+13
5197, 0, 29.7509, -42.7733, 33.84, 0.00212849, 1.06425e+15, 3.14493e+13
5198, 0, 29.8639, -46.66, 34.1245, 0.00312546, 1.56273e+15, 4.5795e+13
5199, 0, 29.9866, -50.5447, 34.4354, 0.00412834, 2.06417e+15, 5.99434e+13
5200, 0, 30.1189, -54.4273, 34.7722, 0.00512037, 2.56019e+15, 7.36274e+13
5201, 0, 30.2608, -58.3075, 35.1344, 0.00412038, 2.06019e+15, 5.86374e+13
5202, 0, 30.4123, -62.1853, 35.523, 0.000418043, 2.09021e+14, 5.88411e+12
5203, 0, 30.5734, -66.0604, 35.9382, 0.000322412, 1.61206e+14, 4.48565e+12
5204, 0, 27.0643, 67.523, 27.4181, 0.000294142, 1.47071e+14, 5.36401e+12
5205, 0, 26.9217, 63.5677, 27.1051, 0.000385522, 1.92761e+14, 7.11162e+12
5206, 0, 26.7876, 59.6101, 26.8116, 0.00238385, 1.19193e+15, 4.44556e+13
5207, 0, 26.662, 55.6502, 26.5386, 0.00546787, 2.73394e+15, 1.03017e+14
5208, 0, 26.5448, 51.6884, 26.2854, 0.00443915, 2.21957e+15, 8.44413e+13
5209, 0, 26.4362, 47.7246, 26.0516, 0.00340471, 1.70236e+15, 6.53454e+13
5210, 0, 26.3362, 43.7591, 25.8369, 0.002383, 1.1915e+15, 4.61163e+13
5211, 0, 26.2448, 39.792, 25.6404, 0.00149577, 7.47884e+14, 2.91682e+13
5212, 0, 26.1621, 35.8234, 25.4643, 0.0013082, 6.54099e+14, 2.56869e+13
5213, 0, 26.0879, 31.8535, 25.3068, 0.00121677, 6.08384e+14, 2.40403e+13
5214, 0, 26.0224, 27.8824, 25.168, 0.0011166, 5.58298e+14, 2.21829e+13
5215, 0, 25.9657, 23.9103, 25.0482, 0.00102091, 5.10453e+14, 2.03789e+13
5216, 0, 25.9176, 19.9373, 24.9468, 0.000941586, 4.70793e+14, 1.88719e+13
5217, 0, 25.8783, 15.9636, 24.8636, 0.000883455, 4.41728e+14, 1.7766e+13
5218, 0, 25.8476, 11.9893, 24.799, 0.000839395, 4.19698e+14, 1.6924e+13
5219, 0, 25.8258, 8.01451, 24.7533, 0.000796185, 3.98092e+14, 1.60824e+13
5220, 0, 25.8126, 4.03945, 24.7257, 0.000746814, 3.73407e+14, 1.5102e+13
5221, 0, 25.8082, 0.0642525, 24.7167, 0.000713524, 3.56762e+14, 1.44341e+13
5222, 0, 25.8126, -3.91095, 24.7257, 0.000745414, 3.72707e+14, 1.50737e+13
5223, 0, 25.8258, -7.886, 24.7532, 0.000789435, 3.94717e+14, 1.59461e+13
5224, 0, 25.8476, -11.8608, 24.7992, 0.000838425, 4.19213e+14, 1.69043e+13
5225, 0, 25.8783, -15.8351, 24.8636, 0.000890835, 4.45418e+14, 1.79144e+13
5226, 0, 25.9176, -19.8088, 24.9468, 0.000938386, 4.69193e+14, 1.88078e+13
5227, 0, 25.9657, -23.7818, 25.0482, 0.00101947, 5.09733e+14, 2.03501e+13
5228, 0, 26.0224, -27.7539, 25.168, 0.00111562, 5.57808e+14, 2.21634e+13
5229, 0, 26.0879, -31.725, 25.3068, 0.00120753, 6.03764e+14, 2.38578e+13
5230, 0, 26.1621, -35.6949, 25.4643, 0.00130417, 6.52084e+14, 2.56078e+13
5231, 0, 26.2448, -39.6635, 25.6404, 0.00147611, 7.38054e+14, 2.87848e+13
5232, 0, 26.3362, -43.6306, 25.8369, 0.00235429, 1.17715e+15, 4.55607e+13
5233, 0, 26.4362, -47.5961, 26.0516, 0.00339023, 1.69512e+15, 6.50675e+13
5234, 0, 26.5448, -51.5599, 26.2854, 0.00441341, 2.2067e+15, 8.39517e+13
5235, 0, 26.662, -55.5217, 26.5386, 0.00543781, 2.71891e+15, 1.02451e+14
5236, 0, 26.7876, -59.4816, 26.8116, 0.00256499, 1.28249e+15, 4.78334e+13
5237, 0, 26.9217, -63.4392, 27.1051, 0.000389682, 1.94841e+14, 7.18835e+12
5238, 0, 27.0643, -67.3945, 27.4181, 0.000297472, 1.48736e+14, 5.42474e+12
5239, 0, 24.0375, 68.6737, 21.8172, 0.000271992, 1.35996e+14, 6.23343e+12
5240, 0, 23.9109, 64.6493, 21.5701, 0.000361452, 1.80726e+14, 8.37855e+12
5241, 0, 23.7917, 60.6228, 21.3392, 0.00114991, 5.74953e+14, 2.69435e+13
5242, 0, 23.6802, 56.5943, 21.1242, 0.00559299, 2.7965e+15, 1.32383e+14
5243, 0, 23.5761, 52.564, 20.9242, 0.00471194, 2.35597e+15, 1.12596e+14
5244, 0, 23.4797, 48.5321, 20.7397, 0.00364874, 1.82437e+15, 8.79653e+13
5245, 0, 23.3909, 44.4986, 20.5705, 0.00258844, 1.29422e+15, 6.29163e+13
5246, 0, 23.3097, 40.4637, 20.4166, 0.00160924, 8.0462e+14, 3.94101e+13
5247, 0, 23.2361, 36.4275, 20.2779, 0.00132425, 6.62124e+14, 3.26525e+13
5248, 0, 23.1703, 32.3901, 20.1539, 0.00122111, 6.10554e+14, 3.02945e+13
5249, 0, 23.1121, 28.3516, 20.0444, 0.00112863, 5.64313e+14, 2.81532e+13
5250, 0, 23.0617, 24.3122, 19.9495, 0.00103891, 5.19453e+14, 2.60384e+13
5251, 0, 23.019, 20.2721, 19.8695, 0.000954546, 4.77273e+14, 2.40203e+13
5252, 0, 22.9841, 16.2313, 19.8047, 0.000893395, 4.46698e+14, 2.25551e+13
5253, 0, 22.9569, 12.1901, 19.7534, 0.000844795, 4.22398e+14, 2.13835e+13
5254, 0, 22.9375, 8.14834, 19.7179, 0.000793645, 3.96822e+14, 2.01249e+13
5255, 0, 22.9258, 4.10635, 19.6962, 0.000747254, 3.73627e+14, 1.89695e+13
5256, 0, 22.9219, 0.06425, 19.6886, 0.000713124, 3.56562e+14, 1.811e+13
5257, 0, 22.9258, -3.97785, 19.6962, 0.000751385, 3.75692e+14, 1.90744e+13
5258, 0, 22.9375, -8.01983, 19.7179, 0.000793015, 3.96507e+14, 2.01091e+13
5259, 0, 22.9569, -12.0615, 19.7535, 0.000847265, 4.23633e+14, 2.1446e+13
5260, 0, 22.9841, -16.1029, 19.8047, 0.000892165, 4.46083e+14, 2.25241e+13
5261, 0, 23.019, -20.1436, 19.8695, 0.000945706, 4.72853e+14, 2.37979e+13
5262, 0, 23.0617, -24.1837, 19.9495, 0.00103617, 5.18083e+14, 2.59698e+13
5263, 0, 23.1121, -28.2231, 20.0444, 0.00113362, 5.66808e+14, 2.82777e+13
5264, 0, 23.1703, -32.2616, 20.1539, 0.00122421, 6.12104e+14, 3.03714e+13
5265, 0, 23.2361, -36.299, 20.2779, 0.00132039, 6.60194e+14, 3.25573e+13
5266, 0, 23.3097, -40.3352, 20.4166, 0.00159034, 7.9517e+14, 3.89472e+13
5267, 0, 23.3909, -44.3701, 20.5705, 0.00255786, 1.27893e+15, 6.2173e+13
5268, 0, 23.4797, -48.4036, 20.7397, 0.00361194, 1.80597e+15, 8.70781e+13
5269, 0, 23.5761, -52.4356, 20.9242, 0.00468372, 2.34186e+15, 1.11921e+14
5270, 0, 23.6802, -56.4658, 21.1242, 0.00561529, 2.80765e+15, 1.32911e+14
5271, 0, 23.7917, -60.4942, 21.3392, 0.00127717, 6.38584e+14, 2.99254e+13
5272, 0, 23.9109, -64.5207, 21.5701, 0.000367462, 1.83731e+14, 8.51786e+12
5273, 0, 24.0375, -68.5452, 21.8172, 0.000275812, 1.37906e+14, 6.32098e+12
5274, 0, 21.2963, 69.7158, 18.2741, 0.000255672, 1.27836e+14, 6.99548e+12
5275, 0, 21.1842, 65.6287, 18.0696, 0.000354512, 1.77256e+14, 9.80962e+12
5276, 0, 21.0786, 61.5398, 17.8773, 0.000564443, 2.82222e+14, 1.57866e+13
5277, 0, 20.9798, 57.4493, 17.6989, 0.00531935, 2.65968e+15, 1.50274e+14
5278, 0, 20.8876, 53.3571, 17.5329, 0.00510651, 2.55326e+15, 1.45626e+14
5279, 0, 20.8022, 49.2634, 17.3799, 0.00398075, 1.99038e+15, 1.14522e+14
5280, 0, 20.7235, 45.1684, 17.2396, 0.00287616, 1.43808e+15, 8.34173e+13
5281, 0, 20.6516, 41.072, 17.1118, 0.00178977, 8.94885e+14, 5.22964e+13
5282, 0, 20.5864, 36.9745, 16.9963, 0.00138679, 6.93394e+14, 4.07967e+13
5283, 0, 20.5281, 32.876, 16.8928, 0.00129176, 6.45879e+14, 3.82339e+13
5284, 0, 20.4766, 28.7766, 16.8025, 0.0011818, 5.90899e+14, 3.51673e+13
5285, 0, 20.4319, 24.6763, 16.7241, 0.0010829, 5.41448e+14, 3.23753e+13
5286, 0, 20.3941, 20.5754, 16.6575, 0.000980166, 4.90083e+14, 2.94211e+13
5287, 0, 20.3631, 16.4738, 16.6034, 0.000925736, 4.62868e+14, 2.78779e+13
5288, 0, 20.339, 12.3719, 16.5615, 0.000874865, 4.37433e+14, 2.64126e+13
5289, 0, 20.3218, 8.26951, 16.5314, 0.000821695, 4.10847e+14, 2.48526e+13
5290, 0, 20.3114, 4.16694, 16.5132, 0.000779935, 3.89967e+14, 2.36155e+13
5291, 0, 20.308, 0.06425, 16.5074, 0.000735244, 3.67622e+14, 2.22702e+13
5292, 0, 20.3114, -4.03843, 16.5132, 0.000773305, 3.86652e+14, 2.34147e+13
5293, 0, 20.3218, -8.141, 16.5314, 0.000825755, 4.12877e+14, 2.49754e+13
5294, 0, 20.339, -12.2433, 16.5615, 0.000870835, 4.35418e+14, 2.62909e+13
5295, 0, 20.3631, -16.3454, 16.6034, 0.000921526, 4.60763e+14, 2.77511e+13
5296, 0, 20.3941, -20.4469, 16.6575, 0.000980726, 4.90363e+14, 2.94379e+13
5297, 0, 20.4319, -24.5478, 16.7241, 0.00108313, 5.41563e+14, 3.23822e+13
5298, 0, 20.4766, -28.648, 16.8025, 0.00118423, 5.92114e+14, 3.52396e+13
5299, 0, 20.5281, -32.7475, 16.8928, 0.00128381, 6.41904e+14, 3.79986e+13
5300, 0, 20.5864, -36.846, 16.9963, 0.00137845, 6.89224e+14, 4.05513e+13
5301, 0, 20.6516, -40.9435, 17.1118, 0.00175735, 8.78675e+14, 5.1349e+13
5302, 0, 20.7235, -45.0398, 17.2396, 0.00283811, 1.41905e+15, 8.23137e+13
5303, 0, 20.8022, -49.1349, 17.3799, 0.0039481, 1.97405e+15, 1.13582e+14
5304, 0, 20.8876, -53.2286, 17.5329, 0.00507366, 2.53683e+15, 1.4469e+14
5305, 0, 20.9798, -57.3208, 17.6989, 0.00542882, 2.71441e+15, 1.53366e+14
5306, 0, 21.0786, -61.4114, 17.8773, 0.000620124, 3.10062e+14, 1.73439e+13
5307, 0, 21.1842, -65.5002, 18.0696, 0.000355932, 1.77966e+14, 9.84892e+12
5308, 0, 21.2963, -69.5873, 18.2741, 0.000257352, 1.28676e+14, 7.04145e+12
5309, 0, 18.6547, 70.72, 16.1771, 0.000252922, 1.26461e+14, 7.81726e+12
5310, 0, 18.5564, 66.5727, 15.9976, 0.000368262, 1.84131e+14, 1.15099e+13
5311, 0, 18.464, 62.4237, 15.8292, 0.000475533, 2.37766e+14, 1.50207e+13
5312, 0, 18.3774, 58.2732, 15.6727, 0.00478915, 2.39457e+15, 1.52786e+14
5313, 0, 18.2967, 54.1213, 15.5268, 0.00584361, 2.9218e+15, 1.88178e+14
5314, 0, 18.2219, 49.9682, 15.3923, 0.00460932, 2.30466e+15, 1.49728e+14
5315, 0, 18.1529, 45.8137, 15.2692, 0.00334856, 1.67428e+15, 1.09651e+14
5316, 0, 18.0899, 41.6583, 15.1568, 0.00210088, 1.05044e+15, 6.9305e+13
5317, 0, 18.0329, 37.5018, 15.0558, 0.00153652, 7.6826e+14, 5.10276e+13
5318, 0, 17.9818, 33.3443, 14.9656, 0.00142476, 7.12379e+14, 4.76012e+13
5319, 0, 17.9366, 29.186, 14.8857, 0.00130643, 6.53214e+14, 4.38821e+13
5320, 0, 17.8975, 25.0271, 14.8165, 0.00120333, 6.01664e+14, 4.06076e+13
5321, 0, 17.8644, 20.8676, 14.7582, 0.00108934, 5.44668e+14, 3.6906e+13
5322, 0, 17.8372, 16.7075, 14.7107, 0.0010203, 5.10148e+14, 3.46787e+13
5323, 0, 17.8161, 12.5471, 14.6738, 0.000961486, 4.80743e+14, 3.2762e+13
5324, 0, 17.8011, 8.38627, 14.6473, 0.000906855, 4.53428e+14, 3.09565e+13
5325, 0, 17.792, 4.22532, 14.6317, 0.000852065, 4.26033e+14, 2.9117e+13
5326, 0, 17.7889, 0.0642525, 14.6263, 0.000811835, 4.05917e+14, 2.77525e+13
5327, 0, 17.792, -4.09682, 14.6318, 0.000852695, 4.26348e+14, 2.91385e+13
5328, 0, 17.8011, -8.25777, 14.6473, 0.000902015, 4.51008e+14, 3.07913e+13
5329, 0, 17.8161, -12.4185, 14.6738, 0.000966386, 4.83193e+14, 3.29289e+13
5330, 0, 17.8372, -16.579, 14.7107, 0.00101985, 5.09923e+14, 3.46634e+13
5331, 0, 17.8644, -20.7391, 14.7582, 0.00108686, 5.43428e+14, 3.6822e+13
5332, 0, 17.8975, -24.8986, 14.8165, 0.00119895, 5.99474e+14, 4.04598e+13
5333, 0, 17.9366, -29.0576, 14.8857, 0.00130044, 6.50219e+14, 4.36809e+13
5334, 0, 17.9818, -33.2158, 14.9656, 0.00142442, 7.12209e+14, 4.75898e+13
5335, 0, 18.0329, -37.3732, 15.0558, 0.00153699, 7.68495e+14, 5.10432e+13
5336, 0, 18.0899, -41.5298, 15.1568, 0.00208172, 1.04086e+15, 6.86729e+13
5337, 0, 18.1529, -45.6853, 15.2692, 0.00331366, 1.65683e+15, 1.08508e+14
5338, 0, 18.2219, -49.8396, 15.3923, 0.0045512, 2.2756e+15, 1.4784e+14
5339, 0, 18.2967, -53.9928, 15.5268, 0.005829, 2.9145e+15, 1.87708e+14
5340, 0, 18.3774, -58.1447, 15.6727, 0.00497559, 2.48779e+15, 1.58734e+14
5341, 0, 18.464, -62.2952, 15.8292, 0.000479293, 2.39646e+14, 1.51395e+13
5342, 0, 18.5564, -66.4442, 15.9976, 0.000370722, 1.85361e+14, 1.15868e+13
5343, 0, 18.6547, -70.5915, 16.1771, 0.000255062, 1.27531e+14, 7.8834e+12
5344, 0, 16.0172, 71.7227, 14.0646, 0.000250382, 1.25191e+14, 8.90112e+12
5345, 0, 15.9329, 67.5151, 13.9093, 0.000372742, 1.86371e+14, 1.3399e+13
5346, 0, 15.8535, 63.3061, 13.7643, 0.000497223, 2.48611e+14, 1.8062e+13
5347, 0, 15.7792, 59.0959, 13.6293, 0.00391129, 1.95565e+15, 1.43488e+14
5348, 0, 15.7098, 54.8844, 13.5041, 0.00665187, 3.32593e+15, 2.46291e+14
5349, 0, 15.6456, 50.6718, 13.3882, 0.00526674, 2.63337e+15, 1.96694e+14
5350, 0, 15.5864, 46.4581, 13.2819, 0.00386688, 1.93344e+15, 1.4557e+14
5351, 0, 15.5323, 42.2435, 13.1849, 0.00249662, 1.24831e+15, 9.46771e+13
5352, 0, 15.4833, 38.0281, 13.0975, 0.00169595, 8.47975e+14, 6.47432e+13
5353, 0, 15.4394, 33.8119, 13.0196, 0.00156272, 7.8136e+14, 6.00143e+13
5354, 0, 15.4007, 29.5949, 12.9506, 0.00144504, 7.22519e+14, 5.57904e+13
5355, 0, 15.3671, 25.3774, 12.8914, 0.00131428, 6.57139e+14, 5.09749e+13
5356, 0, 15.3387, 21.1593, 12.8412, 0.0011997, 5.99849e+14, 4.6713e+13
5357, 0, 15.3154, 16.9409, 12.8002, 0.00110824, 5.54118e+14, 4.32898e+13
5358, 0, 15.2973, 12.722, 12.7685, 0.00105231, 5.26153e+14, 4.12071e+13
5359, 0, 15.2843, 8.5029, 12.7456, 0.000995266, 4.97633e+14, 3.90434e+13
5360, 0, 15.2765, 4.28362, 12.7316, 0.000931186, 4.65593e+14, 3.65698e+13
5361, 0, 15.2739, 0.0642525, 12.727, 0.000882005, 4.41003e+14, 3.46511e+13
5362, 0, 15.2765, -4.15511, 12.7316, 0.000925186, 4.62593e+14, 3.63341e+13
5363, 0, 15.2843, -8.37439, 12.7456, 0.000989586, 4.94793e+14, 3.88206e+13
5364, 0, 15.2973, -12.5935, 12.7685, 0.00105227, 5.26133e+14, 4.12055e+13
5365, 0, 15.3154, -16.8123, 12.8002, 0.00111205, 5.56023e+14, 4.34386e+13
5366, 0, 15.3387, -21.0308, 12.8412, 0.00119135, 5.95674e+14, 4.63879e+13
5367, 0, 15.3671, -25.2489, 12.8914, 0.00130657, 6.53284e+14, 5.06758e+13
5368, 0, 15.4007, -29.4664, 12.9506, 0.0014408, 7.20399e+14, 5.56267e+13
5369, 0, 15.4394, -33.6834, 13.0196, 0.00156705, 7.83525e+14, 6.01806e+13
5370, 0, 15.4833, -37.8996, 13.0975, 0.00169227, 8.46135e+14, 6.46027e+13
5371, 0, 15.5323, -42.115, 13.185, 0.00243894, 1.21947e+15, 9.24897e+13
5372, 0, 15.5864, -46.3296, 13.2819, 0.00383376, 1.91688e+15, 1.44323e+14
5373, 0, 15.6456, -50.5433, 13.3882, 0.00521806, 2.60903e+15, 1.94876e+14
5374, 0, 15.7098, -54.7559, 13.5041, 0.00661356, 3.30678e+15, 2.44872e+14
5375, 0, 15.7792, -58.9674, 13.6293, 0.00413214, 2.06607e+15, 1.5159e+14
5376, 0, 15.8535, -63.1776, 13.7643, 0.000499393, 2.49696e+14, 1.81409e+13
5377, 0, 15.9329, -67.3866, 13.9093, 0.000379502, 1.89751e+14, 1.3642e+13
5378, 0, 16.0172, -71.5942, 14.0646, 0.000250202, 1.25101e+14, 8.89472e+12
5379, 0, 13.3801, 72.7252, 11.9043, 0.000240421, 1.20211e+14, 1.00981e+13
5380, 0, 13.3096, 68.4574, 11.7743, 0.000376912, 1.88456e+14, 1.60057e+13
5381, 0, 13.2433, 64.1884, 11.6529, 0.000512763, 2.56382e+14, 2.20015e+13
5382, 0, 13.1812, 59.9184, 11.5393, 0.00282158, 1.41079e+15, 1.2226e+14
5383, 0, 13.1232, 55.6473, 11.4338, 0.00750379, 3.75189e+15, 3.2814e+14
5384, 0, 13.0696, 51.3753, 11.3364, 0.00598062, 2.99031e+15, 2.63779e+14
5385, 0, 13.0202, 47.1024, 11.2473, 0.00443777, 2.21888e+15, 1.97282e+14
5386, 0, 12.975, 42.8288, 11.1659, 0.00292294, 1.46147e+15, 1.30887e+14
5387, 0, 12.934, 38.5544, 11.0928, 0.00188091, 9.40456e+14, 8.47808e+13
5388, 0, 12.8974, 34.2794, 11.0274, 0.00172253, 8.61265e+14, 7.81025e+13
5389, 0, 12.8651, 30.0038, 10.9696, 0.00158217, 7.91085e+14, 7.21158e+13
5390, 0, 12.837, 25.7276, 10.9196, 0.00144587, 7.22934e+14, 6.6205e+13
5391, 0, 12.8132, 21.4511, 10.8776, 0.00130587, 6.52934e+14, 6.00255e+13
5392, 0, 12.7937, 17.1742, 10.8434, 0.00121173, 6.05864e+14, 5.58741e+13
5393, 0, 12.7786, 12.8969, 10.8165, 0.00115036, 5.75178e+14, 5.31759e+13
5394, 0, 12.7678, 8.61949, 10.7973, 0.00108164, 5.40818e+14, 5.00882e+13
5395, 0, 12.7613, 4.34191, 10.786, 0.00100935, 5.04673e+14, 4.67896e+13
5396, 0, 12.7591, 0.06425, 10.7823, 0.000957016, 4.78508e+14, 4.43791e+13
5397, 0, 12.7613, -4.2134, 10.786, 0.00100932, 5.04658e+14, 4.67883e+13
5398, 0, 12.7678, -8.49098, 10.7973, 0.00107816, 5.39078e+14, 4.9927e+13
5399, 0, 12.7786, -12.7684, 10.8165, 0.00114902, 5.74508e+14, 5.3114e+13
5400, 0, 12.7937, -17.0457, 10.8434, 0.00121653, 6.08264e+14, 5.60954e+13
5401, 0, 12.8132, -21.3226, 10.8776, 0.00130125, 6.50624e+14, 5.98131e+13
5402, 0, 12.837, -25.5991, 10.9196, 0.00144607, 7.23034e+14, 6.62141e+13
5403, 0, 12.8651, -29.8753, 10.9696, 0.00158525, 7.92625e+14, 7.22562e+13
5404, 0, 12.8974, -34.1509, 11.0274, 0.00171715, 8.58575e+14, 7.78585e+13
5405, 0, 12.934, -38.4259, 11.0928, 0.00187101, 9.35506e+14, 8.43345e+13
5406, 0, 12.975, -42.7003, 11.1659, 0.00285937, 1.42968e+15, 1.2804e+14
5407, 0, 13.0202, -46.9739, 11.2473, 0.00439463, 2.19731e+15, 1.95364e+14
5408, 0, 13.0696, -51.2468, 11.3364, 0.00591986, 2.95993e+15, 2.61099e+14
5409, 0, 13.1232, -55.5188, 11.4338, 0.00747347, 3.73674e+15, 3.26815e+14
5410, 0, 13.1812, -59.7899, 11.5393, 0.00304744, 1.52372e+15, 1.32046e+14
5411, 0, 13.2433, -64.0599, 11.6529, 0.000514963, 2.57482e+14, 2.20959e+13
5412, 0, 13.3096, -68.3289, 11.7743, 0.000375482, 1.87741e+14, 1.5945e+13
5413, 0, 13.3801, -72.5967, 11.9043, 0.000243231, 1.21616e+14, 1.02161e+13
5414, 0, 10.7406, 73.7287, 9.69168, 0.000226341, 1.13171e+14, 1.16771e+13
5415, 0, 10.684, 69.4006, 9.58664, 0.000375922, 1.87961e+14, 1.96066e+13
5416, 0, 10.6308, 65.0715, 9.48806, 0.000521673, 2.60837e+14, 2.7491e+13
5417, 0, 10.5809, 60.7416, 9.39637, 0.00165952, 8.2976e+14, 8.83065e+13
5418, 0, 10.5344, 56.4109, 9.3113, 0.00825371, 4.12685e+15, 4.43209e+14
5419, 0, 10.4914, 52.0795, 9.23282, 0.00673997, 3.36999e+15, 3.65001e+14
5420, 0, 10.4517, 47.7474, 9.16096, 0.00506519, 2.5326e+15, 2.76455e+14
5421, 0, 10.4154, 43.4145, 9.09525, 0.00338347, 1.69174e+15, 1.86002e+14
5422, 0, 10.3825, 39.0812, 9.03598, 0.00209339, 1.0467e+15, 1.15836e+14
5423, 0, 10.3531, 34.7473, 8.98305, 0.00188711, 9.43556e+14, 1.05037e+14
5424, 0, 10.3272, 30.4129, 8.93648, 0.00173769, 8.68845e+14, 9.72245e+13
5425, 0, 10.3046, 26.0782, 8.89624, 0.00158058, 7.9029e+14, 8.88341e+13
5426, 0, 10.2855, 21.7431, 8.86205, 0.00141835, 7.09174e+14, 8.00237e+13
5427, 0, 10.2699, 17.4077, 8.83425, 0.00131724, 6.58619e+14, 7.45529e+13
5428, 0, 10.2578, 13.072, 8.8127, 0.00124507, 6.22534e+14, 7.06405e+13
5429, 0, 10.2491, 8.73617, 8.79708, 0.00117105, 5.85524e+14, 6.65588e+13
5430, 0, 10.2439, 4.40025, 8.78789, 0.00109077, 5.45383e+14, 6.20608e+13
5431, 0, 10.2421, 0.06425, 8.78481, 0.00103596, 5.17978e+14, 5.89629e+13
5432, 0, 10.2439, -4.27174, 8.78788, 0.00109847, 5.49233e+14, 6.2499e+13
5433, 0, 10.2491, -8.60766, 8.79709, 0.001165, 5.82498e+14, 6.62149e+13
5434, 0, 10.2578, -12.9435, 8.8127, 0.00124639, 6.23194e+14, 7.07154e+13
5435, 0, 10.2699, -17.2792, 8.83425, 0.00132247, 6.61234e+14, 7.48489e+13
5436, 0, 10.2855, -21.6146, 8.86205, 0.00141987, 7.09934e+14, 8.01095e+13
5437, 0, 10.3046, -25.9497, 8.89624, 0.00157066, 7.8533e+14, 8.82766e+13
5438, 0, 10.3272, -30.2844, 8.93648, 0.00173571, 8.67855e+14, 9.71137e+13
5439, 0, 10.3531, -34.6188, 8.98305, 0.00187623, 9.38116e+14, 1.04432e+14
5440, 0, 10.3825, -38.9527, 9.03599, 0.00208033, 1.04017e+15, 1.15114e+14
5441, 0, 10.4154, -43.2861, 9.09525, 0.00333033, 1.66516e+15, 1.83081e+14
5442, 0, 10.4517, -47.6189, 9.16095, 0.00501124, 2.50562e+15, 2.73511e+14
5443, 0, 10.4914, -51.951, 9.23282, 0.00670993, 3.35497e+15, 3.63374e+14
5444, 0, 10.5344, -56.2825, 9.31131, 0.00825394, 4.12697e+15, 4.43221e+14
5445, 0, 10.5809, -60.6132, 9.39635, 0.00184696, 9.23481e+14, 9.82807e+13
5446, 0, 10.6308, -64.943, 9.48806, 0.000525483, 2.62742e+14, 2.76918e+13
5447, 0, 10.684, -69.272, 9.58664, 0.000377652, 1.88826e+14, 1.96968e+13
5448, 0, 10.7406, -73.6001, 9.69168, 0.000228761, 1.14381e+14, 1.1802e+13
5449, 0, 8.10215, 74.7317, 7.38631, 0.000203441, 1.01721e+14, 1.37715e+13
5450, 0, 8.05948, 70.3433, 7.30699, 0.000367542, 1.83771e+14, 2.515e+13
5451, 0, 8.01933, 65.9543, 7.23249, 0.000528633, 2.64317e+14, 3.65457e+13
5452, 0, 184.425, 131.928, 19.5993, 0, 0, 0
5453, 0, 180.441, 132.347, 19.1858, 0, 0, 0
5454, 0, 216.757, 86.2262, 12.9552, 0, 0, 0
5455, 0, 216.316, 86.2262, 20.7699, 0, 0, 0
5456, 0, 215.765, 86.2262, 21.3655, 0, 0, 0
5457, 0, 215.205, 86.2262, 21.31, 0, 0, 0
5458, 0, 214.645, 86.2262, 21.2925, 0, 0, 0
5459, 0, 214.084, 86.2262, 21.199, 0, 0, 0
5460, 0, 213.524, 86.2262, 21.1436, 0, 0, 0
5461, 0, 212.964, 86.2262, 21.1258, 0, 0, 0
5462, 0, 212.402, 86.2262, 21.1077, 0, 0, 0
5463, 0, 211.82, 86.2262, 22.5483, 0, 0, 0
5464, 0, 211.178, 86.2262, 25.5042, 0, 0, 0
5465, 0, 210.432, 86.2262, 30.0655, 0, 0, 0
5466, 0, 209.562, 86.2262, 34.5363, 0, 0, 0
5467, 0, 208.629, 86.2262, 34.4564, 0, 0, 0
5468, 0, 207.695, 86.2262, 34.3021, 0, 0, 0
5469, 0, 206.761, 86.2262, 34.1478, 0, 0, 0
5470, 0, 205.827, 86.2262, 33.9927, 0, 0, 0
5471, 0, 204.893, 86.2262, 33.8756, 0, 0, 0
5472, 0, 203.958, 86.2262, 33.685, 0, 0, 0
5473, 0, 203.024, 86.2262, 33.5308, 0, 0, 0
5474, 0, 202.09, 86.2262, 33.4114, 0, 0, 0
5475, 0, 201.155, 86.2262, 33.2221, 0, 0, 0
5476, 0, 200.252, 86.2262, 30.8774, 0, 0, 0
5477, 0, 199.454, 86.2262, 25.5347, 0, 0, 0
5478, 0, 198.777, 86.2262, 22.1437, 0, 0, 0
5479, 0, 198.177, 86.2262, 19.9744, 0, 0, 0
5480, 0, 197.611, 86.2262, 19.6029, 0, 0, 0
5481, 0, 197.051, 86.2262, 19.5124, 0, 0, 0
5482, 0, 196.491, 86.2262, 19.4917, 0, 0, 0
5483, 0, 195.93, 86.2262, 19.4014, 0, 0, 0
5484, 0, 195.37, 86.2262, 19.3463, 0, 0, 0
5485, 0, 194.81, 86.2262, 19.256, 0, 0, 0
5486, 0, 194.308, 86.2262, 15.3583, 0, 0, 0
5487, 0, 193.909, 86.2262, 12.0351, 0, 0, 0
5488, 0, 193.584, 86.2262, 10.235, 0, 0, 0
5489, 0, 216.757, 88.4771, 12.9557, 0, 0, 0
5490, 0, 216.316, 88.4771, 20.7708, 0, 0, 0
5491, 0, 215.765, 88.4771, 21.3664, 0, 0, 0
5492, 0, 215.205, 88.4771, 21.3109, 0, 0, 0
5493, 0, 214.645, 88.4771, 21.2934, 0, 0, 0
5494, 0, 214.084, 88.4771, 21.1999, 0, 0, 0
5495, 0, 213.524, 88.4771, 21.1444, 0, 0, 0
5496, 0, 212.964, 88.4771, 21.1267, 0, 0, 0
5497, 0, 212.402, 88.4771, 21.1086, 0, 0, 0
5498, 0, 211.82, 88.4771, 22.5493, 0, 0, 0
5499, 0, 211.178, 88.4771, 25.5053, 0, 0, 0
5500, 0, 210.432, 88.4771, 30.0668, 0, 0, 0
5501, 0, 209.562, 88.4771, 34.5378, 0, 0, 0
5502, 0, 208.629, 88.4771, 34.4579, 0, 0, 0
5503, 0, 207.695, 88.4771, 34.3036, 0, 0, 0
5504, 0, 206.761, 88.4771, 34.1493, 0, 0, 0
5505, 0, 205.827, 88.4771, 33.9942, 0, 0, 0
5506, 0, 204.893, 88.4771, 33.877, 0, 0, 0
5507, 0, 203.958, 88.4771, 33.6865, 0, 0, 0
5508, 0, 203.024, 88.4771, 33.5322, 0, 0, 0
5509, 0, 202.09, 88.4771, 33.4128, 0, 0, 0
5510, 0, 201.155, 88.4771, 33.2235, 0, 0, 0
5511, 0, 200.252, 88.4771, 30.8788, 0, 0, 0
5512, 0, 199.454, 88.4771, 25.5358, 0, 0, 0
5513, 0, 198.777, 88.4771, 22.1447, 0, 0, 0
5514, 0, 198.177, 88.4771, 19.9752, 0, 0, 0
5515, 0, 197.611, 88.4771, 19.6037, 0, 0, 0
5516, 0, 197.051, 88.4771, 19.5133, 0, 0, 0
5517, 0, 196.491, 88.4771, 19.4925, 0, 0, 0
5518, 0, 195.93, 88.4771, 19.4022, 0, 0, 0
5519, 0, 195.37, 88.4771, 19.3472, 0, 0, 0
5520, 0, 194.81, 88.4771, 19.2569, 0, 0, 0
5521, 0, 194.308, 88.4771, 15.3589, 0, 0, 0
5522, 0, 193.909, 88.4771, 12.0356, 0, 0, 0
5523, 0, 193.584, 88.4771, 10.2354, 0, 0, 0
5524, 0, 216.757, 90.7281, 12.9557, 0, 0, 0
5525, 0, 216.316, 90.7281, 20.7708, 0, 0, 0
5526, 0, 215.765, 90.7281, 21.3664, 0, 0, 0
5527, 0, 215.205, 90.7281, 21.3109, 0, 0, 0
5528, 0, 214.645, 90.7281, 21.2934, 0, 0, 0
5529, 0, 214.084, 90.7281, 21.1999, 0, 0, 0
5530, 0, 213.524, 90.7281, 21.1444, 0, 0, 0
5531, 0, 212.964, 90.7281, 21.1267, 0, 0, 0
5532, 0, 212.402, 90.7281, 21.1086, 0, 0, 0
5533, 0, 211.82, 90.7281, 22.5493, 0, 0, 0
5534, 0, 211.178, 90.7281, 25.5053, 0, 0, 0
5535, 0, 210.432, 90.7281, 30.0668, 0, 0, 0
5536, 0, 209.562, 90.7281, 34.5378, 0, 0, 0
5537, 0, 208.629, 90.7281, 34.4579, 0, 0, 0
5538, 0, 207.695, 90.7281, 34.3036, 0, 0, 0
5539, 0, 206.761, 90.7281, 34.1493, 0, 0, 0
5540, 0, 205.827, 90.7281, 33.9942, 0, 0, 0
5541, 0, 204.893, 90.7281, 33.877, 0, 0, 0
5542, 0, 203.958, 90.7281, 33.6865, 0, 0, 0
5543, 0, 203.024, 90.7281, 33.5322, 0, 0, 0
5544, 0, 202.09, 90.7281, 33.4128, 0, 0, 0
5545, 0, 201.155, 90.7281, 33.2235, 0, 0, 0
5546, 0, 200.252, 90.7281, 30.8788, 0, 0, 0
5547, 0, 199.454, 90.7281, 25.5358, 0, 0, 0
5548, 0, 198.777, 90.7281, 22.1447, 0, 0, 0
5549, 0, 198.177, 90.7281, 19.9752, 0, 0, 0
5550, 0, 197.611, 90.7281, 19.6037, 0, 0, 0
5551, 0, 197.051, 90.7281, 19.5133, 0, 0, 0
5552, 0, 196.491, 90.7281, 19.4925, 0, 0, 0
5553, 0, 195.93, 90.7281, 19.4022, 0, 0, 0
5554, 0, 195.37, 90.7281, 19.3472, 0, 0, 0
5555, 0, 194.81, 90.7281, 19.2569, 0, 0, 0
5556, 0, 194.308, 90.7281, 15.3589, 0, 0, 0
5557, 0, 193.909, 90.7281, 12.0356, 0, 0, 0
5558, 0, 193.584, 90.7281, 10.2354, 0, 0, 0
5559, 0, 216.757, 92.979, 12.9551, 0, 0, 0
5560, 0, 216.316, 92.979, 20.7698, 0, 0, 0
5561, 0, 215.765, 92.979, 21.3655, 0, 0, 0
5562, 0, 215.205, 92.979, 21.31, 0, 0, 0
5563, 0, 214.645, 92.979, 21.2925, 0, 0, 0
5564, 0, 214.084, 92.979, 21.199, 0, 0, 0
5565, 0, 213.524, 92.979, 21.1435, 0, 0, 0
5566, 0, 212.964, 92.979, 21.1257, 0, 0, 0
5567, 0, 212.402, 92.979, 21.1077, 0, 0, 0
5568, 0, 211.82, 92.979, 22.5483, 0, 0, 0
5569, 0, 211.178, 92.979, 25.5042, 0, 0, 0
5570, 0, 210.432, 92.979, 30.0655, 0, 0, 0
5571, 0, 209.562, 92.979, 34.5362, 0, 0, 0
5572, 0, 208.629, 92.979, 34.4563, 0, 0, 0
5573, 0, 207.695, 92.979, 34.302, 0, 0, 0
5574, 0, 206.761, 92.979, 34.1477, 0, 0, 0
5575, 0, 205.827, 92.979, 33.9927, 0, 0, 0
5576, 0, 204.893, 92.979, 33.8755, 0, 0, 0
5577, 0, 203.958, 92.979, 33.6849, 0, 0, 0
5578, 0, 203.024, 92.979, 33.5307, 0, 0, 0
5579, 0, 202.09, 92.979, 33.4113, 0, 0, 0
5580, 0, 201.155, 92.979, 33.222, 0, 0, 0
5581, 0, 200.252, 92.979, 30.8774, 0, 0, 0
5582, 0, 199.454, 92.979, 25.5346, 0, 0, 0
5583, 0, 198.777, 92.979, 22.1437, 0, 0, 0
5584, 0, 198.177, 92.979, 19.9743, 0, 0, 0
5585, 0, 197.611, 92.979, 19.6029, 0, 0, 0
5586, 0, 197.051, 92.979, 19.5124, 0, 0, 0
5587, 0, 196.491, 92.979, 19.4917, 0, 0, 0
5588, 0, 195.93, 92.979, 19.4014, 0, 0, 0
5589, 0, 195.37, 92.979, 19.3463, 0, 0, 0
5590, 0, 194.81, 92.979, 19.256, 0, 0, 0
5591, 0, 194.308, 92.979, 15.3583, 0, 0, 0
5592, 0, 193.909, 92.979, 12.0351, 0, 0, 0
5593, 0, 193.584, 92.979, 10.2349, 0, 0, 0
5594, 0, 180.441, -132.218, 19.2419, 0, 0, 0
5595, 0, 180.418, -131.779, 30.4393, 0, 0, 0
5596, 0, 180.39, -131.229, 31.0469, 0, 0, 0
5597, 0, 180.36, -130.669, 30.4934, 0, 0, 0
5598, 0, 180.331, -130.11, 30.0795, 0, 0, 0
5599, 0, 180.302, -129.551, 29.6058, 0, 0, 0
5600, 0, 180.272, -128.992, 29.0825, 0, 0, 0
5601, 0, 180.243, -128.433, 28.6665, 0, 0, 0
5602, 0, 180.214, -127.872, 28.2714, 0, 0, 0
5603, 0, 180.184, -127.291, 29.7912, 0, 0, 0
5604, 0, 180.15, -126.65, 33.0958, 0, 0, 0
5605, 0, 180.111, -125.906, 38.2401, 0, 0, 0
5606, 0, 180.065, -125.038, 42.9131, 0, 0, 0
5607, 0, 180.017, -124.107, 41.7255, 0, 0, 0
5608, 0, 179.968, -123.174, 40.4267, 0, 0, 0
5609, 0, 179.919, -122.242, 39.0785, 0, 0, 0
5610, 0, 179.87, -121.31, 37.8209, 0, 0, 0
5611, 0, 179.822, -120.378, 36.5236, 0, 0, 0
5612, 0, 179.773, -119.446, 35.2062, 0, 0, 0
5613, 0, 179.724, -118.513, 33.9288, 0, 0, 0
5614, 0, 179.675, -117.581, 32.6443, 0, 0, 0
5615, 0, 179.626, -116.648, 31.3414, 0, 0, 0
5616, 0, 179.579, -115.746, 28.0545, 0, 0, 0
5617, 0, 179.537, -114.95, 22.4436, 0, 0, 0
5618, 0, 179.502, -114.274, 18.8941, 0, 0, 0
5619, 0, 179.471, -113.675, 16.6103, 0, 0, 0
5620, 0, 179.441, -113.111, 15.8344, 0, 0, 0
5621, 0, 179.412, -112.552, 15.3837, 0, 0, 0
5622, 0, 179.382, -111.992, 14.915, 0, 0, 0
5623, 0, 179.353, -111.433, 14.4493, 0, 0, 0
5624, 0, 179.324, -110.873, 13.9732, 0, 0, 0
5625, 0, 179.294, -110.316, 13.46, 0, 0, 0
5626, 0, 179.268, -109.814, 10.4461, 0, 0, 0
5627, 0, 179.247, -109.415, 8.01161, 0, 0, 0
5628, 0, 179.23, -109.091, 6.6803, 0, 0, 0
5629, 0, 184.425, -131.799, 19.6561, 0, 0, 0
5630, 0, 184.356, -131.365, 31.1252, 0, 0, 0
5631, 0, 184.27, -130.82, 31.6987, 0, 0, 0
5632, 0, 184.183, -130.267, 31.1443, 0, 0, 0
5633, 0, 184.095, -129.714, 30.7169, 0, 0, 0
5634, 0, 184.007, -129.161, 30.1998, 0, 0, 0
5635, 0, 183.92, -128.608, 29.7102, 0, 0, 0
5636, 0, 183.832, -128.055, 29.2216, 0, 0, 0
5637, 0, 183.745, -127.501, 28.809, 0, 0, 0
5638, 0, 183.654, -126.926, 30.3662, 0, 0, 0
5639, 0, 183.553, -126.292, 33.7492, 0, 0, 0
5640, 0, 183.437, -125.556, 38.9344, 0, 0, 0
5641, 0, 183.301, -124.698, 43.6797, 0, 0, 0
5642, 0, 183.155, -123.777, 42.4674, 0, 0, 0
5643, 0, 183.009, -122.854, 41.1228, 0, 0, 0
5644, 0, 182.863, -121.932, 39.7341, 0, 0, 0
5645, 0, 182.717, -121.011, 38.4107, 0, 0, 0
5646, 0, 182.572, -120.088, 37.0943, 0, 0, 0
5647, 0, 182.426, -119.166, 35.7167, 0, 0, 0
5648, 0, 182.28, -118.245, 34.3996, 0, 0, 0
5649, 0, 182.133, -117.322, 33.0979, 0, 0, 0
5650, 0, 181.987, -116.399, 31.7555, 0, 0, 0
5651, 0, 181.846, -115.507, 28.4386, 0, 0, 0
5652, 0, 181.722, -114.72, 22.6962, 0, 0, 0
5653, 0, 181.616, -114.052, 19.1263, 0, 0, 0
5654, 0, 181.522, -113.459, 16.8092, 0, 0, 0
5655, 0, 181.434, -112.901, 15.9981, 0, 0, 0
5656, 0, 181.346, -112.348, 15.5398, 0, 0, 0
5657, 0, 181.259, -111.795, 15.0791, 0, 0, 0
5658, 0, 181.171, -111.242, 14.6034, 0, 0, 0
5659, 0, 181.084, -110.688, 14.1288, 0, 0, 0
5660, 0, 180.997, -110.136, 13.5837, 0, 0, 0
5661, 0, 180.918, -109.64, 10.5442, 0, 0, 0
5662, 0, 180.856, -109.246, 8.09745, 0, 0, 0
5663, 0, 180.804, -108.925, 6.7272, 0, 0, 0
5664, 0, 188.343, -130.966, 20.0331, 0, 0, 0
5665, 0, 188.229, -130.541, 31.7725, 0, 0, 0
5666, 0, 188.086, -130.009, 32.3633, 0, 0, 0
5667, 0, 187.942, -129.468, 31.792, 0, 0, 0
5668, 0, 187.797, -128.927, 31.3493, 0, 0, 0
5669, 0, 187.652, -128.386, 30.7708, 0, 0, 0
5670, 0, 187.507, -127.845, 30.2972, 0, 0, 0
5671, 0, 187.362, -127.304, 29.7853, 0, 0, 0
5672, 0, 187.217, -126.762, 29.3405, 0, 0, 0
5673, 0, 187.067, -126.2, 30.9298, 0, 0, 0
5674, 0, 186.901, -125.58, 34.357, 0, 0, 0
5675, 0, 186.708, -124.86, 39.634, 0, 0, 0
5676, 0, 186.483, -124.021, 44.4381, 0, 0, 0
5677, 0, 186.242, -123.12, 43.1407, 0, 0, 0
5678, 0, 186, -122.218, 41.81, 0, 0, 0
5679, 0, 185.759, -121.316, 40.3765, 0, 0, 0
5680, 0, 185.518, -120.415, 39.0002, 0, 0, 0
5681, 0, 185.276, -119.513, 37.6325, 0, 0, 0
5682, 0, 185.035, -118.611, 36.2312, 0, 0, 0
5683, 0, 184.793, -117.71, 34.8758, 0, 0, 0
5684, 0, 184.552, -116.808, 33.5378, 0, 0, 0
5685, 0, 184.31, -115.905, 32.1649, 0, 0, 0
5686, 0, 184.077, -115.033, 28.7669, 0, 0, 0
5687, 0, 183.871, -114.263, 22.9783, 0, 0, 0
5688, 0, 183.695, -113.61, 19.3513, 0, 0, 0
5689, 0, 183.54, -113.03, 16.9911, 0, 0, 0
5690, 0, 183.394, -112.484, 16.1766, 0, 0, 0
5691, 0, 183.25, -111.944, 15.7112, 0, 0, 0
5692, 0, 183.105, -111.402, 15.2246, 0, 0, 0
5693, 0, 182.96, -110.861, 14.7564, 0, 0, 0
5694, 0, 182.815, -110.32, 14.2502, 0, 0, 0
5695, 0, 182.671, -109.78, 13.7056, 0, 0, 0
5696, 0, 182.541, -109.295, 10.6413, 0, 0, 0
5697, 0, 182.438, -108.91, 8.15688, 0, 0, 0
5698, 0, 182.353, -108.596, 6.78619, 0, 0, 0
5699, 0, 192.152, -129.728, 20.429, 0, 0, 0
5700, 0, 191.995, -129.317, 32.4064, 0, 0, 0
5701, 0, 191.797, -128.802, 33.0042, 0, 0, 0
5702, 0, 191.597, -128.279, 32.4188, 0, 0, 0
5703, 0, 191.396, -127.756, 31.9565, 0, 0, 0
5704, 0, 191.195, -127.233, 31.3692, 0, 0, 0
5705, 0, 190.995, -126.711, 30.8421, 0, 0, 0
5706, 0, 190.794, -126.188, 30.339, 0, 0, 0
5707, 0, 190.594, -125.664, 29.877, 0, 0, 0
5708, 0, 190.385, -125.121, 31.4873, 0, 0, 0
5709, 0, 190.155, -124.521, 34.9337, 0, 0, 0
5710, 0, 189.888, -123.826, 40.3525, 0, 0, 0
5711, 0, 189.577, -123.014, 45.1639, 0, 0, 0
5712, 0, 189.243, -122.144, 43.8251, 0, 0, 0
5713, 0, 188.909, -121.273, 42.4651, 0, 0, 0
5714, 0, 188.575, -120.401, 40.9839, 0, 0, 0
5715, 0, 188.241, -119.529, 39.5589, 0, 0, 0
5716, 0, 187.906, -118.658, 38.1847, 0, 0, 0
5717, 0, 187.572, -117.786, 36.7315, 0, 0, 0
5718, 0, 187.238, -116.915, 35.3413, 0, 0, 0
5719, 0, 186.903, -116.043, 33.9564, 0, 0, 0
5720, 0, 186.568, -115.171, 32.5619, 0, 0, 0
5721, 0, 186.245, -114.328, 29.087, 0, 0, 0
5722, 0, 185.96, -113.584, 23.2572, 0, 0, 0
5723, 0, 185.717, -112.952, 19.5636, 0, 0, 0
5724, 0, 185.502, -112.392, 17.1578, 0, 0, 0
5725, 0, 185.3, -111.865, 16.3495, 0, 0, 0
5726, 0, 185.1, -111.342, 15.8794, 0, 0, 0
5727, 0, 184.899, -110.819, 15.3573, 0, 0, 0
5728, 0, 184.699, -110.296, 14.8957, 0, 0, 0
5729, 0, 184.498, -109.773, 14.3763, 0, 0, 0
5730, 0, 184.298, -109.251, 13.8416, 0, 0, 0
5731, 0, 184.118, -108.782, 10.728, 0, 0, 0
5732, 0, 183.975, -108.41, 8.22095, 0, 0, 0
5733, 0, 183.858, -108.106, 6.84339, 0, 0, 0
5734, 0, 195.811, -128.097, 20.8501, 0, 0, 0
5735, 0, 195.611, -127.705, 33.0172, 0, 0, 0
5736, 0, 195.362, -127.214, 33.6058, 0, 0, 0
5737, 0, 195.108, -126.715, 33.0069, 0, 0, 0
5738, 0, 194.853, -126.216, 32.523, 0, 0, 0
5739, 0, 194.599, -125.717, 31.9382, 0, 0, 0
5740, 0, 194.345, -125.218, 31.3728, 0, 0, 0
5741, 0, 194.091, -124.719, 30.8583, 0, 0, 0
5742, 0, 193.837, -124.219, 30.4012, 0, 0, 0
5743, 0, 193.573, -123.701, 31.9876, 0, 0, 0
5744, 0, 193.281, -123.129, 35.5132, 0, 0, 0
5745, 0, 192.943, -122.465, 40.9893, 0, 0, 0
5746, 0, 192.549, -121.69, 45.85, 0, 0, 0
5747, 0, 192.126, -120.86, 44.5468, 0, 0, 0
5748, 0, 191.702, -120.028, 43.0995, 0, 0, 0
5749, 0, 191.279, -119.196, 41.5567, 0, 0, 0
5750, 0, 190.856, -118.364, 40.1049, 0, 0, 0
5751, 0, 190.432, -117.532, 38.707, 0, 0, 0
5752, 0, 190.008, -116.7, 37.2018, 0, 0, 0
5753, 0, 189.585, -115.868, 35.7806, 0, 0, 0
5754, 0, 189.162, -115.036, 34.3625, 0, 0, 0
5755, 0, 188.737, -114.204, 32.9484, 0, 0, 0
5756, 0, 188.328, -113.4, 29.4298, 0, 0, 0
5757, 0, 187.966, -112.689, 23.4968, 0, 0, 0
5758, 0, 187.659, -112.086, 19.7548, 0, 0, 0
5759, 0, 187.387, -111.552, 17.3212, 0, 0, 0
5760, 0, 187.131, -111.049, 16.5214, 0, 0, 0
5761, 0, 186.877, -110.55, 16.0321, 0, 0, 0
5762, 0, 186.623, -110.05, 15.5184, 0, 0, 0
5763, 0, 186.369, -109.552, 15.0193, 0, 0, 0
5764, 0, 186.115, -109.053, 14.5097, 0, 0, 0
5765, 0, 185.861, -108.554, 13.9679, 0, 0, 0
5766, 0, 185.633, -108.107, 10.8102, 0, 0, 0
5767, 0, 185.452, -107.751, 8.302, 0, 0, 0
5768, 0, 185.305, -107.462, 6.88957, 0, 0, 0
5769, 0, 199.28, -126.093, 21.2252, 0, 0, 0
5770, 0, 199.04, -125.724, 33.5955, 0, 0, 0
5771, 0, 198.74, -125.262, 34.164, 0, 0, 0
5772, 0, 198.436, -124.792, 33.5505, 0, 0, 0
5773, 0, 198.131, -124.322, 33.0984, 0, 0, 0
5774, 0, 197.826, -123.852, 32.4569, 0, 0, 0
5775, 0, 197.521, -123.383, 31.8987, 0, 0, 0
5776, 0, 197.217, -122.913, 31.3538, 0, 0, 0
5777, 0, 196.911, -122.443, 30.8763, 0, 0, 0
5778, 0, 196.595, -121.955, 32.4864, 0, 0, 0
5779, 0, 196.245, -121.416, 36.0759, 0, 0, 0
5780, 0, 195.84, -120.792, 41.5831, 0, 0, 0
5781, 0, 195.367, -120.063, 46.5591, 0, 0, 0
5782, 0, 194.859, -119.281, 45.1613, 0, 0, 0
5783, 0, 194.351, -118.498, 43.6703, 0, 0, 0
5784, 0, 193.843, -117.715, 42.1138, 0, 0, 0
5785, 0, 193.335, -116.932, 40.6748, 0, 0, 0
5786, 0, 192.827, -116.148, 39.1708, 0, 0, 0
5787, 0, 192.318, -115.366, 37.6526, 0, 0, 0
5788, 0, 191.81, -114.583, 36.2134, 0, 0, 0
5789, 0, 191.302, -113.799, 34.747, 0, 0, 0
5790, 0, 190.794, -113.016, 33.285, 0, 0, 0
5791, 0, 190.303, -112.259, 29.7577, 0, 0, 0
5792, 0, 189.869, -111.59, 23.7298, 0, 0, 0
5793, 0, 189.501, -111.023, 19.9615, 0, 0, 0
5794, 0, 189.174, -110.52, 17.498, 0, 0, 0
5795, 0, 188.867, -110.046, 16.6823, 0, 0, 0
5796, 0, 188.562, -109.576, 16.16, 0, 0, 0
5797, 0, 188.257, -109.106, 15.6475, 0, 0, 0
5798, 0, 187.952, -108.637, 15.1439, 0, 0, 0
5799, 0, 187.647, -108.167, 14.6353, 0, 0, 0
5800, 0, 187.343, -107.698, 14.0728, 0, 0, 0
5801, 0, 187.07, -107.277, 10.9002, 0, 0, 0
5802, 0, 186.853, -106.942, 8.34894, 0, 0, 0
5803, 0, 186.676, -106.67, 6.95269, 0, 0, 0
5804, 0, 202.52, -123.737, 21.579, 0, 0, 0
5805, 0, 202.243, -123.395, 34.1196, 0, 0, 0
5806, 0, 201.897, -122.967, 34.7305, 0, 0, 0
5807, 0, 201.545, -122.532, 34.087, 0, 0, 0
5808, 0, 201.192, -122.096, 33.6113, 0, 0, 0
5809, 0, 200.84, -121.661, 32.9484, 0, 0, 0
5810, 0, 200.488, -121.225, 32.3545, 0, 0, 0
5811, 0, 200.136, -120.79, 31.8218, 0, 0, 0
5812, 0, 199.783, -120.355, 31.3356, 0, 0, 0
5813, 0, 199.418, -119.903, 32.96, 0, 0, 0
5814, 0, 199.013, -119.403, 36.5977, 0, 0, 0
5815, 0, 198.545, -118.824, 42.1479, 0, 0, 0
5816, 0, 197.999, -118.149, 47.1961, 0, 0, 0
5817, 0, 197.412, -117.424, 45.73, 0, 0, 0
5818, 0, 196.825, -116.699, 44.232, 0, 0, 0
5819, 0, 196.238, -115.973, 42.6398, 0, 0, 0
5820, 0, 195.652, -115.248, 41.1339, 0, 0, 0
5821, 0, 195.064, -114.522, 39.6346, 0, 0, 0
5822, 0, 194.477, -113.797, 38.0989, 0, 0, 0
5823, 0, 193.89, -113.071, 36.61, 0, 0, 0
5824, 0, 193.303, -112.345, 35.1084, 0, 0, 0
5825, 0, 192.715, -111.619, 33.6119, 0, 0, 0
5826, 0, 192.147, -110.918, 30.0237, 0, 0, 0
5827, 0, 191.646, -110.298, 23.958, 0, 0, 0
5828, 0, 191.221, -109.772, 20.1406, 0, 0, 0
5829, 0, 190.843, -109.306, 17.6704, 0, 0, 0
5830, 0, 190.488, -108.867, 16.8063, 0, 0, 0
5831, 0, 190.136, -108.432, 16.2884, 0, 0, 0
5832, 0, 189.784, -107.997, 15.7914, 0, 0, 0
5833, 0, 189.431, -107.561, 15.2699, 0, 0, 0
5834, 0, 189.079, -107.126, 14.7452, 0, 0, 0
5835, 0, 188.728, -106.691, 14.1672, 0, 0, 0
5836, 0, 188.412, -106.301, 10.9811, 0, 0, 0
5837, 0, 188.161, -105.991, 8.41813, 0, 0, 0
5838, 0, 187.956, -105.738, 6.99213, 0, 0, 0
5839, 0, 205.496, -121.055, 21.8921, 0, 0, 0
5840, 0, 205.186, -120.743, 34.6079, 0, 0, 0
5841, 0, 204.796, -120.354, 35.2378, 0, 0, 0
5842, 0, 204.4, -119.958, 34.5731, 0, 0, 0
5843, 0, 204.005, -119.562, 34.0658, 0, 0, 0
5844, 0, 203.609, -119.166, 33.4135, 0, 0, 0
5845, 0, 203.214, -118.77, 32.7821, 0, 0, 0
5846, 0, 202.818, -118.374, 32.2538, 0, 0, 0
5847, 0, 202.422, -117.977, 31.7487, 0, 0, 0
5848, 0, 202.011, -117.566, 33.3774, 0, 0, 0
5849, 0, 201.556, -117.112, 37.0767, 0, 0, 0
5850, 0, 201.03, -116.585, 42.6646, 0, 0, 0
5851, 0, 200.416, -115.97, 47.7382, 0, 0, 0
5852, 0, 199.758, -115.311, 46.2838, 0, 0, 0
5853, 0, 199.098, -114.651, 44.7632, 0, 0, 0
5854, 0, 198.438, -113.99, 43.1183, 0, 0, 0
5855, 0, 197.779, -113.331, 41.5505, 0, 0, 0
5856, 0, 197.119, -112.671, 40.0533, 0, 0, 0
5857, 0, 196.459, -112.01, 38.5036, 0, 0, 0
5858, 0, 195.799, -111.35, 36.9634, 0, 0, 0
5859, 0, 195.14, -110.69, 35.4321, 0, 0, 0
5860, 0, 194.48, -110.029, 33.9469, 0, 0, 0
5861, 0, 193.842, -109.391, 30.2912, 0, 0, 0
5862, 0, 193.279, -108.827, 24.1689, 0, 0, 0
5863, 0, 192.801, -108.349, 20.286, 0, 0, 0
5864, 0, 192.376, -107.925, 17.8106, 0, 0, 0
5865, 0, 191.977, -107.525, 16.9473, 0, 0, 0
5866, 0, 191.582, -107.129, 16.4182, 0, 0, 0
5867, 0, 191.186, -106.733, 15.8979, 0, 0, 0
5868, 0, 190.79, -106.337, 15.3853, 0, 0, 0
5869, 0, 190.394, -105.94, 14.8424, 0, 0, 0
5870, 0, 190, -105.545, 14.2672, 0, 0, 0
5871, 0, 189.645, -105.19, 11.0458, 0, 0, 0
5872, 0, 189.363, -104.908, 8.48618, 0, 0, 0
5873, 0, 189.132, -104.678, 7.03198, 0, 0, 0
5874, 0, 208.176, -118.076, 22.1379, 0, 0, 0
5875, 0, 207.835, -117.799, 35.0828, 0, 0, 0
5876, 0, 207.407, -117.452, 35.6585, 0, 0, 0
5877, 0, 206.972, -117.1, 35.0322, 0, 0, 0
5878, 0, 206.537, -116.747, 34.4939, 0, 0, 0
5879, 0, 206.102, -116.394, 33.8214, 0, 0, 0
5880, 0, 205.667, -116.042, 33.2115, 0, 0, 0
5881, 0, 205.233, -115.69, 32.6196, 0, 0, 0
5882, 0, 204.797, -115.337, 32.1166, 0, 0, 0
5883, 0, 204.346, -114.971, 33.777, 0, 0, 0
5884, 0, 203.846, -114.566, 37.4898, 0, 0, 0
5885, 0, 203.268, -114.098, 43.1352, 0, 0, 0
5886, 0, 202.593, -113.551, 48.2775, 0, 0, 0
5887, 0, 201.869, -112.964, 46.7617, 0, 0, 0
5888, 0, 201.144, -112.376, 45.2188, 0, 0, 0
5889, 0, 200.419, -111.789, 43.5547, 0, 0, 0
5890, 0, 199.694, -111.202, 41.9757, 0, 0, 0
5891, 0, 198.969, -110.614, 40.4206, 0, 0, 0
5892, 0, 198.244, -110.026, 38.8169, 0, 0, 0
5893, 0, 197.519, -109.439, 37.2772, 0, 0, 0
5894, 0, 196.794, -108.852, 35.7386, 0, 0, 0
5895, 0, 196.069, -108.264, 34.2161, 0, 0, 0
5896, 0, 195.368, -107.695, 30.5455, 0, 0, 0
5897, 0, 194.748, -107.193, 24.342, 0, 0, 0
5898, 0, 194.223, -106.768, 20.452, 0, 0, 0
5899, 0, 193.757, -106.39, 17.9239, 0, 0, 0
5900, 0, 193.318, -106.034, 17.0831, 0, 0, 0
5901, 0, 192.884, -105.682, 16.525, 0, 0, 0
5902, 0, 192.448, -105.33, 16.0008, 0, 0, 0
5903, 0, 192.013, -104.977, 15.4778, 0, 0, 0
5904, 0, 191.579, -104.624, 14.9205, 0, 0, 0
5905, 0, 191.145, -104.273, 14.3663, 0, 0, 0
5906, 0, 190.755, -103.957, 11.1186, 0, 0, 0
5907, 0, 190.445, -103.705, 8.52098, 0, 0, 0
5908, 0, 190.192, -103.501, 7.06827, 0, 0, 0
5909, 0, 210.531, -114.833, 22.3593, 0, 0, 0
5910, 0, 210.162, -114.594, 35.49, 0, 0, 0
5911, 0, 209.7, -114.293, 36.0716, 0, 0, 0
5912, 0, 209.231, -113.988, 35.3787, 0, 0, 0
5913, 0, 208.762, -113.683, 34.8558, 0, 0, 0
5914, 0, 208.292, -113.378, 34.1849, 0, 0, 0
5915, 0, 207.823, -113.073, 33.5629, 0, 0, 0
5916, 0, 207.354, -112.768, 32.9757, 0, 0, 0
5917, 0, 206.884, -112.462, 32.4215, 0, 0, 0
5918, 0, 206.397, -112.146, 34.117, 0, 0, 0
5919, 0, 205.858, -111.796, 37.8559, 0, 0, 0
5920, 0, 205.233, -111.39, 43.5564, 0, 0, 0
5921, 0, 204.505, -110.917, 48.7359, 0, 0, 0
5922, 0, 203.724, -110.409, 47.203, 0, 0, 0
5923, 0, 202.942, -109.901, 45.6099, 0, 0, 0
5924, 0, 202.159, -109.392, 43.954, 0, 0, 0
5925, 0, 201.377, -108.884, 42.333, 0, 0, 0
5926, 0, 200.594, -108.375, 40.7571, 0, 0, 0
5927, 0, 199.812, -107.866, 39.123, 0, 0, 0
5928, 0, 199.03, -107.358, 37.5589, 0, 0, 0
5929, 0, 198.247, -106.85, 36.0258, 0, 0, 0
5930, 0, 197.464, -106.341, 34.4499, 0, 0, 0
5931, 0, 196.708, -105.849, 30.7523, 0, 0, 0
5932, 0, 196.04, -105.415, 24.4974, 0, 0, 0
5933, 0, 195.473, -105.046, 20.5872, 0, 0, 0
5934, 0, 194.97, -104.72, 18.0261, 0, 0, 0
5935, 0, 194.496, -104.412, 17.1869, 0, 0, 0
5936, 0, 194.027, -104.107, 16.6205, 0, 0, 0
5937, 0, 193.558, -103.802, 16.1069, 0, 0, 0
5938, 0, 193.088, -103.497, 15.5509, 0, 0, 0
5939, 0, 192.619, -103.192, 15.0028, 0, 0, 0
5940, 0, 192.151, -102.887, 14.4507, 0, 0, 0
5941, 0, 191.729, -102.613, 11.1737, 0, 0, 0
5942, 0, 191.395, -102.396, 8.54483, 0, 0, 0
5943, 0, 191.123, -102.219, 7.11077, 0, 0, 0
5944, 0, 212.533, -111.362, 22.5635, 0, 0, 0
5945, 0, 212.142, -111.162, 35.8342, 0, 0, 0
5946, 0, 211.651, -110.912, 36.4086, 0, 0, 0
5947, 0, 211.152, -110.657, 35.7031, 0, 0, 0
5948, 0, 210.654, -110.403, 35.161, 0, 0, 0
5949, 0, 210.155, -110.148, 34.4823, 0, 0, 0
5950, 0, 209.657, -109.894, 33.8613, 0, 0, 0
5951, 0, 209.158, -109.64, 33.255, 0, 0, 0
5952, 0, 208.659, -109.385, 32.7275, 0, 0, 0
5953, 0, 208.141, -109.121, 34.3889, 0, 0, 0
5954, 0, 207.569, -108.83, 38.1635, 0, 0, 0
5955, 0, 206.906, -108.492, 43.9359, 0, 0, 0
5956, 0, 206.132, -108.097, 49.123, 0, 0, 0
5957, 0, 205.302, -107.674, 47.5818, 0, 0, 0
5958, 0, 204.471, -107.25, 45.9284, 0, 0, 0
5959, 0, 203.64, -106.826, 44.2832, 0, 0, 0
5960, 0, 202.808, -106.402, 42.6328, 0, 0, 0
5961, 0, 201.977, -105.979, 41.0347, 0, 0, 0
5962, 0, 201.146, -105.555, 39.39, 0, 0, 0
5963, 0, 200.315, -105.131, 37.8102, 0, 0, 0
5964, 0, 199.483, -104.707, 36.2595, 0, 0, 0
5965, 0, 198.651, -104.283, 34.6529, 0, 0, 0
5966, 0, 197.848, -103.873, 30.9062, 0, 0, 0
5967, 0, 197.138, -103.511, 24.6452, 0, 0, 0
5968, 0, 196.536, -103.204, 20.6929, 0, 0, 0
5969, 0, 196.002, -102.931, 18.1326, 0, 0, 0
5970, 0, 195.498, -102.675, 17.2718, 0, 0, 0
5971, 0, 195, -102.421, 16.7166, 0, 0, 0
5972, 0, 194.501, -102.166, 16.1772, 0, 0, 0
5973, 0, 194.002, -101.912, 15.628, 0, 0, 0
5974, 0, 193.504, -101.658, 15.0792, 0, 0, 0
5975, 0, 193.006, -101.404, 14.5107, 0, 0, 0
5976, 0, 192.559, -101.176, 11.2107, 0, 0, 0
5977, 0, 192.204, -100.995, 8.6001, 0, 0, 0
5978, 0, 191.914, -100.847, 7.13727, 0, 0, 0
5979, 0, 214.163, -107.7, 22.743, 0, 0, 0
5980, 0, 213.752, -107.542, 36.1169, 0, 0, 0
5981, 0, 213.238, -107.345, 36.6849, 0, 0, 0
5982, 0, 212.716, -107.144, 35.9822, 0, 0, 0
5983, 0, 212.193, -106.943, 35.4004, 0, 0, 0
5984, 0, 211.671, -106.742, 34.7428, 0, 0, 0
5985, 0, 211.148, -106.542, 34.1098, 0, 0, 0
5986, 0, 210.626, -106.341, 33.4664, 0, 0, 0
5987, 0, 210.103, -106.14, 32.9494, 0, 0, 0
5988, 0, 209.56, -105.931, 34.6248, 0, 0, 0
5989, 0, 208.961, -105.701, 38.4062, 0, 0, 0
5990, 0, 208.266, -105.434, 44.2265, 0, 0, 0
5991, 0, 207.455, -105.123, 49.424, 0, 0, 0
5992, 0, 206.586, -104.789, 47.8592, 0, 0, 0
5993, 0, 205.715, -104.454, 46.2339, 0, 0, 0
5994, 0, 204.844, -104.12, 44.5308, 0, 0, 0
5995, 0, 203.973, -103.785, 42.8728, 0, 0, 0
5996, 0, 203.102, -103.451, 41.2724, 0, 0, 0
5997, 0, 202.231, -103.116, 39.5942, 0, 0, 0
5998, 0, 201.36, -102.782, 38.0073, 0, 0, 0
5999, 0, 200.489, -102.447, 36.4319, 0, 0, 0
6000, 0, 199.617, -102.112, 34.8321, 0, 0, 0
6001, 0, 198.775, -101.789, 31.0634, 0, 0, 0
6002, 0, 198.031, -101.503, 24.7658, 0, 0, 0
6003, 0, 197.4, -101.26, 20.7922, 0, 0, 0
6004, 0, 196.841, -101.045, 18.209, 0, 0, 0
6005, 0, 196.314, -100.843, 17.3334, 0, 0, 0
6006, 0, 195.791, -100.642, 16.7818, 0, 0, 0
6007, 0, 195.269, -100.441, 16.2348, 0, 0, 0
6008, 0, 194.746, -100.241, 15.6898, 0, 0, 0
6009, 0, 194.224, -100.04, 15.1481, 0, 0, 0
6010, 0, 193.702, -99.8395, 14.5535, 0, 0, 0
6011, 0, 193.234, -99.6596, 11.2546, 0, 0, 0
6012, 0, 192.861, -99.5165, 8.64147, 0, 0, 0
6013, 0, 192.558, -99.4, 7.15674, 0, 0, 0
6014, 0, 215.4, -103.887, 22.9152, 0, 0, 0
6015, 0, 214.976, -103.774, 36.2845, 0, 0, 0
6016, 0, 214.444, -103.631, 36.9261, 0, 0, 0
6017, 0, 213.903, -103.486, 36.148, 0, 0, 0
6018, 0, 213.363, -103.341, 35.6124, 0, 0, 0
6019, 0, 212.822, -103.196, 34.936, 0, 0, 0
6020, 0, 212.282, -103.051, 34.293, 0, 0, 0
6021, 0, 211.741, -102.906, 33.6733, 0, 0, 0
6022, 0, 211.2, -102.761, 33.1206, 0, 0, 0
6023, 0, 210.638, -102.611, 34.8099, 0, 0, 0
6024, 0, 210.018, -102.444, 38.5986, 0, 0, 0
6025, 0, 209.299, -102.251, 44.4404, 0, 0, 0
6026, 0, 208.46, -102.026, 49.6879, 0, 0, 0
6027, 0, 207.561, -101.785, 48.0689, 0, 0, 0
6028, 0, 206.66, -101.544, 46.4325, 0, 0, 0
6029, 0, 205.759, -101.302, 44.7283, 0, 0, 0
6030, 0, 204.857, -101.06, 43.0628, 0, 0, 0
6031, 0, 203.956, -100.819, 41.4673, 0, 0, 0
6032, 0, 203.055, -100.577, 39.7499, 0, 0, 0
6033, 0, 202.154, -100.336, 38.1551, 0, 0, 0
6034, 0, 201.253, -100.094, 36.5605, 0, 0, 0
6035, 0, 200.351, -99.8521, 34.9602, 0, 0, 0
6036, 0, 199.48, -99.6183, 31.1807, 0, 0, 0
6037, 0, 198.71, -99.4119, 24.8498, 0, 0, 0
6038, 0, 198.057, -99.2367, 20.8484, 0, 0, 0
6039, 0, 197.479, -99.0815, 18.2626, 0, 0, 0
6040, 0, 196.933, -98.9353, 17.3869, 0, 0, 0
6041, 0, 196.393, -98.7904, 16.8459, 0, 0, 0
6042, 0, 195.852, -98.6454, 16.2799, 0, 0, 0
6043, 0, 195.311, -98.5004, 15.7307, 0, 0, 0
6044, 0, 194.771, -98.3554, 15.1846, 0, 0, 0
6045, 0, 194.231, -98.2108, 14.5881, 0, 0, 0
6046, 0, 193.747, -98.0807, 11.2899, 0, 0, 0
6047, 0, 193.361, -97.9774, 8.66343, 0, 0, 0
6048, 0, 193.047, -97.8933, 7.17351, 0, 0, 0
6049, 0, 216.233, -99.9667, 23.0216, 0, 0, 0
6050, 0, 215.799, -99.8979, 36.4374, 0, 0, 0
6051, 0, 215.255, -99.8116, 37.0207, 0, 0, 0
6052, 0, 214.702, -99.724, 36.3027, 0, 0, 0
6053, 0, 214.15, -99.6365, 35.7567, 0, 0, 0
6054, 0, 213.597, -99.5487, 35.0475, 0, 0, 0
6055, 0, 213.044, -99.4611, 34.4035, 0, 0, 0
6056, 0, 212.492, -99.3736, 33.7725, 0, 0, 0
6057, 0, 211.938, -99.2857, 33.2518, 0, 0, 0
6058, 0, 211.364, -99.1948, 34.916, 0, 0, 0
6059, 0, 210.73, -99.0944, 38.7412, 0, 0, 0
6060, 0, 209.995, -98.9779, 44.5859, 0, 0, 0
6061, 0, 209.137, -98.8419, 49.8685, 0, 0, 0
6062, 0, 208.216, -98.6961, 48.2382, 0, 0, 0
6063, 0, 207.295, -98.55, 46.5662, 0, 0, 0
6064, 0, 206.374, -98.4039, 44.8751, 0, 0, 0
6065, 0, 205.452, -98.2579, 43.1787, 0, 0, 0
6066, 0, 204.531, -98.1118, 41.5647, 0, 0, 0
6067, 0, 203.609, -97.9657, 39.8737, 0, 0, 0
6068, 0, 202.688, -97.8197, 38.2605, 0, 0, 0
6069, 0, 201.766, -97.6736, 36.6583, 0, 0, 0
6070, 0, 200.845, -97.5275, 35.0288, 0, 0, 0
6071, 0, 199.954, -97.3863, 31.2524, 0, 0, 0
6072, 0, 199.167, -97.2615, 24.8996, 0, 0, 0
6073, 0, 198.499, -97.1557, 20.9046, 0, 0, 0
6074, 0, 197.907, -97.0619, 18.3063, 0, 0, 0
6075, 0, 197.35, -96.9735, 17.4172, 0, 0, 0
6076, 0, 196.797, -96.8859, 16.8766, 0, 0, 0
6077, 0, 196.244, -96.7983, 16.3226, 0, 0, 0
6078, 0, 195.691, -96.7106, 15.757, 0, 0, 0
6079, 0, 195.138, -96.623, 15.2222, 0, 0, 0
6080, 0, 194.587, -96.5356, 14.6115, 0, 0, 0
6081, 0, 194.091, -96.457, 11.3038, 0, 0, 0
6082, 0, 193.697, -96.3945, 8.67518, 0, 0, 0
6083, 0, 193.376, -96.3437, 7.18644, 0, 0, 0
6084, 0, 216.652, -95.9802, 23.0543, 0, 0, 0
6085, 0, 216.213, -95.9572, 36.5434, 0, 0, 0
6086, 0, 215.663, -95.9283, 37.0477, 0, 0, 0
6087, 0, 215.104, -95.899, 36.3976, 0, 0, 0
6088, 0, 214.545, -95.8697, 35.8134, 0, 0, 0
6089, 0, 213.986, -95.8404, 35.1041, 0, 0, 0
6090, 0, 213.428, -95.8111, 34.4622, 0, 0, 0
6091, 0, 212.869, -95.7818, 33.854, 0, 0, 0
6092, 0, 212.309, -95.7525, 33.3046, 0, 0, 0
6093, 0, 211.729, -95.722, 34.9744, 0, 0, 0
6094, 0, 211.088, -95.6884, 38.8095, 0, 0, 0
6095, 0, 210.344, -95.6494, 44.6686, 0, 0, 0
6096, 0, 209.477, -95.6039, 49.9375, 0, 0, 0
6097, 0, 208.546, -95.5551, 48.3293, 0, 0, 0
6098, 0, 207.615, -95.5063, 46.6253, 0, 0, 0
6099, 0, 206.683, -95.4574, 44.9336, 0, 0, 0
6100, 0, 205.752, -95.4085, 43.2557, 0, 0, 0
6101, 0, 204.82, -95.3597, 41.6133, 0, 0, 0
6102, 0, 203.888, -95.3108, 39.939, 0, 0, 0
6103, 0, 202.957, -95.2619, 38.3017, 0, 0, 0
6104, 0, 202.025, -95.2131, 36.7158, 0, 0, 0
6105, 0, 201.093, -95.1642, 35.0654, 0, 0, 0
6106, 0, 200.192, -95.1169, 31.2892, 0, 0, 0
6107, 0, 199.396, -95.0752, 24.9308, 0, 0, 0
6108, 0, 198.721, -95.0398, 20.932, 0, 0, 0
6109, 0, 198.123, -95.0084, 18.3203, 0, 0, 0
6110, 0, 197.559, -94.9788, 17.448, 0, 0, 0
6111, 0, 197, -94.9495, 16.8747, 0, 0, 0
6112, 0, 196.441, -94.9202, 16.3494, 0, 0, 0
6113, 0, 195.882, -94.8909, 15.7689, 0, 0, 0
6114, 0, 195.324, -94.8616, 15.2339, 0, 0, 0
6115, 0, 194.765, -94.8323, 14.6356, 0, 0, 0
6116, 0, 194.264, -94.806, 11.3171, 0, 0, 0
6117, 0, 193.866, -94.7852, 8.66216, 0, 0, 0
6118, 0, 193.542, -94.7681, 7.19788, 0, 0, 0
6119, 0, 216.757, -93.0756, 10.3646, 0, 0, 0
6120, 0, 216.316, -93.0756, 16.6167, 0, 0, 0
6121, 0, 215.765, -93.0756, 17.0932, 0, 0, 0
6122, 0, 215.205, -93.0756, 17.0488, 0, 0, 0
6123, 0, 214.645, -93.0756, 17.0348, 0, 0, 0
6124, 0, 214.084, -93.0756, 16.96, 0, 0, 0
6125, 0, 213.524, -93.0756, 16.9156, 0, 0, 0
6126, 0, 212.964, -93.0756, 16.9014, 0, 0, 0
6127, 0, 212.402, -93.0756, 16.887, 0, 0, 0
6128, 0, 211.82, -93.0756, 18.0395, 0, 0, 0
6129, 0, 211.178, -93.0756, 20.4043, 0, 0, 0
6130, 0, 210.432, -93.0756, 24.0535, 0, 0, 0
6131, 0, 209.562, -93.0756, 27.6303, 0, 0, 0
6132, 0, 208.629, -93.0756, 27.5664, 0, 0, 0
6133, 0, 207.695, -93.0756, 27.443, 0, 0, 0
6134, 0, 206.761, -93.0756, 27.3195, 0, 0, 0
6135, 0, 205.827, -93.0756, 27.1954, 0, 0, 0
6136, 0, 204.893, -93.0756, 27.1017, 0, 0, 0
6137, 0, 203.958, -93.0756, 26.9493, 0, 0, 0
6138, 0, 203.024, -93.0756, 26.8258, 0, 0, 0
6139, 0, 202.09, -93.0756, 26.7303, 0, 0, 0
6140, 0, 201.155, -93.0756, 26.5789, 0, 0, 0
6141, 0, 200.252, -93.0756, 24.7031, 0, 0, 0
6142, 0, 199.454, -93.0756, 20.4287, 0, 0, 0
6143, 0, 198.777, -93.0756, 17.7158, 0, 0, 0
6144, 0, 198.177, -93.0756, 15.9802, 0, 0, 0
6145, 0, 197.611, -93.0756, 15.683, 0, 0, 0
6146, 0, 197.051, -93.0756, 15.6107, 0, 0, 0
6147, 0, 196.491, -93.0756, 15.5941, 0, 0, 0
6148, 0, 195.93, -93.0756, 15.5218, 0, 0, 0
6149, 0, 195.37, -93.0756, 15.4778, 0, 0, 0
6150, 0, 194.81, -93.0756, 15.4055, 0, 0, 0
6151, 0, 194.308, -93.0756, 12.2872, 0, 0, 0
6152, 0, 193.909, -93.0756, 9.62852, 0, 0, 0
6153, 0, 193.584, -93.0756, 8.18834, 0, 0, 0
6154, 0, 216.757, -91.2748, 10.364, 0, 0, 0
6155, 0, 216.316, -91.2748, 16.6157, 0, 0, 0
6156, 0, 215.765, -91.2748, 17.0922, 0, 0, 0
6157, 0, 215.205, -91.2748, 17.0478, 0, 0, 0
6158, 0, 214.645, -91.2748, 17.0338, 0, 0, 0
6159, 0, 214.084, -91.2748, 16.959, 0, 0, 0
6160, 0, 213.524, -91.2748, 16.9146, 0, 0, 0
6161, 0, 212.964, -91.2748, 16.9004, 0, 0, 0
6162, 0, 212.402, -91.2748, 16.886, 0, 0, 0
6163, 0, 211.82, -91.2748, 18.0384, 0, 0, 0
6164, 0, 211.178, -91.2748, 20.4031, 0, 0, 0
6165, 0, 210.432, -91.2748, 24.0521, 0, 0, 0
6166, 0, 209.562, -91.2748, 27.6286, 0, 0, 0
6167, 0, 208.629, -91.2748, 27.5648, 0, 0, 0
6168, 0, 207.695, -91.2748, 27.4413, 0, 0, 0
6169, 0, 206.761, -91.2748, 27.3179, 0, 0, 0
6170, 0, 205.827, -91.2748, 27.1938, 0, 0, 0
6171, 0, 204.893, -91.2748, 27.1001, 0, 0, 0
6172, 0, 203.958, -91.2748, 26.9476, 0, 0, 0
6173, 0, 203.024, -91.2748, 26.8242, 0, 0, 0
6174, 0, 202.09, -91.2748, 26.7287, 0, 0, 0
6175, 0, 201.155, -91.2748, 26.5773, 0, 0, 0
6176, 0, 200.252, -91.2748, 24.7016, 0, 0, 0
6177, 0, 199.454, -91.2748, 20.4275, 0, 0, 0
6178, 0, 198.777, -91.2748, 17.7147, 0, 0, 0
6179, 0, 198.177, -91.2748, 15.9793, 0, 0, 0
6180, 0, 197.611, -91.2748, 15.6821, 0, 0, 0
6181, 0, 197.051, -91.2748, 15.6097, 0, 0, 0
6182, 0, 196.491, -91.2748, 15.5932, 0, 0, 0
6183, 0, 195.93, -91.2748, 15.5209, 0, 0, 0
6184, 0, 195.37, -91.2748, 15.4769, 0, 0, 0
6185, 0, 194.81, -91.2748, 15.4046, 0, 0, 0
6186, 0, 194.308, -91.2748, 12.2865, 0, 0, 0
6187, 0, 193.909, -91.2748, 9.62795, 0, 0, 0
6188, 0, 193.584, -91.2748, 8.18785, 0, 0, 0
6189, 0, 216.757, -89.4741, 10.3646, 0, 0, 0
6190, 0, 216.316, -89.4741, 16.6166, 0, 0, 0
6191, 0, 215.765, -89.4741, 17.0931, 0, 0, 0
6192, 0, 215.205, -89.4741, 17.0488, 0, 0, 0
6193, 0, 214.645, -89.4741, 17.0348, 0, 0, 0
6194, 0, 214.084, -89.4741, 16.9599, 0, 0, 0
6195, 0, 213.524, -89.4741, 16.9156, 0, 0, 0
6196, 0, 212.964, -89.4741, 16.9014, 0, 0, 0
6197, 0, 212.402, -89.4741, 16.8869, 0, 0, 0
6198, 0, 211.82, -89.4741, 18.0394, 0, 0, 0
6199, 0, 211.178, -89.4741, 20.4042, 0, 0, 0
6200, 0, 210.432, -89.4741, 24.0535, 0, 0, 0
6201, 0, 209.562, -89.4741, 27.6302, 0, 0, 0
6202, 0, 208.629, -89.4741, 27.5663, 0, 0, 0
6203, 0, 207.695, -89.4741, 27.4429, 0, 0, 0
6204, 0, 206.761, -89.4741, 27.3194, 0, 0, 0
6205, 0, 205.827, -89.4741, 27.1953, 0, 0, 0
6206, 0, 204.893, -89.4741, 27.1016, 0, 0, 0
6207, 0, 203.958, -89.4741, 26.9492, 0, 0, 0
6208, 0, 203.024, -89.4741, 26.8258, 0, 0, 0
6209, 0, 202.09, -89.4741, 26.7302, 0, 0, 0
6210, 0, 201.155, -89.4741, 26.5788, 0, 0, 0
6211, 0, 200.252, -89.4741, 24.703, 0, 0, 0
6212, 0, 199.454, -89.4741, 20.4286, 0, 0, 0
6213, 0, 198.777, -89.4741, 17.7157, 0, 0, 0
6214, 0, 198.177, -89.4741, 15.9802, 0, 0, 0
6215, 0, 197.611, -89.4741, 15.683, 0, 0, 0
6216, 0, 197.051, -89.4741, 15.6106, 0, 0, 0
6217, 0, 196.491, -89.4741, 15.594, 0, 0, 0
6218, 0, 195.93, -89.4741, 15.5218, 0, 0, 0
6219, 0, 195.37, -89.4741, 15.4777, 0, 0, 0
6220, 0, 194.81, -89.4741, 15.4055, 0, 0, 0
6221, 0, 194.308, -89.4741, 12.2872, 0, 0, 0
6222, 0, 193.909, -89.4741, 9.62849, 0, 0, 0
6223, 0, 193.584, -89.4741, 8.18831, 0, 0, 0
6224, 0, 216.757, -87.6733, 10.3646, 0, 0, 0
6225, 0, 216.316, -87.6733, 16.6166, 0, 0, 0
6226, 0, 215.765, -87.6733, 17.0931, 0, 0, 0
6227, 0, 215.205, -87.6733, 17.0488, 0, 0, 0
6228, 0, 214.645, -87.6733, 17.0348, 0, 0, 0
6229, 0, 214.084, -87.6733, 16.9599, 0, 0, 0
6230, 0, 213.524, -87.6733, 16.9156, 0, 0, 0
6231, 0, 212.964, -87.6733, 16.9014, 0, 0, 0
6232, 0, 212.402, -87.6733, 16.8869, 0, 0, 0
6233, 0, 211.82, -87.6733, 18.0394, 0, 0, 0
6234, 0, 211.178, -87.6733, 20.4042, 0, 0, 0
6235, 0, 210.432, -87.6733, 24.0535, 0, 0, 0
6236, 0, 209.562, -87.6733, 27.6302, 0, 0, 0
6237, 0, 208.629, -87.6733, 27.5663, 0, 0, 0
6238, 0, 207.695, -87.6733, 27.4429, 0, 0, 0
6239, 0, 206.761, -87.6733, 27.3194, 0, 0, 0
6240, 0, 205.827, -87.6733, 27.1953, 0, 0, 0
6241, 0, 204.893, -87.6733, 27.1016, 0, 0, 0
6242, 0, 203.958, -87.6733, 26.9492, 0, 0, 0
6243, 0, 203.024, -87.6733, 26.8258, 0, 0, 0
6244, 0, 202.09, -87.6733, 26.7302, 0, 0, 0
6245, 0, 201.155, -87.6733, 26.5788, 0, 0, 0
6246, 0, 200.252, -87.6733, 24.703, 0, 0, 0
6247, 0, 199.454, -87.6733, 20.4286, 0, 0, 0
6248, 0, 198.777, -87.6733, 17.7157, 0, 0, 0
6249, 0, 198.177, -87.6733, 15.9802, 0, 0, 0
6250, 0, 197.611, -87.6733, 15.683, 0, 0, 0
6251, 0, 197.051, -87.6733, 15.6106, 0, 0, 0
6252, 0, 196.491, -87.6733, 15.594, 0, 0, 0
6253, 0, 195.93, -87.6733, 15.5218, 0, 0, 0
6254, 0, 195.37, -87.6733, 15.4777, 0, 0, 0
6255, 0, 194.81, -87.6733, 15.4055, 0, 0, 0
6256, 0, 194.308, -87.6733, 12.2872, 0, 0, 0
6257, 0, 193.909, -87.6733, 9.62849, 0, 0, 0
6258, 0, 193.584, -87.6733, 8.18831, 0, 0, 0
6259, 0, 216.757, -85.8726, 10.364, 0, 0, 0
6260, 0, 216.316, -85.8726, 16.6157, 0, 0, 0
6261, 0, 215.765, -85.8726, 17.0922, 0, 0, 0
6262, 0, 215.205, -85.8726, 17.0478, 0, 0, 0
6263, 0, 214.645, -85.8726, 17.0338, 0, 0, 0
6264, 0, 214.084, -85.8726, 16.959, 0, 0, 0
6265, 0, 213.524, -85.8726, 16.9146, 0, 0, 0
6266, 0, 212.964, -85.8726, 16.9004, 0, 0, 0
6267, 0, 212.402, -85.8726, 16.886, 0, 0, 0
6268, 0, 211.82, -85.8726, 18.0384, 0, 0, 0
6269, 0, 211.178, -85.8726, 20.4031, 0, 0, 0
6270, 0, 210.432, -85.8726, 24.0521, 0, 0, 0
6271, 0, 209.562, -85.8726, 27.6286, 0, 0, 0
6272, 0, 208.629, -85.8726, 27.5648, 0, 0, 0
6273, 0, 207.695, -85.8726, 27.4413, 0, 0, 0
6274, 0, 206.761, -85.8726, 27.3179, 0, 0, 0
6275, 0, 205.827, -85.8726, 27.1938, 0, 0, 0
6276, 0, 204.893, -85.8726, 27.1001, 0, 0, 0
6277, 0, 203.958, -85.8726, 26.9476, 0, 0, 0
6278, 0, 203.024, -85.8726, 26.8242, 0, 0, 0
6279, 0, 202.09, -85.8726, 26.7287, 0, 0, 0
6280, 0, 201.155, -85.8726, 26.5773, 0, 0, 0
6281, 0, 200.252, -85.8726, 24.7016, 0, 0, 0
6282, 0, 199.454, -85.8726, 20.4275, 0, 0, 0
6283, 0, 198.777, -85.8726, 17.7147, 0, 0, 0
6284, 0, 198.177, -85.8726, 15.9793, 0, 0, 0
6285, 0, 197.611, -85.8726, 15.6821, 0, 0, 0
6286, 0, 197.051, -85.8726, 15.6097, 0, 0, 0
6287, 0, 196.491, -85.8726, 15.5932, 0, 0, 0
6288, 0, 195.93, -85.8726, 15.5209, 0, 0, 0
6289, 0, 195.37, -85.8726, 15.4769, 0, 0, 0
6290, 0, 194.81, -85.8726, 15.4046, 0, 0, 0
6291, 0, 194.308, -85.8726, 12.2865, 0, 0, 0
6292, 0, 193.909, -85.8726, 9.62795, 0, 0, 0
6293, 0, 193.584, -85.8726, 8.18785, 0, 0, 0
6294, 0, 109.897, 36.0329, 27.7714, 0, 0, 0
6295, 0, 109.318, 33.9694, 27.3028, 0, 0, 0
6296, 0, 108.774, 31.8963, 26.8621, 0, 0, 0
6297, 0, 108.264, 29.8144, 26.4393, 0, 0, 0
6298, 0, 107.788, 27.7242, 26.0612, 0, 0, 0
6299, 0, 107.347, 25.6262, 25.711, 0, 0, 0
6300, 0, 106.941, 23.5212, 25.381, 0, 0, 0
6301, 0, 106.57, 21.4096, 25.0808, 0, 0, 0
6302, 0, 106.234, 19.2921, 24.8215, 0, 0, 0
6303, 0, 105.933, 17.1692, 24.5916, 0, 0, 0
6304, 0, 105.667, 15.0415, 24.378, 0, 0, 0
6305, 0, 105.436, 12.9096, 24.1988, 0, 0, 0
6306, 0, 105.241, 10.7742, 24.044, 0, 0, 0
6307, 0, 105.082, 8.63582, 23.9208, 0, 0, 0
6308, 0, 104.957, 6.49502, 23.8254, 0, 0, 0
6309, 0, 104.868, 4.35243, 23.7589, 0, 0, 0
6310, 0, 104.815, 2.20864, 23.7116, 0, 0, 0
6311, 0, 104.797, 0.0642525, 23.6929, 0, 0, 0
6312, 0, 104.815, -2.08013, 23.7116, 0, 0, 0
6313, 0, 104.868, -4.22393, 23.7589, 0, 0, 0
6314, 0, 104.957, -6.36652, 23.8255, 0, 0, 0
6315, 0, 105.082, -8.50732, 23.9208, 0, 0, 0
6316, 0, 105.241, -10.6457, 24.044, 0, 0, 0
6317, 0, 105.436, -12.7812, 24.1988, 0, 0, 0
6318, 0, 105.667, -14.913, 24.378, 0, 0, 0
6319, 0, 105.933, -17.0407, 24.5916, 0, 0, 0
6320, 0, 106.234, -19.1636, 24.8215, 0, 0, 0
6321, 0, 106.57, -21.2811, 25.0808, 0, 0, 0
6322, 0, 106.941, -23.3927, 25.381, 0, 0, 0
6323, 0, 107.347, -25.4977, 25.711, 0, 0, 0
6324, 0, 107.788, -27.5957, 26.0612, 0, 0, 0
6325, 0, 108.264, -29.6859, 26.4393, 0, 0, 0
6326, 0, 108.774, -31.7678, 26.8621, 0, 0, 0
6327, 0, 109.318, -33.8409, 27.3028, 0, 0, 0
6328, 0, 109.897, -35.9044, 27.7714, 0, 0, 0
6329, 0, 108.365, 36.6153, 32.6682, 0, 0, 0
6330, 0, 107.794, 34.5167, 32.1109, 0, 0, 0
6331, 0, 107.258, 32.4088, 31.5997, 0, 0, 0
6332, 0, 106.755, 30.2922, 31.1224, 0, 0, 0
6333, 0, 106.286, 28.1673, 30.6838, 0, 0, 0
6334, 0, 105.851, 26.0349, 30.2636, 0, 0, 0
6335, 0, 105.45, 23.8955, 29.891, 0, 0, 0
6336, 0, 105.084, 21.7496, 29.5561, 0, 0, 0
6337, 0, 104.753, 19.5978, 29.24, 0, 0, 0
6338, 0, 104.456, 17.4407, 28.9565, 0, 0, 0
6339, 0, 104.194, 15.279, 28.7204, 0, 0, 0
6340, 0, 103.967, 13.1131, 28.5106, 0, 0, 0
6341, 0, 103.774, 10.9437, 28.3312, 0, 0, 0
6342, 0, 103.616, 8.77133, 28.193, 0, 0, 0
6343, 0, 103.494, 6.59662, 28.0778, 0, 0, 0
6344, 0, 103.407, 4.42015, 27.9854, 0, 0, 0
6345, 0, 103.354, 2.2425, 27.9337, 0, 0, 0
6346, 0, 103.337, 0.0642525, 27.9224, 0, 0, 0
6347, 0, 103.354, -2.11399, 27.9337, 0, 0, 0
6348, 0, 103.407, -4.29165, 27.9854, 0, 0, 0
6349, 0, 103.494, -6.46812, 28.0778, 0, 0, 0
6350, 0, 103.616, -8.64283, 28.193, 0, 0, 0
6351, 0, 103.774, -10.8152, 28.3312, 0, 0, 0
6352, 0, 103.967, -12.9846, 28.5105, 0, 0, 0
6353, 0, 104.194, -15.1505, 28.7204, 0, 0, 0
6354, 0, 104.456, -17.3122, 28.9565, 0, 0, 0
6355, 0, 104.753, -19.4693, 29.24, 0, 0, 0
6356, 0, 105.084, -21.6211, 29.5561, 0, 0, 0
6357, 0, 105.45, -23.767, 29.891, 0, 0, 0
6358, 0, 63.2176, 84.7824, 40.7361, 0, 0, 0
6359, 0, 58.9222, 83.0066, 39.4704, 0, 0, 0
6360, 0, 54.6401, 81.2242, 38.0196, 0, 0, 0
6361, 0, 50.3715, 79.4356, 36.3796, 4.80003e-07, 2.40001e+11, 6.59714e+09
6362, 0, 46.1163, 77.641, 34.5456, 8.26005e-06, 4.13002e+12, 1.19553e+11
6363, 0, 41.8749, 75.8407, 32.5117, 2.72602e-05, 1.36301e+13, 4.19236e+11
6364, 0, 37.6473, 74.0351, 30.2715, 6.13604e-05, 3.06802e+13, 1.0135e+12
6365, 0, 33.4336, 72.2244, 27.8216, 0.000110341, 5.51703e+13, 1.983e+12
6366, 0, 29.234, 70.4089, 25.1591, 0.000175671, 8.78355e+13, 3.49121e+12
6367, 0, 156.136, 120.724, 35.0016, 0, 0, 0
6368, 0, 151.52, 119.15, 35.5572, 0, 0, 0
6369, 0, 146.913, 117.566, 36.0825, 0, 0, 0
6370, 0, 142.314, 115.971, 36.6132, 0, 0, 0
6371, 0, 137.723, 114.365, 37.1492, 0, 0, 0
6372, 0, 133.141, 112.75, 37.6599, 0, 0, 0
6373, 0, 128.568, 111.126, 38.1511, 0, 0, 0
6374, 0, 124.004, 109.492, 38.5681, 0, 0, 0
6375, 0, 119.449, 107.848, 38.9363, 0, 0, 0
6376, 0, 114.904, 106.196, 39.2503, 0, 0, 0
6377, 0, 110.368, 104.534, 39.4736, 0, 0, 0
6378, 0, 105.843, 102.863, 39.621, 0, 0, 0
6379, 0, 101.327, 101.185, 39.6984, 0, 0, 0
6380, 0, 96.8217, 99.4976, 39.6751, 0, 0, 0
6381, 0, 92.3268, 97.8026, 39.5432, 0, 0, 0
6382, 0, 87.8424, 96.0998, 39.2947, 0, 0, 0
6383, 0, 83.3689, 94.3894, 38.9263, 0, 0, 0
6384, 0, 78.9063, 92.6717, 38.4269, 0, 0, 0
6385, 0, 74.4548, 90.947, 37.7936, 0, 0, 0
6386, 0, 70.0145, 89.2154, 37.0156, 0, 0, 0
6387, 0, 65.5856, 87.4772, 36.0894, 0, 0, 0
6388, 0, 61.1682, 85.7326, 35.0042, 0, 0, 0
6389, 0, 56.7625, 83.9821, 33.7581, 0, 0, 0
6390, 0, 52.3687, 82.2256, 32.3439, 0, 0, 0
6391, 0, 47.9867, 80.4636, 30.756, 3.30002e-07, 1.65001e+11, 5.36485e+09
6392, 0, 43.6168, 78.6962, 28.9882, 6.21004e-06, 3.10502e+12, 1.07113e+11
6393, 0, 39.2591, 76.9239, 27.0363, 2.44901e-05, 1.22451e+13, 4.52912e+11
6394, 0, 34.9136, 75.1468, 24.8975, 5.55003e-05, 2.77502e+13, 1.11458e+12
6395, 0, 30.5805, 73.3652, 22.5643, 9.77906e-05, 4.88953e+13, 2.16693e+12
6396, 0, 26.2598, 71.5794, 20.0353, 0.000155281, 7.76405e+13, 3.87518e+12
6397, 0, 156.098, 121.308, 33.1438, 0, 0, 0
6398, 0, 151.407, 119.737, 33.5781, 0, 0, 0
6399, 0, 146.723, 118.156, 34.0721, 0, 0, 0
6400, 0, 142.046, 116.566, 34.555, 0, 0, 0
6401, 0, 137.376, 114.967, 35.0115, 0, 0, 0
6402, 0, 132.715, 113.359, 35.4477, 0, 0, 0
6403, 0, 128.06, 111.743, 35.84, 0, 0, 0
6404, 0, 123.414, 110.118, 36.2086, 0, 0, 0
6405, 0, 118.777, 108.485, 36.4937, 0, 0, 0
6406, 0, 114.148, 106.844, 36.7199, 0, 0, 0
6407, 0, 109.527, 105.195, 36.9012, 0, 0, 0
6408, 0, 104.915, 103.539, 36.9954, 0, 0, 0
6409, 0, 100.312, 101.875, 37.0018, 0, 0, 0
6410, 0, 95.7182, 100.203, 36.8972, 0, 0, 0
6411, 0, 91.1336, 98.5246, 36.7044, 0, 0, 0
6412, 0, 86.5584, 96.8391, 36.396, 0, 0, 0
6413, 0, 81.9927, 95.1469, 35.9715, 0, 0, 0
6414, 0, 77.4367, 93.4483, 35.4212, 0, 0, 0
6415, 0, 72.8905, 91.7434, 34.7415, 0, 0, 0
6416, 0, 68.3543, 90.0325, 33.9211, 0, 0, 0
6417, 0, 63.8282, 88.3157, 32.957, 0, 0, 0
6418, 0, 59.3123, 86.5932, 31.8413, 0, 0, 0
6419, 0, 54.8067, 84.8654, 30.5691, 0, 0, 0
6420, 0, 50.3116, 83.1324, 29.1362, 3.00002e-08, 1.50001e+10, 5.14827e+08
6421, 0, 45.8271, 81.3945, 27.5335, 2.70002e-07, 1.35001e+11, 4.90314e+09
6422, 0, 41.3532, 79.6519, 25.7599, 2.88002e-06, 1.44001e+12, 5.59011e+10
6423, 0, 36.8901, 77.9049, 23.8078, 1.92901e-05, 9.64506e+12, 4.05123e+11
6424, 0, 32.4379, 76.1535, 21.6739, 4.72603e-05, 2.36301e+13, 1.09026e+12
6425, 0, 27.9967, 74.3982, 19.3526, 8.86705e-05, 4.43353e+13, 2.29092e+12
6426, 0, 23.5664, 72.6392, 16.8412, 0.000141851, 7.09254e+13, 4.21141e+12
6427, 0, 156.062, 121.871, 33.5091, 0, 0, 0
6428, 0, 151.297, 120.302, 33.9908, 0, 0, 0
6429, 0, 146.539, 118.724, 34.4361, 0, 0, 0
6430, 0, 141.787, 117.139, 34.877, 0, 0, 0
6431, 0, 137.042, 115.547, 35.3076, 0, 0, 0
6432, 0, 132.303, 113.946, 35.6856, 0, 0, 0
6433, 0, 127.571, 112.338, 36.0349, 0, 0, 0
6434, 0, 122.846, 110.722, 36.337, 0, 0, 0
6435, 0, 118.129, 109.1, 36.6028, 0, 0, 0
6436, 0, 113.419, 107.47, 36.7852, 0, 0, 0
6437, 0, 108.716, 105.833, 36.9026, 0, 0, 0
6438, 0, 104.021, 104.19, 36.9443, 0, 0, 0
6439, 0, 99.3339, 102.54, 36.8847, 0, 0, 0
6440, 0, 94.6548, 100.883, 36.723, 0, 0, 0
6441, 0, 89.9837, 99.2205, 36.447, 0, 0, 0
6442, 0, 85.3209, 97.5516, 36.0588, 0, 0, 0
6443, 0, 80.6664, 95.877, 35.5581, 0, 0, 0
6444, 0, 76.0204, 94.1967, 34.9282, 0, 0, 0
6445, 0, 71.383, 92.511, 34.1618, 0, 0, 0
6446, 0, 66.7544, 90.8199, 33.2524, 0, 0, 0
6447, 0, 62.1346, 89.1237, 32.1959, 0, 0, 0
6448, 0, 57.5237, 87.4225, 30.9832, 0, 0, 0
6449, 0, 52.9219, 85.7167, 29.6083, 0, 0, 0
6450, 0, 48.3292, 84.0063, 28.0673, 1.20001e-07, 6.00004e+10, 2.13773e+09
6451, 0, 43.7459, 82.2917, 26.3527, 3.40002e-07, 1.70001e+11, 6.45098e+09
6452, 0, 39.1718, 80.5729, 24.4591, 8.90005e-07, 4.45003e+11, 1.81938e+10
6453, 0, 34.6072, 78.8502, 22.383, 1.33001e-05, 6.65004e+12, 2.97102e+11
6454, 0, 30.0521, 77.1237, 20.1203, 4.09502e-05, 2.04751e+13, 1.01764e+12
6455, 0, 25.5066, 75.3938, 17.6652, 8.24605e-05, 4.12302e+13, 2.33398e+12
6456, 0, 20.9707, 73.6606, 15.0132, 0.000135141, 6.75704e+13, 4.50073e+12
6457, 0, 156.026, 122.432, 34.0095, 0, 0, 0
6458, 0, 151.188, 120.866, 34.4287, 0, 0, 0
6459, 0, 146.356, 119.293, 34.8497, 0, 0, 0
6460, 0, 141.529, 117.712, 35.2436, 0, 0, 0
6461, 0, 136.708, 116.125, 35.6394, 0, 0, 0
6462, 0, 131.892, 114.532, 35.9851, 0, 0, 0
6463, 0, 127.083, 112.932, 36.2936, 0, 0, 0
6464, 0, 122.279, 111.325, 36.5566, 0, 0, 0
6465, 0, 117.482, 109.713, 36.7608, 0, 0, 0
6466, 0, 112.691, 108.094, 36.9044, 0, 0, 0
6467, 0, 107.906, 106.47, 36.9511, 0, 0, 0
6468, 0, 103.128, 104.839, 36.9008, 0, 0, 0
6469, 0, 98.3572, 103.203, 36.7801, 0, 0, 0
6470, 0, 93.5931, 101.562, 36.5558, 0, 0, 0
6471, 0, 88.8357, 99.9152, 36.2404, 0, 0, 0
6472, 0, 84.0854, 98.263, 35.7918, 0, 0, 0
6473, 0, 79.3423, 96.6059, 35.2136, 0, 0, 0
6474, 0, 74.6064, 94.944, 34.4997, 0, 0, 0
6475, 0, 69.8779, 93.2773, 33.6472, 0, 0, 0
6476, 0, 65.157, 91.606, 32.6477, 0, 0, 0
6477, 0, 60.4436, 89.9304, 31.4949, 0, 0, 0
6478, 0, 55.7379, 88.2505, 30.1815, 0, 0, 0
6479, 0, 51.04, 86.5667, 28.7013, 3.00002e-08, 1.50001e+10, 5.22627e+08
6480, 0, 46.35, 84.8789, 27.0489, 2.00001e-07, 1.00001e+11, 3.69704e+09
6481, 0, 41.6679, 83.1874, 25.2182, 4.70003e-07, 2.35001e+11, 9.31873e+09
6482, 0, 36.9938, 81.4924, 23.2047, 8.10005e-07, 4.05002e+11, 1.74535e+10
6483, 0, 32.3279, 79.794, 21.0006, 5.33003e-06, 2.66502e+12, 1.26902e+11
6484, 0, 27.67, 78.0924, 18.6026, 3.08502e-05, 1.54251e+13, 8.2919e+11
6485, 0, 23.0205, 76.3878, 16.0062, 7.07204e-05, 3.53602e+13, 2.20915e+12
6486, 0, 18.3792, 74.6805, 13.2083, 0.000123631, 6.18154e+13, 4.68004e+12
6487, 0, 155.989, 122.994, 34.5323, 0, 0, 0
6488, 0, 151.078, 121.43, 34.9169, 0, 0, 0
6489, 0, 146.172, 119.861, 35.2923, 0, 0, 0
6490, 0, 141.271, 118.285, 35.6785, 0, 0, 0
6491, 0, 136.373, 116.704, 36.0265, 0, 0, 0
6492, 0, 131.481, 115.117, 36.327, 0, 0, 0
6493, 0, 126.594, 113.526, 36.6194, 0, 0, 0
6494, 0, 121.712, 111.929, 36.8299, 0, 0, 0
6495, 0, 116.835, 110.326, 36.9789, 0, 0, 0
6496, 0, 111.963, 108.719, 37.0351, 0, 0, 0
6497, 0, 107.097, 107.107, 37.0575, 0, 0, 0
6498, 0, 102.236, 105.489, 36.9853, 0, 0, 0
6499, 0, 97.3809, 103.867, 36.7941, 0, 0, 0
6500, 0, 92.5315, 102.241, 36.5011, 0, 0, 0
6501, 0, 87.6878, 100.61, 36.0792, 0, 0, 0
6502, 0, 82.85, 98.9742, 35.5372, 0, 0, 0
6503, 0, 78.0182, 97.3347, 34.8877, 0, 0, 0
6504, 0, 73.1925, 95.6911, 34.0957, 0, 0, 0
6505, 0, 68.373, 94.0435, 33.1545, 0, 0, 0
6506, 0, 63.5597, 92.3921, 32.0624, 0, 0, 0
6507, 0, 58.7528, 90.7371, 30.8125, 0, 0, 0
6508, 0, 53.9523, 89.0785, 29.3957, 0, 0, 0
6509, 0, 49.1583, 87.4165, 27.8074, 4.00002e-08, 2.00001e+10, 7.19237e+08
6510, 0, 44.3709, 85.7514, 26.0429, 2.20001e-07, 1.10001e+11, 4.22382e+09
6511, 0, 39.5901, 84.0831, 24.0934, 4.90003e-07, 2.45001e+11, 1.01688e+10
6512, 0, 34.816, 82.4118, 21.9545, 8.70005e-07, 4.35003e+11, 1.98139e+10
6513, 0, 30.0487, 80.7377, 19.6202, 1.39001e-06, 6.95004e+11, 3.54229e+10
6514, 0, 25.2883, 79.061, 17.0864, 1.76701e-05, 8.83505e+12, 5.17081e+11
6515, 0, 20.5346, 77.3817, 14.3474, 5.70003e-05, 2.85002e+13, 1.98643e+12
6516, 0, 15.7879, 75.7002, 11.3987, 0.000109691, 5.48453e+13, 4.81154e+12
6517, 0, 155.953, 123.556, 35.0134, 0, 0, 0
6518, 0, 150.969, 121.995, 35.3705, 0, 0, 0
6519, 0, 145.989, 120.429, 35.7552, 0, 0, 0
6520, 0, 141.012, 118.858, 36.1011, 0, 0, 0
6521, 0, 136.039, 117.283, 36.4228, 0, 0, 0
6522, 0, 131.07, 115.704, 36.6882, 0, 0, 0
6523, 0, 126.106, 114.12, 36.9045, 0, 0, 0
6524, 0, 121.145, 112.533, 37.094, 0, 0, 0
6525, 0, 116.187, 110.94, 37.2161, 0, 0, 0
6526, 0, 111.235, 109.344, 37.2324, 0, 0, 0
6527, 0, 106.287, 107.744, 37.1479, 0, 0, 0
6528, 0, 101.343, 106.139, 36.995, 0, 0, 0
6529, 0, 96.4036, 104.532, 36.76, 0, 0, 0
6530, 0, 91.4689, 102.92, 36.4037, 0, 0, 0
6531, 0, 86.5388, 101.305, 35.934, 0, 0, 0
6532, 0, 81.6135, 99.686, 35.3325, 0, 0, 0
6533, 0, 76.693, 98.0642, 34.5936, 0, 0, 0
6534, 0, 71.7774, 96.4389, 33.7135, 0, 0, 0
6535, 0, 66.8667, 94.8104, 32.6842, 0, 0, 0
6536, 0, 61.9611, 93.1789, 31.4973, 0, 0, 0
6537, 0, 57.0606, 91.5445, 30.147, 0, 0, 0
6538, 0, 52.1652, 89.9072, 28.6275, 0, 0, 0
6539, 0, 47.275, 88.2672, 26.9307, 9.00005e-08, 4.50003e+10, 1.67097e+09
6540, 0, 42.3901, 86.6246, 25.0486, 3.20002e-07, 1.60001e+11, 6.38761e+09
6541, 0, 37.5106, 84.9795, 22.9777, 6.20004e-07, 3.10002e+11, 1.34914e+10
6542, 0, 32.6363, 83.332, 20.7113, 1.05001e-06, 5.25003e+11, 2.53487e+10
6543, 0, 27.7676, 81.6822, 18.2431, 1.39001e-06, 6.95004e+11, 3.80969e+10
6544, 0, 22.9044, 80.0304, 15.5691, 5.99004e-06, 2.99502e+12, 1.9237e+11
6545, 0, 18.0466, 78.3766, 12.6829, 4.05102e-05, 2.02551e+13, 1.59704e+12
6546, 0, 13.1944, 76.7208, 9.58004, 9.11605e-05, 4.55803e+13, 4.75784e+12
6547, 0, 155.917, 124.117, 35.4509, 0, 0, 0
6548, 0, 150.86, 122.559, 35.8115, 0, 0, 0
6549, 0, 145.805, 120.997, 36.1485, 0, 0, 0
6550, 0, 140.754, 119.431, 36.435, 0, 0, 0
6551, 0, 135.705, 117.862, 36.7188, 0, 0, 0
6552, 0, 130.659, 116.29, 36.9622, 0, 0, 0
6553, 0, 125.617, 114.715, 37.1477, 0, 0, 0
6554, 0, 120.577, 113.136, 37.2346, 0, 0, 0
6555, 0, 115.54, 111.554, 37.2802, 0, 0, 0
6556, 0, 110.507, 109.969, 37.2723, 0, 0, 0
6557, 0, 105.477, 108.38, 37.1756, 0, 0, 0
6558, 0, 100.45, 106.789, 36.961, 0, 0, 0
6559, 0, 95.4267, 105.196, 36.6197, 0, 0, 0
6560, 0, 90.4068, 103.599, 36.1973, 0, 0, 0
6561, 0, 85.3904, 102, 35.6716, 0, 0, 0
6562, 0, 80.3775, 100.398, 34.9947, 0, 0, 0
6563, 0, 75.3683, 98.7933, 34.1655, 0, 0, 0
6564, 0, 70.3628, 97.1864, 33.2032, 0, 0, 0
6565, 0, 65.3611, 95.577, 32.088, 0, 0, 0
6566, 0, 60.3631, 93.9654, 30.8119, 0, 0, 0
6567, 0, 55.369, 92.3515, 29.367, 0, 0, 0
6568, 0, 50.3787, 90.7355, 27.7454, 2.00001e-08, 1.00001e+10, 3.60423e+08
6569, 0, 45.3924, 89.1175, 25.9432, 9.00005e-08, 4.50003e+10, 1.73457e+09
6570, 0, 40.4101, 87.4974, 23.9523, 4.10002e-07, 2.05001e+11, 8.55873e+09
6571, 0, 35.4318, 85.8755, 21.7677, 6.90004e-07, 3.45002e+11, 1.58492e+10
6572, 0, 30.4575, 84.2518, 19.3814, 1.11001e-06, 5.55003e+11, 2.86359e+10
6573, 0, 25.4874, 82.6265, 16.7886, 1.51001e-06, 7.55005e+11, 4.49712e+10
6574, 0, 20.5214, 80.9995, 13.9828, 1.92001e-06, 9.60006e+11, 6.86564e+10
6575, 0, 15.5595, 79.371, 10.9588, 1.86001e-05, 9.30006e+12, 8.48637e+11
6576, 0, 10.6019, 77.741, 7.71279, 6.70404e-05, 3.35202e+13, 4.34605e+12
6577, 0, 155.88, 124.679, 36.0689, 0, 0, 0
6578, 0, 150.75, 123.123, 36.3423, 0, 0, 0
6579, 0, 145.622, 121.565, 36.621, 0, 0, 0
6580, 0, 140.496, 120.004, 36.8959, 0, 0, 0
6581, 0, 135.371, 118.441, 37.1255, 0, 0, 0
6582, 0, 130.248, 116.876, 37.314, 0, 0, 0
6583, 0, 125.128, 115.309, 37.454, 0, 0, 0
6584, 0, 120.009, 113.739, 37.5444, 0, 0, 0
6585, 0, 114.893, 112.167, 37.5359, 0, 0, 0
6586, 0, 109.779, 110.593, 37.4406, 0, 0, 0
6587, 0, 104.667, 109.017, 37.2837, 0, 0, 0
6588, 0, 99.5573, 107.44, 37.0323, 0, 0, 0
6589, 0, 94.4499, 105.86, 36.6562, 0, 0, 0
6590, 0, 89.3449, 104.278, 36.14, 0, 0, 0
6591, 0, 84.2421, 102.694, 35.5039, 0, 0, 0
6592, 0, 79.1418, 101.109, 34.7613, 0, 0, 0
6593, 0, 74.044, 99.5225, 33.874, 0, 0, 0
6594, 0, 68.9486, 97.9337, 32.8178, 0, 0, 0
6595, 0, 63.8558, 96.3435, 31.61, 0, 0, 0
6596, 0, 58.7655, 94.7517, 30.236, 0, 0, 0
6597, 0, 53.6778, 93.1584, 28.6915, 0, 0, 0
6598, 0, 48.5927, 91.5636, 26.9638, 3.00002e-08, 1.50001e+10, 5.56304e+08
6599, 0, 43.5103, 89.9675, 25.05, 1.90001e-07, 9.50006e+10, 3.79245e+09
6600, 0, 38.4305, 88.3701, 22.9412, 5.00003e-07, 2.50002e+11, 1.08975e+10
6601, 0, 33.3535, 86.7714, 20.6319, 7.30004e-07, 3.65002e+11, 1.76912e+10
6602, 0, 28.2792, 85.1715, 18.1153, 1.18001e-06, 5.90004e+11, 3.25694e+10
6603, 0, 23.2077, 83.5705, 15.3858, 1.51001e-06, 7.55005e+11, 4.90715e+10
6604, 0, 18.1389, 81.9683, 12.4374, 1.96001e-06, 9.80006e+11, 7.87953e+10
6605, 0, 13.073, 80.3651, 9.26365, 4.71003e-06, 2.35501e+12, 2.54221e+11
6606, 0, 8.00991, 78.761, 5.86013, 4.17203e-05, 2.08601e+13, 3.55967e+12
6607, 0, 155.845, 125.232, 35.2499, 0, 0, 0
6608, 0, 150.642, 123.679, 35.545, 0, 0, 0
6609, 0, 145.441, 122.125, 35.8292, 0, 0, 0
6610, 0, 140.241, 120.569, 36.0842, 0, 0, 0
6611, 0, 135.042, 119.011, 36.2515, 0, 0, 0
6612, 0, 129.844, 117.453, 36.3756, 0, 0, 0
6613, 0, 124.647, 115.893, 36.4809, 0, 0, 0
6614, 0, 119.451, 114.333, 36.4935, 0, 0, 0
6615, 0, 114.256, 112.771, 36.4561, 0, 0, 0
6616, 0, 109.063, 111.208, 36.3521, 0, 0, 0
6617, 0, 103.87, 109.644, 36.1203, 0, 0, 0
6618, 0, 98.6786, 108.079, 35.7892, 0, 0, 0
6619, 0, 93.4883, 106.513, 35.3814, 0, 0, 0
6620, 0, 88.2994, 104.946, 34.833, 0, 0, 0
6621, 0, 83.1117, 103.379, 34.1643, 0, 0, 0
6622, 0, 77.9253, 101.81, 33.355, 0, 0, 0
6623, 0, 72.7401, 100.24, 32.405, 0, 0, 0
6624, 0, 67.5563, 98.6695, 31.3075, 0, 0, 0
6625, 0, 62.3738, 97.098, 30.0545, 0, 0, 0
6626, 0, 57.1926, 95.5258, 28.6371, 0, 0, 0
6627, 0, 52.0128, 93.9528, 27.0481, 0, 0, 0
6628, 0, 46.8344, 92.379, 25.2779, 4.00002e-08, 2.00001e+10, 7.91209e+08
6629, 0, 41.6573, 90.8045, 23.3227, 2.10001e-07, 1.05001e+11, 4.50207e+09
6630, 0, 36.4817, 89.2292, 21.1737, 3.50002e-07, 1.75001e+11, 8.26502e+09
6631, 0, 31.3074, 87.6533, 18.8251, 6.60004e-07, 3.30002e+11, 1.75298e+10
6632, 0, 26.1347, 86.0768, 16.2706, 9.30006e-07, 4.65003e+11, 2.85793e+10
6633, 0, 20.9633, 84.4997, 13.504, 1.51001e-06, 7.55005e+11, 5.59096e+10
6634, 0, 15.7935, 82.9221, 10.5199, 1.85001e-06, 9.25006e+11, 8.79292e+10
6635, 0, 10.6251, 81.3438, 7.3123, 2.43001e-06, 1.21501e+12, 1.66159e+11
6636, 0, 5.45818, 79.7651, 3.87564, 1.44301e-05, 7.21504e+12, 1.86164e+12
6637, 0, 155.816, 125.673, 22.2417, 0, 0, 0
6638, 0, 150.557, 124.122, 22.3876, 0, 0, 0
6639, 0, 145.297, 122.571, 22.486, 0, 0, 0
6640, 0, 140.038, 121.019, 22.6096, 0, 0, 0
6641, 0, 134.78, 119.466, 22.7411, 0, 0, 0
6642, 0, 129.522, 117.913, 22.8011, 0, 0, 0
6643, 0, 124.263, 116.36, 22.8382, 0, 0, 0
6644, 0, 119.005, 114.807, 22.8576, 0, 0, 0
6645, 0, 113.748, 113.253, 22.793, 0, 0, 0
6646, 0, 108.491, 111.699, 22.6775, 0, 0, 0
6647, 0, 103.234, 110.144, 22.526, 0, 0, 0
6648, 0, 97.9773, 108.59, 22.275, 0, 0, 0
6649, 0, 92.7211, 107.035, 21.9797, 0, 0, 0
6650, 0, 87.4653, 105.48, 21.6264, 0, 0, 0
6651, 0, 82.2098, 103.924, 21.1545, 0, 0, 0
6652, 0, 76.9546, 102.369, 20.6144, 0, 0, 0
6653, 0, 71.6998, 100.813, 20.0002, 0, 0, 0
6654, 0, 66.4454, 99.2565, 19.2785, 0, 0, 0
6655, 0, 61.1913, 97.7001, 18.4584, 0, 0, 0
6656, 0, 55.9376, 96.1434, 17.5292, 0, 0, 0
6657, 0, 50.6843, 94.5866, 16.4917, 0, 0, 0
6658, 0, 45.4314, 93.0295, 15.3398, 4.00002e-08, 2.00001e+10, 1.30381e+09
6659, 0, 40.1789, 91.4722, 14.07, 1.70001e-07, 8.50005e+10, 6.04127e+09
6660, 0, 34.9267, 89.9148, 12.678, 3.50002e-07, 1.75001e+11, 1.38035e+10
6661, 0, 29.6749, 88.3571, 11.1576, 3.60002e-07, 1.80001e+11, 1.61326e+10
6662, 0, 24.4236, 86.7992, 9.50669, 6.00004e-07, 3.00002e+11, 3.15569e+10
6663, 0, 19.1726, 85.2412, 7.72112, 9.20006e-07, 4.60003e+11, 5.95772e+10
6664, 0, 13.9221, 83.6831, 5.79628, 1.13001e-06, 5.65003e+11, 9.74769e+10
6665, 0, 8.67189, 82.1248, 3.72925, 1.47001e-06, 7.35004e+11, 1.97092e+11
6666, 0, 7.98171, 61.5646, 7.16318, 0.000918486, 4.59243e+14, 6.41115e+13
6667, 0, 7.94665, 57.1743, 7.09891, 0.00831963, 4.15981e+15, 5.85979e+14
6668, 0, 7.91414, 52.7834, 7.03944, 0.00755409, 3.77704e+15, 5.36555e+14
6669, 0, 7.8842, 48.392, 6.98496, 0.00570736, 2.85368e+15, 4.08547e+14
6670, 0, 7.85683, 44.0001, 6.93539, 0.00387522, 1.93761e+15, 2.7938e+14
6671, 0, 7.83205, 39.6077, 6.89049, 0.00234418, 1.17209e+15, 1.70103e+14
6672, 0, 7.80986, 35.215, 6.85063, 0.00204068, 1.02034e+15, 1.48941e+14
6673, 0, 7.79026, 30.8219, 6.81528, 0.0018762, 9.38101e+14, 1.37647e+14
6674, 0, 7.77327, 26.4286, 6.78491, 0.0017077, 8.5385e+14, 1.25845e+14
6675, 0, 7.75888, 22.0349, 6.7591, 0.00154588, 7.7294e+14, 1.14355e+14
6676, 0, 7.7471, 17.641, 6.73813, 0.00142211, 7.11054e+14, 1.05527e+14
6677, 0, 7.73794, 13.247, 6.7217, 0.00134001, 6.70004e+14, 9.96778e+13
6678, 0, 7.73139, 8.85283, 6.71008, 0.00125677, 6.28384e+14, 9.36478e+13
6679, 0, 7.72746, 4.45856, 6.70307, 0.00117466, 5.87329e+14, 8.76208e+13
6680, 0, 7.72615, 0.06425, 6.70073, 0.00111745, 5.58723e+14, 8.33825e+13
6681, 0, 7.72746, -4.33006, 6.70307, 0.00117254, 5.86269e+14, 8.74627e+13
6682, 0, 7.73139, -8.72433, 6.71008, 0.00125631, 6.28154e+14, 9.36135e+13
6683, 0, 7.73794, -13.1185, 6.72169, 0.00133984, 6.69919e+14, 9.96652e+13
6684, 0, 7.7471, -17.5125, 6.73813, 0.00142376, 7.11879e+14, 1.05649e+14
6685, 0, 7.75888, -21.9064, 6.7591, 0.00153422, 7.6711e+14, 1.13493e+14
6686, 0, 7.77327, -26.3001, 6.78491, 0.00170177, 8.50885e+14, 1.25408e+14
6687, 0, 7.79026, -30.6934, 6.81529, 0.00186702, 9.33511e+14, 1.36973e+14
6688, 0, 7.80986, -35.0865, 6.85063, 0.00203337, 1.01669e+15, 1.48408e+14
6689, 0, 7.83205, -39.4793, 6.89049, 0.00232664, 1.16332e+15, 1.6883e+14
6690, 0, 7.85683, -43.8716, 6.93539, 0.00384205, 1.92103e+15, 2.76989e+14
6691, 0, 7.8842, -48.2635, 6.98496, 0.00566492, 2.83246e+15, 4.05509e+14
6692, 0, 7.91414, -52.6549, 7.03943, 0.00749769, 3.74885e+15, 5.3255e+14
6693, 0, 7.94665, -57.0458, 7.09892, 0.00845191, 4.22596e+15, 5.95296e+14
6694, 0, 7.98171, -61.4361, 7.16318, 0.00102181, 5.10903e+14, 7.13235e+13
6695, 0, 8.01933, -65.8258, 7.23249, 0.000534823, 2.67412e+14, 3.69736e+13
6696, 0, 8.05948, -70.2148, 7.30699, 0.000371602, 1.85801e+14, 2.54279e+13
6697, 0, 8.10215, -74.6032, 7.38631, 0.000208251, 1.04126e+14, 1.40971e+13
6698, 0, 5.46427, 75.7345, 5.0517, 0.000178031, 8.90155e+13, 1.76209e+13
6699, 0, 5.43549, 71.2859, 4.99784, 0.000359262, 1.79631e+14, 3.59417e+13
6700, 0, 5.40841, 66.8369, 4.94735, 0.000534683, 2.67342e+14, 5.40373e+13
6701, 0, 5.38305, 62.3874, 4.90026, 0.000713014, 3.56507e+14, 7.27527e+13
6702, 0, 5.3594, 57.9374, 4.85665, 0.00768956, 3.84478e+15, 7.91653e+14
6703, 0, 5.33747, 53.4871, 4.81632, 0.00844942, 4.22471e+15, 8.77166e+14
6704, 0, 5.31728, 49.0364, 4.77928, 0.00641631, 3.20815e+15, 6.71263e+14
6705, 0, 5.29882, 44.5855, 4.74564, 0.00443887, 2.21943e+15, 4.67679e+14
6706, 0, 5.28211, 40.1342, 4.7152, 0.00264921, 1.3246e+15, 2.80922e+14
6707, 0, 5.26714, 35.6826, 4.68811, 0.00220901, 1.10451e+15, 2.35598e+14
6708, 0, 5.25392, 31.2309, 4.66412, 0.00202791, 1.01396e+15, 2.17395e+14
6709, 0, 5.24246, 26.7789, 4.64351, 0.00185439, 9.27196e+14, 1.99676e+14
6710, 0, 5.23276, 22.3267, 4.62602, 0.00167366, 8.3683e+14, 1.80896e+14
6711, 0, 5.22482, 17.8744, 4.61176, 0.00153553, 7.67765e+14, 1.6648e+14
6712, 0, 5.21864, 13.422, 4.60062, 0.00144295, 7.21474e+14, 1.56821e+14
6713, 0, 5.21422, 8.96946, 4.59276, 0.0013587, 6.79349e+14, 1.47917e+14
6714, 0, 5.21157, 4.51686, 4.58799, 0.00127251, 6.36254e+14, 1.38678e+14
6715, 0, 5.21068, 0.06425, 4.58641, 0.00119739, 5.98694e+14, 1.30536e+14
6716, 0, 5.21157, -4.38836, 4.58799, 0.00127187, 6.35934e+14, 1.38608e+14
6717, 0, 5.21422, -8.84096, 4.59276, 0.00135415, 6.77074e+14, 1.47422e+14
6718, 0, 5.21864, -13.2935, 4.60062, 0.00144508, 7.22539e+14, 1.57053e+14
6719, 0, 5.22482, -17.7459, 4.61176, 0.00153344, 7.6672e+14, 1.66253e+14
6720, 0, 5.23276, -22.1982, 4.62602, 0.00166654, 8.3327e+14, 1.80127e+14
6721, 0, 5.24246, -26.6504, 4.64351, 0.00183761, 9.18806e+14, 1.97869e+14
6722, 0, 5.25392, -31.1024, 4.66412, 0.00202489, 1.01245e+15, 2.17071e+14
6723, 0, 5.26714, -35.5542, 4.6881, 0.00221799, 1.109e+15, 2.36555e+14
6724, 0, 5.28211, -40.0057, 4.7152, 0.00261963, 1.30981e+15, 2.77785e+14
6725, 0, 5.29882, -44.457, 4.74564, 0.00438265, 2.19132e+15, 4.61755e+14
6726, 0, 5.31728, -48.908, 4.77928, 0.00637066, 3.18533e+15, 6.66487e+14
6727, 0, 5.33747, -53.3586, 4.81631, 0.00837076, 4.18538e+15, 8.69001e+14
6728, 0, 5.3594, -57.8089, 4.85665, 0.00792859, 3.96429e+15, 8.16261e+14
6729, 0, 5.38305, -62.2589, 4.90026, 0.000731214, 3.65607e+14, 7.46098e+13
6730, 0, 5.40841, -66.7084, 4.94735, 0.000541033, 2.70517e+14, 5.46791e+13
6731, 0, 5.43549, -71.1574, 4.99784, 0.000362392, 1.81196e+14, 3.62549e+13
6732, 0, 5.46427, -75.606, 5.0517, 0.000182241, 9.11205e+13, 1.80376e+13
6733, 0, 2.86732, 76.7218, 2.59407, 0.000141451, 7.07254e+13, 2.72642e+13
6734, 0, 2.85222, 72.2139, 2.56661, 0.000331492, 1.65746e+14, 6.45778e+13
6735, 0, 2.83801, 67.7057, 2.54087, 0.000521343, 2.60672e+14, 1.02592e+14
6736, 0, 2.82471, 63.1974, 2.51688, 0.000701014, 3.50507e+14, 1.39263e+14
6737, 0, 2.8123, 58.6887, 2.49461, 0.00641158, 3.20579e+15, 1.28509e+15
6738, 0, 2.80079, 54.1799, 2.47406, 0.00905964, 4.52982e+15, 1.83092e+15
6739, 0, 2.79019, 49.671, 2.45519, 0.00695052, 3.47526e+15, 1.41548e+15
6740, 0, 2.78051, 45.1618, 2.43804, 0.00485656, 2.42828e+15, 9.95995e+14
6741, 0, 2.77174, 40.6525, 2.42254, 0.00288894, 1.44447e+15, 5.96261e+14
6742, 0, 2.76389, 36.143, 2.40871, 0.00230793, 1.15397e+15, 4.7908e+14
6743, 0, 2.75695, 31.6335, 2.39649, 0.00211611, 1.05806e+15, 4.41502e+14
6744, 0, 2.75093, 27.1238, 2.38597, 0.0019277, 9.63851e+14, 4.03965e+14
6745, 0, 2.74584, 22.614, 2.37704, 0.00174318, 8.7159e+14, 3.6667e+14
6746, 0, 2.74168, 18.1042, 2.36978, 0.00158661, 7.93305e+14, 3.34759e+14
6747, 0, 2.73843, 13.5942, 2.36412, 0.00149529, 7.47644e+14, 3.16246e+14
6748, 0, 2.73611, 9.08426, 2.36008, 0.00140659, 7.03294e+14, 2.97996e+14
6749, 0, 2.73472, 4.57426, 2.35766, 0.00132215, 6.61074e+14, 2.80394e+14
6750, 0, 2.73426, 0.06425, 2.35686, 0.00124367, 6.21834e+14, 2.6384e+14
6751, 0, 2.73472, -4.44576, 2.35766, 0.00131509, 6.57544e+14, 2.78897e+14
6752, 0, 2.73611, -8.95576, 2.36008, 0.00140193, 7.00964e+14, 2.97009e+14
6753, 0, 2.73843, -13.4657, 2.36412, 0.00149476, 7.47379e+14, 3.16134e+14
6754, 0, 2.74168, -17.9756, 2.36978, 0.00159182, 7.9591e+14, 3.35859e+14
6755, 0, 2.74584, -22.4855, 2.37704, 0.00173031, 8.65155e+14, 3.63963e+14
6756, 0, 2.75093, -26.9953, 2.38597, 0.00192322, 9.61611e+14, 4.03027e+14
6757, 0, 2.75695, -31.5049, 2.39649, 0.00211383, 1.05692e+15, 4.41027e+14
6758, 0, 2.76389, -36.0145, 2.40871, 0.00230291, 1.15146e+15, 4.78038e+14
6759, 0, 2.77174, -40.524, 2.42254, 0.00285491, 1.42745e+15, 5.89237e+14
6760, 0, 2.78051, -45.0333, 2.43804, 0.00478446, 2.39223e+15, 9.81209e+14
6761, 0, 2.79019, -49.5425, 2.45519, 0.00689566, 3.44783e+15, 1.4043e+15
6762, 0, 2.80079, -54.0515, 2.47406, 0.00897792, 4.48896e+15, 1.81441e+15
6763, 0, 2.8123, -58.5603, 2.49461, 0.00665833, 3.32916e+15, 1.33454e+15
6764, 0, 2.82471, -63.0689, 2.51688, 0.000713954, 3.56977e+14, 1.41833e+14
6765, 0, 2.83801, -67.5772, 2.54087, 0.000523203, 2.61602e+14, 1.02958e+14
6766, 0, 2.85222, -72.0854, 2.56661, 0.000334742, 1.67371e+14, 6.52108e+13
6767, 0, 2.86732, -76.5933, 2.59407, 0.000148001, 7.40004e+13, 2.85268e+13
6768, 0, 1.06032, 77.4087, 0.452227, 7.22604e-05, 3.61302e+13, 7.98939e+13
6769, 0, 1.05474, 72.8595, 0.447465, 0.000198931, 9.94656e+13, 2.22287e+14
6770, 0, 1.04948, 68.3103, 0.442992, 0.000320392, 1.60196e+14, 3.61622e+14
6771, 0, 1.04456, 63.761, 0.438843, 0.000444403, 2.22201e+14, 5.06334e+14
6772, 0, 1.03997, 59.2115, 0.434982, 0.00337173, 1.68587e+15, 3.87571e+15
6773, 0, 1.03572, 54.662, 0.431418, 0.00608848, 3.04424e+15, 7.05635e+15
6774, 0, 1.0318, 50.1125, 0.42815, 0.00470778, 2.35389e+15, 5.49781e+15
6775, 0, 1.02822, 45.5628, 0.425175, 0.00331935, 1.65967e+15, 3.90351e+15
6776, 0, 1.02498, 41.0131, 0.422489, 0.00198636, 9.93181e+14, 2.35078e+15
6777, 0, 1.02207, 36.4634, 0.42009, 0.00151448, 7.5724e+14, 1.80256e+15
6778, 0, 1.01951, 31.9136, 0.417976, 0.0014008, 7.00399e+14, 1.67569e+15
6779, 0, 1.01728, 27.3638, 0.41615, 0.00127349, 6.36744e+14, 1.53008e+15
6780, 0, 1.0154, 22.8139, 0.414604, 0.00114567, 5.72833e+14, 1.38164e+15
6781, 0, 1.01386, 18.264, 0.413346, 0.00104654, 5.23268e+14, 1.26593e+15
6782, 0, 1.01266, 13.7141, 0.412364, 0.000986096, 4.93048e+14, 1.19566e+15
6783, 0, 1.0118, 9.16414, 0.411662, 0.000923976, 4.61988e+14, 1.12225e+15
6784, 0, 1.01129, 4.6142, 0.411243, 0.000859255, 4.29628e+14, 1.04471e+15
6785, 0, 1.01111, 0.06425, 0.411102, 0.000816575, 4.08287e+14, 9.93153e+14
6786, 0, 1.01129, -4.4857, 0.411243, 0.000857875, 4.28938e+14, 1.04303e+15
6787, 0, 1.0118, -9.03564, 0.411662, 0.000915635, 4.57818e+14, 1.11212e+15
6788, 0, 1.01266, -13.5856, 0.412364, 0.000982826, 4.91413e+14, 1.1917e+15
6789, 0, 1.01386, -18.1355, 0.413346, 0.00104398, 5.21988e+14, 1.26283e+15
6790, 0, 1.0154, -22.6854, 0.414604, 0.0011421, 5.71048e+14, 1.37733e+15
6791, 0, 1.01728, -27.2353, 0.41615, 0.00126494, 6.32469e+14, 1.51981e+15
6792, 0, 1.01951, -31.7851, 0.417973, 0.00138611, 6.93054e+14, 1.65813e+15
6793, 0, 1.02207, -36.3349, 0.420093, 0.0015122, 7.561e+14, 1.79984e+15
6794, 0, 1.02498, -40.8846, 0.42249, 0.00195215, 9.76076e+14, 2.31029e+15
6795, 0, 1.02822, -45.4343, 0.425175, 0.00327942, 1.63971e+15, 3.85655e+15
6796, 0, 1.0318, -49.984, 0.42815, 0.00465452, 2.32726e+15, 5.43561e+15
6797, 0, 1.03572, -54.5335, 0.431418, 0.00606476, 3.03238e+15, 7.02886e+15
6798, 0, 1.03997, -59.083, 0.434982, 0.00354052, 1.77026e+15, 4.06973e+15
6799, 0, 1.04456, -63.6325, 0.438842, 0.000448813, 2.24406e+14, 5.1136e+14
6800, 0, 1.04948, -68.1818, 0.442992, 0.000323592, 1.61796e+14, 3.65234e+14
6801, 0, 1.05474, -72.731, 0.447465, 0.000200291, 1.00146e+14, 2.23807e+14
6802, 0, 1.06032, -77.2802, 0.452227, 7.43804e-05, 3.71902e+13, 8.22379e+13
6803, 0, 110.625, -38.2515, 35.7406, 0, 0, 0
6804, 0, 111.514, -40.8774, 34.6771, 0, 0, 0
6805, 0, 112.459, -43.484, 33.6123, 0, 0, 0
6806, 0, 113.461, -46.07, 32.5503, 0, 0, 0
6807, 0, 114.52, -48.6342, 31.4814, 0, 0, 0
6808, 0, 115.633, -51.1753, 30.4342, 0, 0, 0
6809, 0, 116.802, -53.6922, 29.3903, 0, 0, 0
6810, 0, 118.025, -56.1837, 28.3281, 0, 0, 0
6811, 0, 119.302, -58.6486, 27.283, 0, 0, 0
6812, 0, 120.633, -61.0856, 26.2447, 0, 0, 0
6813, 0, 122.016, -63.4936, 25.2233, 0, 0, 0
6814, 0, 123.452, -65.8715, 24.206, 0, 0, 0
6815, 0, 124.939, -68.2182, 23.1874, 0, 0, 0
6816, 0, 126.476, -70.5325, 22.18, 0, 0, 0
6817, 0, 128.064, -72.8133, 21.1766, 0, 0, 0
6818, 0, 129.7, -75.0596, 20.1924, 0, 0, 0
6819, 0, 131.386, -77.2702, 19.2101, 0, 0, 0
6820, 0, 133.119, -79.4441, 18.2377, 0, 0, 0
6821, 0, 134.899, -81.5803, 17.3044, 0, 0, 0
6822, 0, 136.725, -83.6778, 16.3886, 0, 0, 0
6823, 0, 138.596, -85.7356, 15.489, 0, 0, 0
6824, 0, 140.511, -87.7526, 14.6135, 0, 0, 0
6825, 0, 142.47, -89.728, 13.7505, 0, 0, 0
6826, 0, 144.472, -91.6607, 12.9258, 0, 0, 0
6827, 0, 146.515, -93.55, 12.1419, 0, 0, 0
6828, 0, 148.598, -95.3948, 11.38, 0, 0, 0
6829, 0, 150.721, -97.1942, 10.6573, 0, 0, 0
6830, 0, 152.883, -98.9475, 9.97462, 0, 0, 0
6831, 0, 155.083, -100.654, 9.32974, 0, 0, 0
6832, 0, 157.319, -102.312, 8.73756, 0, 0, 0
6833, 0, 109.12, -38.8438, 41.6127, 0, 0, 0
6834, 0, 110.07, -41.4548, 40.3943, 0, 0, 0
6835, 0, 111.076, -44.0466, 39.1782, 0, 0, 0
6836, 0, 112.137, -46.6182, 37.984, 0, 0, 0
6837, 0, 113.255, -49.1683, 36.7831, 0, 0, 0
6838, 0, 114.426, -51.6956, 35.5582, 0, 0, 0
6839, 0, 115.652, -54.1991, 34.3602, 0, 0, 0
6840, 0, 116.932, -56.6774, 33.162, 0, 0, 0
6841, 0, 118.265, -59.1295, 31.9752, 0, 0, 0
6842, 0, 119.651, -61.5541, 30.7853, 0, 0, 0
6843, 0, 121.089, -63.9502, 29.5907, 0, 0, 0
6844, 0, 122.578, -66.3166, 28.4148, 0, 0, 0
6845, 0, 124.117, -68.6522, 27.2314, 0, 0, 0
6846, 0, 125.707, -70.9558, 26.0797, 0, 0, 0
6847, 0, 127.346, -73.2264, 24.9309, 0, 0, 0
6848, 0, 129.034, -75.463, 23.7744, 0, 0, 0
6849, 0, 130.769, -77.6644, 22.6548, 0, 0, 0
6850, 0, 132.552, -79.8297, 21.5514, 0, 0, 0
6851, 0, 134.38, -81.9578, 20.4545, 0, 0, 0
6852, 0, 136.254, -84.0476, 19.375, 0, 0, 0
6853, 0, 138.173, -86.0983, 18.3215, 0, 0, 0
6854, 0, 140.135, -88.1089, 17.3063, 0, 0, 0
6855, 0, 142.141, -90.0783, 16.3262, 0, 0, 0
6856, 0, 144.188, -92.0058, 15.3644, 0, 0, 0
6857, 0, 146.276, -93.8902, 14.4331, 0, 0, 0
6858, 0, 148.404, -95.7309, 13.5525, 0, 0, 0
6859, 0, 150.571, -97.5269, 12.7019, 0, 0, 0
6860, 0, 152.777, -99.2774, 11.9057, 0, 0, 0
6861, 0, 155.019, -100.982, 11.1665, 0, 0, 0
6862, 0, 157.298, -102.638, 10.4701, 0, 0, 0
6863, 0, 107.273, -39.5707, 52.1491, 0, 0, 0
6864, 0, 108.298, -42.1633, 50.6932, 0, 0, 0
6865, 0, 109.378, -44.7371, 49.2221, 0, 0, 0
6866, 0, 110.512, -47.2909, 47.7386, 0, 0, 0
6867, 0, 111.702, -49.8236, 46.2697, 0, 0, 0
6868, 0, 112.945, -52.334, 44.795, 0, 0, 0
6869, 0, 114.242, -54.821, 43.332, 0, 0, 0
6870, 0, 115.591, -57.2832, 41.8639, 0, 0, 0
6871, 0, 116.992, -59.7197, 40.388, 0, 0, 0
6872, 0, 118.446, -62.1292, 38.9249, 0, 0, 0
6873, 0, 119.95, -64.5106, 37.4638, 0, 0, 0
6874, 0, 121.505, -66.8628, 36.0025, 0, 0, 0
6875, 0, 123.109, -69.1848, 34.549, 0, 0, 0
6876, 0, 124.763, -71.4754, 33.1012, 0, 0, 0
6877, 0, 126.465, -73.7335, 31.6771, 0, 0, 0
6878, 0, 128.216, -75.9581, 30.2673, 0, 0, 0
6879, 0, 130.013, -78.1483, 28.8577, 0, 0, 0
6880, 0, 131.855, -80.3029, 27.4719, 0, 0, 0
6881, 0, 133.744, -82.4209, 26.1109, 0, 0, 0
6882, 0, 135.677, -84.5015, 24.7794, 0, 0, 0
6883, 0, 137.655, -86.5435, 23.46, 0, 0, 0
6884, 0, 139.674, -88.546, 22.1785, 0, 0, 0
6885, 0, 141.737, -90.5082, 20.9274, 0, 0, 0
6886, 0, 143.84, -92.4291, 19.7282, 0, 0, 0
6887, 0, 145.983, -94.3078, 18.567, 0, 0, 0
6888, 0, 148.166, -96.1434, 17.4453, 0, 0, 0
6889, 0, 150.387, -97.9352, 16.4015, 0, 0, 0
6890, 0, 152.646, -99.6822, 15.3913, 0, 0, 0
6891, 0, 154.941, -101.384, 14.4435, 0, 0, 0
6892, 0, 157.272, -103.039, 13.5647, 0, 0, 0
6893, 0, 104.948, -40.4856, 64.0532, 0, 0, 0
6894, 0, 106.067, -43.055, 62.3206, 0, 0, 0
6895, 0, 107.241, -45.6061, 60.583, 0, 0, 0
6896, 0, 108.468, -48.1377, 58.8509, 0, 0, 0
6897, 0, 109.748, -50.6486, 57.1221, 0, 0, 0
6898, 0, 111.081, -53.1376, 55.3709, 0, 0, 0
6899, 0, 112.465, -55.6037, 53.6215, 0, 0, 0
6900, 0, 113.902, -58.0457, 51.857, 0, 0, 0
6901, 0, 115.39, -60.4625, 50.0966, 0, 0, 0
6902, 0, 116.928, -62.8529, 48.3307, 0, 0, 0
6903, 0, 118.517, -65.2159, 46.5806, 0, 0, 0
6904, 0, 120.154, -67.5503, 44.8402, 0, 0, 0
6905, 0, 121.841, -69.8551, 43.0812, 0, 0, 0
6906, 0, 123.575, -72.1293, 41.329, 0, 0, 0
6907, 0, 125.357, -74.3717, 39.5882, 0, 0, 0
6908, 0, 127.185, -76.5814, 37.8769, 0, 0, 0
6909, 0, 129.06, -78.7574, 36.167, 0, 0, 0
6910, 0, 130.979, -80.8985, 34.479, 0, 0, 0
6911, 0, 132.943, -83.004, 32.8193, 0, 0, 0
6912, 0, 134.951, -85.0727, 31.1939, 0, 0, 0
6913, 0, 137.002, -87.1038, 29.5852, 0, 0, 0
6914, 0, 139.094, -89.0963, 28.0169, 0, 0, 0
6915, 0, 141.228, -91.0493, 26.4946, 0, 0, 0
6916, 0, 143.402, -92.962, 25.0042, 0, 0, 0
6917, 0, 145.615, -94.8334, 23.5858, 0, 0, 0
6918, 0, 147.866, -96.6627, 22.2048, 0, 0, 0
6919, 0, 150.156, -98.4491, 20.9054, 0, 0, 0
6920, 0, 152.482, -100.192, 19.6506, 0, 0, 0
6921, 0, 154.843, -101.89, 18.4975, 0, 0, 0
6922, 0, 157.239, -103.542, 17.428, 0, 0, 0
6923, 0, 102.36, -41.504, 63.0417, 0, 0, 0
6924, 0, 103.585, -44.0476, 61.4367, 0, 0, 0
6925, 0, 104.862, -46.5734, 59.8141, 0, 0, 0
6926, 0, 106.192, -49.0802, 58.1775, 0, 0, 0
6927, 0, 107.573, -51.5668, 56.5316, 0, 0, 0
6928, 0, 109.005, -54.0321, 54.8819, 0, 0, 0
6929, 0, 110.489, -56.475, 53.2173, 0, 0, 0
6930, 0, 112.023, -58.8945, 51.5502, 0, 0, 0
6931, 0, 113.607, -61.2893, 49.8706, 0, 0, 0
6932, 0, 115.24, -63.6585, 48.1924, 0, 0, 0
6933, 0, 116.921, -66.0009, 46.5028, 0, 0, 0
6934, 0, 118.651, -68.3155, 44.8089, 0, 0, 0
6935, 0, 120.428, -70.6013, 43.1359, 0, 0, 0
6936, 0, 122.253, -72.8571, 41.4508, 0, 0, 0
6937, 0, 124.124, -75.082, 39.7586, 0, 0, 0
6938, 0, 126.039, -77.2751, 38.09, 0, 0, 0
6939, 0, 128, -79.4352, 36.4344, 0, 0, 0
6940, 0, 130.004, -81.5614, 34.7972, 0, 0, 0
6941, 0, 132.052, -83.6528, 33.1612, 0, 0, 0
6942, 0, 134.142, -85.7085, 31.5642, 0, 0, 0
6943, 0, 136.275, -87.7274, 29.9883, 0, 0, 0
6944, 0, 138.448, -89.7088, 28.441, 0, 0, 0
6945, 0, 140.661, -91.6516, 26.9509, 0, 0, 0
6946, 0, 142.914, -93.5551, 25.4827, 0, 0, 0
6947, 0, 145.204, -95.4185, 24.0816, 0, 0, 0
6948, 0, 147.533, -97.2407, 22.7278, 0, 0, 0
6949, 0, 149.898, -99.0211, 21.4372, 0, 0, 0
6950, 0, 152.298, -100.759, 20.2138, 0, 0, 0
6951, 0, 154.734, -102.453, 19.0526, 0, 0, 0
6952, 0, 157.203, -104.103, 17.9757, 0, 0, 0
6953, 0, 99.7676, -42.5241, 61.7411, 0, 0, 0
6954, 0, 101.098, -45.0419, 60.2573, 0, 0, 0
6955, 0, 102.479, -47.5423, 58.7543, 0, 0, 0
6956, 0, 103.911, -50.0243, 57.2478, 0, 0, 0
6957, 0, 105.394, -52.4866, 55.7061, 0, 0, 0
6958, 0, 106.927, -54.9281, 54.1545, 0, 0, 0
6959, 0, 108.51, -57.3479, 52.583, 0, 0, 0
6960, 0, 110.141, -59.7447, 51.0173, 0, 0, 0
6961, 0, 111.821, -62.1176, 49.4355, 0, 0, 0
6962, 0, 113.548, -64.4655, 47.8377, 0, 0, 0
6963, 0, 115.324, -66.7873, 46.2271, 0, 0, 0
6964, 0, 117.146, -69.0821, 44.6015, 0, 0, 0
6965, 0, 119.014, -71.3487, 42.9862, 0, 0, 0
6966, 0, 120.928, -73.5862, 41.3823, 0, 0, 0
6967, 0, 122.888, -75.7936, 39.7614, 0, 0, 0
6968, 0, 124.891, -77.97, 38.1503, 0, 0, 0
6969, 0, 126.937, -80.1143, 36.5348, 0, 0, 0
6970, 0, 129.027, -82.2255, 34.9406, 0, 0, 0
6971, 0, 131.159, -84.3029, 33.3569, 0, 0, 0
6972, 0, 133.332, -86.3454, 31.8114, 0, 0, 0
6973, 0, 135.547, -88.3521, 30.2877, 0, 0, 0
6974, 0, 137.801, -90.3223, 28.7758, 0, 0, 0
6975, 0, 140.094, -92.255, 27.3034, 0, 0, 0
6976, 0, 142.425, -94.1493, 25.8765, 0, 0, 0
6977, 0, 144.793, -96.0045, 24.4884, 0, 0, 0
6978, 0, 147.198, -97.8197, 23.1515, 0, 0, 0
6979, 0, 149.639, -99.5941, 21.8827, 0, 0, 0
6980, 0, 152.115, -101.327, 20.6695, 0, 0, 0
6981, 0, 154.624, -103.018, 19.5425, 0, 0, 0
6982, 0, 157.167, -104.665, 18.4837, 0, 0, 0
6983, 0, 97.1746, -43.5445, 60.4983, 0, 0, 0
6984, 0, 98.6104, -46.0365, 59.1407, 0, 0, 0
6985, 0, 100.096, -48.5116, 57.7507, 0, 0, 0
6986, 0, 101.631, -50.9686, 56.3426, 0, 0, 0
6987, 0, 103.215, -53.4066, 54.9106, 0, 0, 0
6988, 0, 104.848, -55.8244, 53.4776, 0, 0, 0
6989, 0, 106.529, -58.2209, 52.0281, 0, 0, 0
6990, 0, 108.258, -60.5952, 50.5448, 0, 0, 0
6991, 0, 110.034, -62.9461, 49.03, 0, 0, 0
6992, 0, 111.856, -65.2727, 47.5039, 0, 0, 0
6993, 0, 113.725, -67.574, 45.9871, 0, 0, 0
6994, 0, 115.64, -69.8488, 44.4537, 0, 0, 0
6995, 0, 117.599, -72.0964, 42.8976, 0, 0, 0
6996, 0, 119.603, -74.3156, 41.3477, 0, 0, 0
6997, 0, 121.651, -76.5055, 39.7886, 0, 0, 0
6998, 0, 123.742, -78.6651, 38.236, 0, 0, 0
6999, 0, 125.875, -80.7935, 36.6763, 0, 0, 0
7000, 0, 128.05, -82.8898, 35.1388, 0, 0, 0
7001, 0, 130.266, -84.9531, 33.5963, 0, 0, 0
7002, 0, 132.522, -86.9824, 32.0659, 0, 0, 0
7003, 0, 134.819, -88.977, 30.5731, 0, 0, 0
7004, 0, 137.154, -90.936, 29.0975, 0, 0, 0
7005, 0, 139.526, -92.8584, 27.6653, 0, 0, 0
7006, 0, 141.936, -94.7436, 26.2695, 0, 0, 0
7007, 0, 144.382, -96.5907, 24.9201, 0, 0, 0
7008, 0, 146.864, -98.3988, 23.6064, 0, 0, 0
7009, 0, 149.381, -100.167, 22.3466, 0, 0, 0
7010, 0, 151.932, -101.895, 21.1449, 0, 0, 0
7011, 0, 154.515, -103.582, 20.0248, 0, 0, 0
7012, 0, 157.13, -105.228, 18.9848, 0, 0, 0
7013, 0, 94.5815, -44.5649, 59.1432, 0, 0, 0
7014, 0, 96.1227, -47.0311, 57.9096, 0, 0, 0
7015, 0, 97.7124, -49.4809, 56.6465, 0, 0, 0
7016, 0, 99.3504, -51.913, 55.3627, 0, 0, 0
7017, 0, 101.036, -54.3266, 54.053, 0, 0, 0
7018, 0, 102.769, -56.7206, 52.7048, 0, 0, 0
7019, 0, 104.548, -59.094, 51.3236, 0, 0, 0
7020, 0, 106.374, -61.4457, 49.9437, 0, 0, 0
7021, 0, 108.247, -63.7747, 48.5527, 0, 0, 0
7022, 0, 110.165, -66.08, 47.1166, 0, 0, 0
7023, 0, 112.127, -68.3606, 45.6568, 0, 0, 0
7024, 0, 114.134, -70.6156, 44.1943, 0, 0, 0
7025, 0, 116.184, -72.844, 42.7161, 0, 0, 0
7026, 0, 118.278, -75.0449, 41.2386, 0, 0, 0
7027, 0, 120.415, -77.2172, 39.7357, 0, 0, 0
7028, 0, 122.593, -79.3602, 38.238, 0, 0, 0
7029, 0, 124.813, -81.4728, 36.7476, 0, 0, 0
7030, 0, 127.073, -83.5541, 35.248, 0, 0, 0
7031, 0, 129.373, -85.6033, 33.767, 0, 0, 0
7032, 0, 131.713, -87.6195, 32.287, 0, 0, 0
7033, 0, 134.091, -89.602, 30.8415, 0, 0, 0
7034, 0, 136.506, -91.5497, 29.4158, 0, 0, 0
7035, 0, 138.959, -93.462, 28.0041, 0, 0, 0
7036, 0, 141.447, -95.338, 26.6288, 0, 0, 0
7037, 0, 143.971, -97.1769, 25.2924, 0, 0, 0
7038, 0, 146.53, -98.978, 24.0193, 0, 0, 0
7039, 0, 149.123, -100.741, 22.7905, 0, 0, 0
7040, 0, 151.748, -102.464, 21.6086, 0, 0, 0
7041, 0, 154.406, -104.147, 20.4996, 0, 0, 0
7042, 0, 157.094, -105.79, 19.4724, 0, 0, 0
7043, 0, 91.9895, -45.585, 57.8147, 0, 0, 0
7044, 0, 93.6361, -48.0254, 56.7061, 0, 0, 0
7045, 0, 95.3299, -50.4497, 55.5622, 0, 0, 0
7046, 0, 97.0705, -52.8571, 54.3918, 0, 0, 0
7047, 0, 98.8573, -55.2463, 53.1802, 0, 0, 0
7048, 0, 100.69, -57.6165, 51.9532, 0, 0, 0
7049, 0, 102.569, -59.9667, 50.6929, 0, 0, 0
7050, 0, 104.493, -62.2958, 49.3905, 0, 0, 0
7051, 0, 106.461, -64.6028, 48.0642, 0, 0, 0
7052, 0, 108.473, -66.8869, 46.738, 0, 0, 0
7053, 0, 110.53, -69.147, 45.374, 0, 0, 0
7054, 0, 112.629, -71.3821, 43.9803, 0, 0, 0
7055, 0, 114.77, -73.5914, 42.5756, 0, 0, 0
7056, 0, 116.954, -75.7739, 41.1554, 0, 0, 0
7057, 0, 119.179, -77.9287, 39.7315, 0, 0, 0
7058, 0, 121.445, -80.055, 38.2845, 0, 0, 0
7059, 0, 123.751, -82.1517, 36.8412, 0, 0, 0
7060, 0, 126.096, -84.2181, 35.4001, 0, 0, 0
7061, 0, 128.48, -86.2532, 33.9668, 0, 0, 0
7062, 0, 130.903, -88.2564, 32.5317, 0, 0, 0
7063, 0, 133.362, -90.2266, 31.1131, 0, 0, 0
7064, 0, 135.859, -92.1632, 29.7182, 0, 0, 0
7065, 0, 138.391, -94.0653, 28.3453, 0, 0, 0
7066, 0, 140.958, -95.9321, 27.0135, 0, 0, 0
7067, 0, 143.56, -97.7628, 25.7044, 0, 0, 0
7068, 0, 146.196, -99.5568, 24.4288, 0, 0, 0
7069, 0, 148.864, -101.313, 23.2229, 0, 0, 0
7070, 0, 151.564, -103.032, 22.088, 0, 0, 0
7071, 0, 154.296, -104.711, 20.9905, 0, 0, 0
7072, 0, 157.058, -106.351, 19.9453, 0, 0, 0
7073, 0, 89.3741, -46.6142, 57.4797, 0, 0, 0
7074, 0, 91.1271, -49.0285, 56.4814, 0, 0, 0
7075, 0, 92.926, -51.4273, 55.4419, 0, 0, 0
7076, 0, 94.7701, -53.8096, 54.3686, 0, 0, 0
7077, 0, 96.6594, -56.1743, 53.2568, 0, 0, 0
7078, 0, 98.5933, -58.5205, 52.1089, 0, 0, 0
7079, 0, 100.571, -60.8472, 50.9206, 0, 0, 0
7080, 0, 102.593, -63.1536, 49.7072, 0, 0, 0
7081, 0, 104.659, -65.4385, 48.4584, 0, 0, 0
7082, 0, 106.767, -67.7011, 47.1733, 0, 0, 0
7083, 0, 108.917, -69.9404, 45.8677, 0, 0, 0
7084, 0, 111.109, -72.1555, 44.5437, 0, 0, 0
7085, 0, 113.343, -74.3455, 43.182, 0, 0, 0
7086, 0, 115.617, -76.5095, 41.8049, 0, 0, 0
7087, 0, 117.932, -78.6467, 40.4134, 0, 0, 0
7088, 0, 120.286, -80.756, 38.9958, 0, 0, 0
7089, 0, 122.679, -82.8368, 37.5844, 0, 0, 0
7090, 0, 125.111, -84.888, 36.1677, 0, 0, 0
7091, 0, 127.58, -86.909, 34.7673, 0, 0, 0
7092, 0, 130.086, -88.8989, 33.3539, 0, 0, 0
7093, 0, 132.628, -90.8569, 31.9493, 0, 0, 0
7094, 0, 135.206, -92.7822, 30.5762, 0, 0, 0
7095, 0, 137.819, -94.674, 29.2021, 0, 0, 0
7096, 0, 140.465, -96.5315, 27.8679, 0, 0, 0
7097, 0, 143.146, -98.3541, 26.5737, 0, 0, 0
7098, 0, 145.859, -100.141, 25.3155, 0, 0, 0
7099, 0, 148.604, -101.891, 24.1102, 0, 0, 0
7100, 0, 151.379, -103.605, 22.9461, 0, 0, 0
7101, 0, 154.185, -105.28, 21.8547, 0, 0, 0
7102, 0, 157.021, -106.917, 20.8448, 0, 0, 0
7103, 0, 86.5976, -47.7068, 61.8378, 0, 0, 0
7104, 0, 88.4636, -50.0935, 60.8913, 0, 0, 0
7105, 0, 90.3739, -52.4651, 59.8919, 0, 0, 0
7106, 0, 92.3281, -54.8207, 58.8483, 0, 0, 0
7107, 0, 94.326, -57.1594, 57.7526, 0, 0, 0
7108, 0, 96.367, -59.4802, 56.6122, 0, 0, 0
7109, 0, 98.451, -61.7821, 55.4323, 0, 0, 0
7110, 0, 100.577, -64.0642, 54.2042, 0, 0, 0
7111, 0, 102.745, -66.3256, 52.9259, 0, 0, 0
7112, 0, 104.955, -68.5654, 51.622, 0, 0, 0
7113, 0, 107.206, -70.7827, 50.2724, 0, 0, 0
7114, 0, 109.497, -72.9765, 48.8957, 0, 0, 0
7115, 0, 111.828, -75.1461, 47.4807, 0, 0, 0
7116, 0, 114.199, -77.2904, 46.0372, 0, 0, 0
7117, 0, 116.608, -79.4088, 44.5808, 0, 0, 0
7118, 0, 119.056, -81.5003, 43.1082, 0, 0, 0
7119, 0, 121.542, -83.5641, 41.614, 0, 0, 0
7120, 0, 124.065, -85.5993, 40.1088, 0, 0, 0
7121, 0, 126.624, -87.6052, 38.5928, 0, 0, 0
7122, 0, 129.219, -89.581, 37.0987, 0, 0, 0
7123, 0, 131.848, -91.526, 35.5971, 0, 0, 0
7124, 0, 134.513, -93.4393, 34.1239, 0, 0, 0
7125, 0, 137.211, -95.3201, 32.6678, 0, 0, 0
7126, 0, 139.942, -97.1679, 31.2324, 0, 0, 0
7127, 0, 142.706, -98.9816, 29.8336, 0, 0, 0
7128, 0, 145.501, -100.761, 28.488, 0, 0, 0
7129, 0, 148.327, -102.505, 27.1803, 0, 0, 0
7130, 0, 151.183, -104.214, 25.9263, 0, 0, 0
7131, 0, 154.068, -105.885, 24.7522, 0, 0, 0
7132, 0, 156.982, -107.519, 23.635, 0, 0, 0
7133, 0, 83.4662, -48.939, 68.9022, 0, 0, 0
7134, 0, 85.4596, -51.2945, 68.0146, 0, 0, 0
7135, 0, 87.4956, -53.6355, 67.0581, 0, 0, 0
7136, 0, 89.574, -55.9611, 66.0422, 0, 0, 0
7137, 0, 91.6943, -58.2704, 64.9609, 0, 0, 0
7138, 0, 93.8562, -60.5625, 63.8178, 0, 0, 0
7139, 0, 96.0594, -62.8364, 62.6147, 0, 0, 0
7140, 0, 98.3033, -65.0912, 61.3541, 0, 0, 0
7141, 0, 100.588, -67.3261, 60.0426, 0, 0, 0
7142, 0, 102.912, -69.5402, 58.6717, 0, 0, 0
7143, 0, 105.275, -71.7326, 57.2476, 0, 0, 0
7144, 0, 107.678, -73.9025, 55.7856, 0, 0, 0
7145, 0, 110.12, -76.0489, 54.271, 0, 0, 0
7146, 0, 112.599, -78.1711, 52.7371, 0, 0, 0
7147, 0, 115.115, -80.2683, 51.1692, 0, 0, 0
7148, 0, 117.669, -82.3397, 49.5691, 0, 0, 0
7149, 0, 120.259, -84.3843, 47.9314, 0, 0, 0
7150, 0, 122.885, -86.4015, 46.2847, 0, 0, 0
7151, 0, 125.545, -88.3904, 44.6459, 0, 0, 0
7152, 0, 128.24, -90.3504, 42.9853, 0, 0, 0
7153, 0, 130.969, -92.2806, 41.3214, 0, 0, 0
7154, 0, 133.731, -94.1804, 39.6733, 0, 0, 0
7155, 0, 136.525, -96.0489, 38.0559, 0, 0, 0
7156, 0, 139.352, -97.8856, 36.4482, 0, 0, 0
7157, 0, 142.21, -99.6894, 34.8731, 0, 0, 0
7158, 0, 145.098, -101.46, 33.3503, 0, 0, 0
7159, 0, 148.015, -103.198, 31.8989, 0, 0, 0
7160, 0, 150.962, -104.9, 30.4981, 0, 0, 0
7161, 0, 153.936, -106.567, 29.1642, 0, 0, 0
7162, 0, 156.938, -108.198, 27.9085, 0, 0, 0
7163, 0, 79.775, -50.3916, 79.8985, 0, 0, 0
7164, 0, 81.9186, -52.7103, 79.1161, 0, 0, 0
7165, 0, 84.1028, -55.0152, 78.2416, 0, 0, 0
7166, 0, 86.3274, -57.3055, 77.2792, 0, 0, 0
7167, 0, 88.5922, -59.5801, 76.2281, 0, 0, 0
7168, 0, 90.8965, -61.8383, 75.0906, 0, 0, 0
7169, 0, 93.2403, -64.0792, 73.8694, 0, 0, 0
7170, 0, 95.623, -66.3019, 72.5668, 0, 0, 0
7171, 0, 98.0442, -68.5055, 71.1871, 0, 0, 0
7172, 0, 100.503, -70.6893, 69.7338, 0, 0, 0
7173, 0, 103, -72.8524, 68.2064, 0, 0, 0
7174, 0, 105.534, -74.9939, 66.6272, 0, 0, 0
7175, 0, 108.106, -77.1132, 64.9805, 0, 0, 0
7176, 0, 110.713, -79.2093, 63.2575, 0, 0, 0
7177, 0, 113.356, -81.2816, 61.4949, 0, 0, 0
7178, 0, 116.034, -83.3291, 59.6998, 0, 0, 0
7179, 0, 118.747, -85.3512, 57.8789, 0, 0, 0
7180, 0, 121.494, -87.3471, 56.0067, 0, 0, 0
7181, 0, 124.273, -89.316, 54.128, 0, 0, 0
7182, 0, 127.087, -91.2573, 52.2381, 0, 0, 0
7183, 0, 129.932, -93.1702, 50.3374, 0, 0, 0
7184, 0, 132.809, -95.0539, 48.4472, 0, 0, 0
7185, 0, 135.718, -96.908, 46.5605, 0, 0, 0
7186, 0, 138.656, -98.7317, 44.7256, 0, 0, 0
7187, 0, 141.624, -100.524, 42.9121, 0, 0, 0
7188, 0, 144.622, -102.285, 41.141, 0, 0, 0
7189, 0, 147.647, -104.013, 39.4197, 0, 0, 0
7190, 0, 150.7, -105.709, 37.7428, 0, 0, 0
7191, 0, 153.78, -107.371, 36.1811, 0, 0, 0
7192, 0, 156.886, -108.998, 34.7389, 0, 0, 0
7193, 0, 75.5963, -52.036, 81.7987, 0, 0, 0
7194, 0, 77.9099, -54.3131, 81.3103, 0, 0, 0
7195, 0, 80.2619, -56.5772, 80.7128, 0, 0, 0
7196, 0, 82.6522, -58.8273, 80.0021, 0, 0, 0
7197, 0, 85.0803, -61.0628, 79.1827, 0, 0, 0
7198, 0, 87.546, -63.2826, 78.2566, 0, 0, 0
7199, 0, 90.0488, -65.4861, 77.2267, 0, 0, 0
7200, 0, 92.5886, -67.6723, 76.0983, 0, 0, 0
7201, 0, 95.1647, -69.8406, 74.8684, 0, 0, 0
7202, 0, 97.7769, -71.9901, 73.5463, 0, 0, 0
7203, 0, 100.425, -74.12, 72.1359, 0, 0, 0
7204, 0, 103.108, -76.2296, 70.6436, 0, 0, 0
7205, 0, 105.826, -78.318, 69.0818, 0, 0, 0
7206, 0, 108.578, -80.3846, 67.455, 0, 0, 0
7207, 0, 111.364, -82.4286, 65.7451, 0, 0, 0
7208, 0, 114.183, -84.4492, 63.983, 0, 0, 0
7209, 0, 117.035, -86.4457, 62.1777, 0, 0, 0
7210, 0, 119.919, -88.4175, 60.3186, 0, 0, 0
7211, 0, 122.835, -90.3638, 58.4439, 0, 0, 0
7212, 0, 125.782, -92.2839, 56.5335, 0, 0, 0
7213, 0, 128.759, -94.1772, 54.608, 0, 0, 0
7214, 0, 131.766, -96.0429, 52.7002, 0, 0, 0
7215, 0, 134.803, -97.8805, 50.786, 0, 0, 0
7216, 0, 137.868, -99.6893, 48.8659, 0, 0, 0
7217, 0, 140.962, -101.469, 47.0256, 0, 0, 0
7218, 0, 144.083, -103.218, 45.2087, 0, 0, 0
7219, 0, 147.23, -104.937, 43.4199, 0, 0, 0
7220, 0, 150.404, -106.624, 41.7169, 0, 0, 0
7221, 0, 153.604, -108.28, 40.0728, 0, 0, 0
7222, 0, 156.828, -109.904, 38.5358, 0, 0, 0
7223, 0, 71.272, -53.7377, 77.7865, 0, 0, 0
7224, 0, 73.7614, -55.9718, 77.6654, 0, 0, 0
7225, 0, 76.2871, -58.1935, 77.419, 0, 0, 0
7226, 0, 78.8487, -60.4023, 77.0452, 0, 0, 0
7227, 0, 81.446, -62.5971, 76.5454, 0, 0, 0
7228, 0, 84.0786, -64.7773, 75.9287, 0, 0, 0
7229, 0, 86.7462, -66.942, 75.1871, 0, 0, 0
7230, 0, 89.4484, -69.0906, 74.3351, 0, 0, 0
7231, 0, 92.185, -71.2223, 73.3706, 0, 0, 0
7232, 0, 94.9554, -73.3363, 72.2994, 0, 0, 0
7233, 0, 97.7594, -75.4319, 71.127, 0, 0, 0
7234, 0, 100.596, -77.5083, 69.862, 0, 0, 0
7235, 0, 103.466, -79.5649, 68.4991, 0, 0, 0
7236, 0, 106.368, -81.6009, 67.0573, 0, 0, 0
7237, 0, 109.302, -83.6156, 65.5487, 0, 0, 0
7238, 0, 112.267, -85.6084, 63.9581, 0, 0, 0
7239, 0, 115.263, -87.5785, 62.3078, 0, 0, 0
7240, 0, 118.289, -89.5253, 60.6122, 0, 0, 0
7241, 0, 121.345, -91.4481, 58.8776, 0, 0, 0
7242, 0, 124.431, -93.3463, 57.0984, 0, 0, 0
7243, 0, 127.544, -95.2193, 55.3055, 0, 0, 0
7244, 0, 130.687, -97.0664, 53.4946, 0, 0, 0
7245, 0, 133.857, -98.887, 51.6963, 0, 0, 0
7246, 0, 137.053, -100.68, 49.8729, 0, 0, 0
7247, 0, 140.276, -102.446, 48.0954, 0, 0, 0
7248, 0, 143.526, -104.184, 46.3434, 0, 0, 0
7249, 0, 146.8, -105.893, 44.6591, 0, 0, 0
7250, 0, 150.098, -107.572, 43.0316, 0, 0, 0
7251, 0, 153.421, -109.222, 41.4471, 0, 0, 0
7252, 0, 156.767, -110.841, 39.9551, 0, 0, 0
7253, 0, 66.949, -55.4389, 73.5848, 0, 0, 0
7254, 0, 69.6144, -57.6299, 73.8346, 0, 0, 0
7255, 0, 72.3136, -59.8093, 73.9448, 0, 0, 0
7256, 0, 75.0466, -61.9766, 73.9099, 0, 0, 0
7257, 0, 77.8129, -64.1309, 73.7349, 0, 0, 0
7258, 0, 80.6124, -66.2714, 73.425, 0, 0, 0
7259, 0, 83.4446, -68.3975, 72.9826, 0, 0, 0
7260, 0, 86.3093, -70.5085, 72.4103, 0, 0, 0
7261, 0, 89.2061, -72.6035, 71.7107, 0, 0, 0
7262, 0, 92.1348, -74.682, 70.8918, 0, 0, 0
7263, 0, 95.0948, -76.7433, 69.9583, 0, 0, 0
7264, 0, 98.0857, -78.7866, 68.9125, 0, 0, 0
7265, 0, 101.107, -80.8113, 67.7738, 0, 0, 0
7266, 0, 104.159, -82.8167, 66.5305, 0, 0, 0
7267, 0, 107.241, -84.8023, 65.204, 0, 0, 0
7268, 0, 110.352, -86.7672, 63.8054, 0, 0, 0
7269, 0, 113.492, -88.7109, 62.3194, 0, 0, 0
7270, 0, 116.66, -90.6327, 60.7714, 0, 0, 0
7271, 0, 119.856, -92.5321, 59.1878, 0, 0, 0
7272, 0, 123.08, -94.4084, 57.5536, 0, 0, 0
7273, 0, 126.33, -96.261, 55.8781, 0, 0, 0
7274, 0, 129.607, -98.0895, 54.1795, 0, 0, 0
7275, 0, 132.91, -99.893, 52.4762, 0, 0, 0
7276, 0, 136.238, -101.671, 50.7737, 0, 0, 0
7277, 0, 139.591, -103.423, 49.0896, 0, 0, 0
7278, 0, 142.968, -105.149, 47.4189, 0, 0, 0
7279, 0, 146.369, -106.848, 45.7949, 0, 0, 0
7280, 0, 149.792, -108.52, 44.2213, 0, 0, 0
7281, 0, 153.239, -110.163, 42.7396, 0, 0, 0
7282, 0, 156.707, -111.778, 41.2902, 0, 0, 0
7283, 0, 62.6285, -57.1391, 69.3898, 0, 0, 0
7284, 0, 65.4696, -59.2871, 70.0162, 0, 0, 0
7285, 0, 68.3424, -61.4243, 70.4837, 0, 0, 0
7286, 0, 71.2466, -63.5501, 70.7894, 0, 0, 0
7287, 0, 74.1819, -65.6638, 70.9423, 0, 0, 0
7288, 0, 77.148, -67.7647, 70.9448, 0, 0, 0
7289, 0, 80.1448, -69.8522, 70.7971, 0, 0, 0
7290, 0, 83.1719, -71.9255, 70.5047, 0, 0, 0
7291, 0, 86.229, -73.9839, 70.0744, 0, 0, 0
7292, 0, 89.3156, -76.027, 69.5124, 0, 0, 0
7293, 0, 92.4316, -78.054, 68.8214, 0, 0, 0
7294, 0, 95.5766, -80.0642, 68.0071, 0, 0, 0
7295, 0, 98.7501, -82.057, 67.0789, 0, 0, 0
7296, 0, 101.952, -84.0319, 66.0402, 0, 0, 0
7297, 0, 105.181, -85.9882, 64.9043, 0, 0, 0
7298, 0, 108.438, -87.9253, 63.6748, 0, 0, 0
7299, 0, 111.722, -89.8426, 62.3809, 0, 0, 0
7300, 0, 115.032, -91.7395, 60.994, 0, 0, 0
7301, 0, 118.368, -93.6154, 59.5387, 0, 0, 0
7302, 0, 121.73, -95.4699, 58.0359, 0, 0, 0
7303, 0, 125.117, -97.3022, 56.5045, 0, 0, 0
7304, 0, 128.529, -99.112, 54.9362, 0, 0, 0
7305, 0, 131.965, -100.899, 53.3361, 0, 0, 0
7306, 0, 135.424, -102.661, 51.7509, 0, 0, 0
7307, 0, 138.906, -104.4, 50.168, 0, 0, 0
7308, 0, 142.411, -106.114, 48.5747, 0, 0, 0
7309, 0, 145.938, -107.803, 47.0197, 0, 0, 0
7310, 0, 149.487, -109.466, 45.4988, 0, 0, 0
7311, 0, 153.056, -111.104, 44.0377, 0, 0, 0
7312, 0, 156.646, -112.714, 42.681, 0, 0, 0
7313, 0, 58.3064, -58.8399, 65.1655, 0, 0, 0
7314, 0, 61.3234, -60.9448, 66.1711, 0, 0, 0
7315, 0, 64.3697, -63.0398, 66.9993, 0, 0, 0
7316, 0, 67.4452, -65.1242, 67.6535, 0, 0, 0
7317, 0, 70.5495, -67.1973, 68.1368, 0, 0, 0
7318, 0, 73.6825, -69.2586, 68.454, 0, 0, 0
7319, 0, 76.8439, -71.3074, 68.6058, 0, 0, 0
7320, 0, 80.0334, -73.343, 68.5999, 0, 0, 0
7321, 0, 83.2507, -75.3649, 68.442, 0, 0, 0
7322, 0, 86.4956, -77.3725, 68.135, 0, 0, 0
7323, 0, 89.7676, -79.3651, 67.6838, 0, 0, 0
7324, 0, 93.0664, -81.3423, 67.1, 0, 0, 0
7325, 0, 96.3918, -83.3032, 66.3885, 0, 0, 0
7326, 0, 99.7433, -85.2475, 65.5594, 0, 0, 0
7327, 0, 103.121, -87.1746, 64.6226, 0, 0, 0
7328, 0, 106.523, -89.0838, 63.5603, 0, 0, 0
7329, 0, 109.951, -90.9747, 62.4236, 0, 0, 0
7330, 0, 113.403, -92.8467, 61.21, 0, 0, 0
7331, 0, 116.88, -94.6992, 59.9179, 0, 0, 0
7332, 0, 120.38, -96.5317, 58.555, 0, 0, 0
7333, 0, 123.903, -98.3438, 57.134, 0, 0, 0
7334, 0, 127.45, -100.135, 55.6749, 0, 0, 0
7335, 0, 131.019, -101.904, 54.2056, 0, 0, 0
7336, 0, 134.609, -103.652, 52.69, 0, 0, 0
7337, 0, 138.221, -105.377, 51.1807, 0, 0, 0
7338, 0, 141.854, -107.08, 49.6974, 0, 0, 0
7339, 0, 145.507, -108.759, 48.2167, 0, 0, 0
7340, 0, 149.181, -110.414, 46.7919, 0, 0, 0
7341, 0, 152.874, -112.044, 45.373, 0, 0, 0
7342, 0, 156.585, -113.651, 44.0522, 0, 0, 0
7343, 0, 53.9844, -60.5407, 60.7693, 0, 0, 0
7344, 0, 57.1772, -62.6026, 62.1554, 0, 0, 0
7345, 0, 60.397, -64.6553, 63.349, 0, 0, 0
7346, 0, 63.6438, -66.6983, 64.352, 0, 0, 0
7347, 0, 66.9172, -68.7308, 65.1676, 0, 0, 0
7348, 0, 70.217, -70.7525, 65.8006, 0, 0, 0
7349, 0, 73.543, -72.7626, 66.2549, 0, 0, 0
7350, 0, 76.8949, -74.7605, 66.535, 0, 0, 0
7351, 0, 80.2725, -76.7459, 66.6524, 0, 0, 0
7352, 0, 83.6755, -78.718, 66.6038, 0, 0, 0
7353, 0, 87.1035, -80.6763, 66.401, 0, 0, 0
7354, 0, 90.5564, -82.6203, 66.0523, 0, 0, 0
7355, 0, 94.0336, -84.5494, 65.5604, 0, 0, 0
7356, 0, 97.5349, -86.4631, 64.9368, 0, 0, 0
7357, 0, 101.06, -88.361, 64.1964, 0, 0, 0
7358, 0, 104.609, -90.2424, 63.3457, 0, 0, 0
7359, 0, 108.18, -92.1068, 62.3677, 0, 0, 0
7360, 0, 111.775, -93.9539, 61.2999, 0, 0, 0
7361, 0, 115.391, -95.783, 60.1569, 0, 0, 0
7362, 0, 119.03, -97.5936, 58.9455, 0, 0, 0
7363, 0, 122.69, -99.3853, 57.6651, 0, 0, 0
7364, 0, 126.371, -101.158, 56.339, 0, 0, 0
7365, 0, 130.073, -102.91, 54.9568, 0, 0, 0
7366, 0, 133.795, -104.642, 53.5586, 0, 0, 0
7367, 0, 137.536, -106.354, 52.1575, 0, 0, 0
7368, 0, 141.297, -108.045, 50.7586, 0, 0, 0
7369, 0, 145.077, -109.714, 49.3584, 0, 0, 0
7370, 0, 148.875, -111.361, 47.9852, 0, 0, 0
7371, 0, 152.691, -112.985, 46.6723, 0, 0, 0
7372, 0, 156.525, -114.587, 45.426, 0, 0, 0
7373, 0, 49.6643, -62.2407, 56.3385, 2.24401e-05, 1.12201e+13, 1.99155e+11
7374, 0, 53.0328, -64.2596, 58.109, 3.10002e-07, 1.55001e+11, 2.66741e+09
7375, 0, 56.4262, -66.2701, 59.6703, 0, 0, 0
7376, 0, 59.8441, -68.2716, 61.0243, 0, 0, 0
7377, 0, 63.2865, -70.2636, 62.1763, 0, 0, 0
7378, 0, 66.753, -72.2456, 63.1293, 0, 0, 0
7379, 0, 70.2436, -74.2171, 63.8892, 0, 0, 0
7380, 0, 73.7579, -76.1774, 64.4619, 0, 0, 0
7381, 0, 77.2957, -78.1262, 64.8524, 0, 0, 0
7382, 0, 80.8567, -80.0628, 65.0649, 0, 0, 0
7383, 0, 84.4407, -81.9868, 65.1119, 0, 0, 0
7384, 0, 88.0473, -83.8977, 64.9976, 0, 0, 0
7385, 0, 91.6764, -85.795, 64.731, 0, 0, 0
7386, 0, 95.3276, -87.6782, 64.3196, 0, 0, 0
7387, 0, 99.0004, -89.5468, 63.7671, 0, 0, 0
7388, 0, 102.695, -91.4004, 63.0966, 0, 0, 0
7389, 0, 106.411, -93.2385, 62.3134, 0, 0, 0
7390, 0, 110.147, -95.0605, 61.4255, 0, 0, 0
7391, 0, 113.903, -96.8662, 60.4315, 0, 0, 0
7392, 0, 117.68, -98.6551, 59.3631, 0, 0, 0
7393, 0, 121.476, -100.426, 58.2039, 0, 0, 0
7394, 0, 125.292, -102.18, 56.9969, 0, 0, 0
7395, 0, 129.127, -103.916, 55.7679, 0, 0, 0
7396, 0, 132.98, -105.633, 54.4878, 0, 0, 0
7397, 0, 136.852, -107.331, 53.1597, 0, 0, 0
7398, 0, 140.74, -109.01, 51.8457, 0, 0, 0
7399, 0, 144.647, -110.669, 50.5296, 0, 0, 0
7400, 0, 148.57, -112.308, 49.2599, 0, 0, 0
7401, 0, 152.509, -113.926, 48.0137, 0, 0, 0
7402, 0, 156.464, -115.523, 46.7745, 0, 0, 0
7403, 0, 45.3426, -63.9414, 51.8845, 9.41206e-05, 4.70603e+13, 9.0702e+11
7404, 0, 48.8869, -65.9173, 54.0477, 2.65902e-05, 1.32951e+13, 2.45988e+11
7405, 0, 52.4538, -67.8855, 55.9815, 7.60005e-07, 3.80002e+11, 6.788e+09
7406, 0, 56.043, -69.8455, 57.6929, 0, 0, 0
7407, 0, 59.6544, -71.797, 59.1859, 0, 0, 0
7408, 0, 63.2877, -73.7394, 60.4621, 0, 0, 0
7409, 0, 66.9429, -75.6721, 61.531, 0, 0, 0
7410, 0, 70.6196, -77.5949, 62.3975, 0, 0, 0
7411, 0, 74.3177, -79.507, 63.0654, 0, 0, 0
7412, 0, 78.0368, -81.4082, 63.5448, 0, 0, 0
7413, 0, 81.7768, -83.2979, 63.8434, 0, 0, 0
7414, 0, 85.5374, -85.1757, 63.9677, 0, 0, 0
7415, 0, 89.3183, -87.0411, 63.925, 0, 0, 0
7416, 0, 93.1193, -88.8938, 63.7262, 0, 0, 0
7417, 0, 96.9401, -90.7331, 63.3827, 0, 0, 0
7418, 0, 100.78, -92.5589, 62.8987, 0, 0, 0
7419, 0, 104.64, -94.3705, 62.2815, 0, 0, 0
7420, 0, 108.518, -96.1676, 61.5563, 0, 0, 0
7421, 0, 112.415, -97.9499, 60.7229, 0, 0, 0
7422, 0, 116.33, -99.7169, 59.7909, 0, 0, 0
7423, 0, 120.263, -101.468, 58.7889, 0, 0, 0
7424, 0, 124.213, -103.203, 57.7334, 0, 0, 0
7425, 0, 128.181, -104.922, 56.5824, 0, 0, 0
7426, 0, 132.166, -106.624, 55.4028, 0, 0, 0
7427, 0, 136.166, -108.308, 54.1924, 0, 0, 0
7428, 0, 140.183, -109.975, 52.9623, 0, 0, 0
7429, 0, 144.216, -111.624, 51.7538, 0, 0, 0
7430, 0, 148.264, -113.255, 50.5481, 0, 0, 0
7431, 0, 152.326, -114.867, 49.3536, 0, 0, 0
7432, 0, 156.404, -116.46, 48.22, 0, 0, 0
7433, 0, 41.0206, -65.6422, 47.2642, 0.000153551, 7.67755e+13, 1.62439e+12
7434, 0, 44.7407, -67.575, 49.8179, 7.99205e-05, 3.99602e+13, 8.02127e+11
7435, 0, 48.4812, -69.5009, 52.1251, 2.34501e-05, 1.17251e+13, 2.24941e+11
7436, 0, 52.2417, -71.4196, 54.1939, 8.40005e-07, 4.20003e+11, 7.75e+09
7437, 0, 56.0221, -73.3305, 56.0264, 0, 0, 0
7438, 0, 59.8223, -75.2332, 57.6286, 0, 0, 0
7439, 0, 63.6421, -77.1273, 59.0085, 0, 0, 0
7440, 0, 67.4812, -79.0124, 60.1674, 0, 0, 0
7441, 0, 71.3395, -80.8879, 61.1169, 0, 0, 0
7442, 0, 75.2168, -82.7536, 61.8646, 0, 0, 0
7443, 0, 79.1128, -84.609, 62.4154, 0, 0, 0
7444, 0, 83.0273, -86.4537, 62.7803, 0, 0, 0
7445, 0, 86.9601, -88.2872, 62.965, 0, 0, 0
7446, 0, 90.911, -90.1093, 62.9826, 0, 0, 0
7447, 0, 94.8796, -91.9195, 62.8411, 0, 0, 0
7448, 0, 98.8658, -93.7174, 62.5522, 0, 0, 0
7449, 0, 102.869, -95.5026, 62.116, 0, 0, 0
7450, 0, 106.889, -97.2748, 61.5674, 0, 0, 0
7451, 0, 110.926, -99.0337, 60.902, 0, 0, 0
7452, 0, 114.98, -100.779, 60.1209, 0, 0, 0
7453, 0, 119.049, -102.509, 59.2533, 0, 0, 0
7454, 0, 123.134, -104.226, 58.2918, 0, 0, 0
7455, 0, 127.235, -105.928, 57.2751, 0, 0, 0
7456, 0, 131.351, -107.614, 56.2262, 0, 0, 0
7457, 0, 135.481, -109.285, 55.1305, 0, 0, 0
7458, 0, 139.626, -110.94, 54.0288, 0, 0, 0
7459, 0, 143.785, -112.58, 52.8724, 0, 0, 0
7460, 0, 147.958, -114.202, 51.7066, 0, 0, 0
7461, 0, 152.144, -115.808, 50.602, 0, 0, 0
7462, 0, 156.343, -117.397, 49.5144, 0, 0, 0
7463, 0, 36.7051, -67.3404, 42.5236, 0.000199331, 9.96656e+13, 2.34377e+12
7464, 0, 40.6008, -69.2302, 45.4657, 0.000119361, 5.96804e+13, 1.31265e+12
7465, 0, 44.5145, -71.114, 48.1467, 5.80603e-05, 2.90302e+13, 6.02952e+11
7466, 0, 48.446, -72.9913, 50.5699, 1.57701e-05, 7.88505e+12, 1.55924e+11
7467, 0, 52.3953, -74.8617, 52.7421, 3.50002e-07, 1.75001e+11, 3.31805e+09
7468, 0, 56.362, -76.7248, 54.6678, 0, 0, 0
7469, 0, 60.3461, -78.5803, 56.3561, 0, 0, 0
7470, 0, 64.3474, -80.4277, 57.8133, 0, 0, 0
7471, 0, 68.3658, -82.2667, 59.0438, 0, 0, 0
7472, 0, 72.401, -84.097, 60.0595, 0, 0, 0
7473, 0, 76.4528, -85.9182, 60.866, 0, 0, 0
7474, 0, 80.521, -87.7298, 61.47, 0, 0, 0
7475, 0, 84.6055, -89.5315, 61.8851, 0, 0, 0
7476, 0, 88.706, -91.3231, 62.1216, 0, 0, 0
7477, 0, 92.8222, -93.1041, 62.184, 0, 0, 0
7478, 0, 96.954, -94.8742, 62.0871, 0, 0, 0
7479, 0, 101.101, -96.6331, 61.8431, 0, 0, 0
7480, 0, 105.263, -98.3803, 61.4594, 0, 0, 0
7481, 0, 109.44, -100.116, 60.9395, 0, 0, 0
7482, 0, 113.632, -101.839, 60.3178, 0, 0, 0
7483, 0, 117.837, -103.549, 59.6011, 0, 0, 0
7484, 0, 122.057, -105.247, 58.8041, 0, 0, 0
7485, 0, 126.291, -106.932, 57.9236, 0, 0, 0
7486, 0, 130.537, -108.603, 56.977, 0, 0, 0
7487, 0, 134.797, -110.261, 55.9654, 0, 0, 0
7488, 0, 139.07, -111.904, 54.914, 0, 0, 0
7489, 0, 143.355, -113.533, 53.8698, 0, 0, 0
7490, 0, 147.652, -115.148, 52.8327, 0, 0, 0
7491, 0, 151.962, -116.748, 51.7972, 0, 0, 0
7492, 0, 156.283, -118.332, 50.8032, 0, 0, 0
7493, 0, 32.6819, -68.9236, 33.0419, 0.000197071, 9.85356e+13, 2.98214e+12
7494, 0, 36.7413, -70.7734, 35.9116, 0.000122841, 6.14204e+13, 1.71032e+12
7495, 0, 40.8166, -72.6178, 38.5422, 6.86704e-05, 3.43352e+13, 8.90848e+11
7496, 0, 44.9075, -74.4565, 40.9347, 2.81302e-05, 1.40651e+13, 3.43598e+11
7497, 0, 49.0141, -76.2891, 43.0989, 4.77003e-06, 2.38501e+12, 5.53382e+10
7498, 0, 53.1361, -78.1154, 45.0353, 2.00001e-08, 1.00001e+10, 2.22049e+08
7499, 0, 57.2735, -79.9348, 46.7535, 0, 0, 0
7500, 0, 61.426, -81.7472, 48.257, 0, 0, 0
7501, 0, 65.5936, -83.5522, 49.5547, 0, 0, 0
7502, 0, 69.776, -85.3494, 50.6535, 0, 0, 0
7503, 0, 73.973, -87.1387, 51.5597, 0, 0, 0
7504, 0, 78.1845, -88.9195, 52.2824, 0, 0, 0
7505, 0, 82.4104, -90.6916, 52.8308, 0, 0, 0
7506, 0, 86.6503, -92.4547, 53.2107, 0, 0, 0
7507, 0, 90.9042, -94.2085, 53.4326, 0, 0, 0
7508, 0, 95.1718, -95.9527, 53.5069, 0, 0, 0
7509, 0, 99.4527, -97.6869, 53.4454, 0, 0, 0
7510, 0, 103.747, -99.411, 53.2679, 0, 0, 0
7511, 0, 108.055, -101.125, 52.9583, 0, 0, 0
7512, 0, 112.375, -102.827, 52.5299, 0, 0, 0
7513, 0, 116.708, -104.519, 52.0099, 0, 0, 0
7514, 0, 121.053, -106.199, 51.4262, 0, 0, 0
7515, 0, 125.41, -107.868, 50.7472, 0, 0, 0
7516, 0, 129.779, -109.525, 50.0275, 0, 0, 0
7517, 0, 134.159, -111.17, 49.2662, 0, 0, 0
7518, 0, 138.551, -112.802, 48.433, 0, 0, 0
7519, 0, 142.954, -114.422, 47.5987, 0, 0, 0
7520, 0, 147.368, -116.029, 46.7996, 0, 0, 0
7521, 0, 151.792, -117.624, 45.9491, 0, 0, 0
7522, 0, 156.226, -119.204, 45.1143, 0, 0, 0
7523, 0, 29.234, -70.2804, 25.1591, 0.000179171, 8.95855e+13, 3.56076e+12
7524, 0, 33.4336, -72.0959, 27.8218, 0.000112441, 5.62203e+13, 2.02073e+12
7525, 0, 37.6473, -73.9066, 30.2726, 6.42204e-05, 3.21102e+13, 1.0607e+12
7526, 0, 41.8749, -75.7123, 32.5116, 2.86002e-05, 1.43001e+13, 4.39845e+11
7527, 0, 46.1163, -77.5125, 34.5457, 8.12005e-06, 4.06002e+12, 1.17526e+11
7528, 0, 50.3715, -79.3071, 36.3797, 4.50003e-07, 2.25001e+11, 6.18481e+09
7529, 0, 54.6401, -81.0957, 38.0195, 0, 0, 0
7530, 0, 58.9222, -82.8781, 39.4688, 0, 0, 0
7531, 0, 63.2176, -84.6538, 40.7355, 0, 0, 0
7532, 0, 67.5262, -86.4228, 41.8241, 0, 0, 0
7533, 0, 71.8477, -88.1846, 42.7428, 0, 0, 0
7534, 0, 76.182, -89.939, 43.4997, 0, 0, 0
7535, 0, 80.5291, -91.6857, 44.099, 0, 0, 0
7536, 0, 84.8885, -93.4244, 44.5517, 0, 0, 0
7537, 0, 89.2604, -95.1549, 44.8636, 0, 0, 0
7538, 0, 93.6443, -96.8769, 45.0422, 0, 0, 0
7539, 0, 98.0401, -98.5901, 45.0953, 0, 0, 0
7540, 0, 102.448, -100.294, 45.0227, 0, 0, 0
7541, 0, 106.867, -101.989, 44.8508, 0, 0, 0
7542, 0, 111.298, -103.674, 44.6114, 0, 0, 0
7543, 0, 115.739, -105.35, 44.2902, 0, 0, 0
7544, 0, 120.192, -107.015, 43.8451, 0, 0, 0
7545, 0, 124.655, -108.671, 43.3546, 0, 0, 0
7546, 0, 129.129, -110.316, 42.8117, 0, 0, 0
7547, 0, 133.612, -111.95, 42.2235, 0, 0, 0
7548, 0, 138.107, -113.572, 41.6079, 0, 0, 0
7549, 0, 142.61, -115.184, 40.941, 0, 0, 0
7550, 0, 147.124, -116.785, 40.2815, 0, 0, 0
7551, 0, 151.646, -118.375, 39.613, 0, 0, 0
7552, 0, 156.178, -119.952, 38.9792, 0, 0, 0
7553, 0, 26.2598, -71.4509, 20.0353, 0.000157121, 7.85605e+13, 3.9211e+12
7554, 0, 30.5805, -73.2367, 22.5643, 9.92806e-05, 4.96403e+13, 2.19994e+12
7555, 0, 34.9136, -75.0183, 24.8975, 5.49503e-05, 2.74752e+13, 1.10353e+12
7556, 0, 39.2591, -76.7954, 27.0363, 2.51702e-05, 1.25851e+13, 4.65489e+11
7557, 0, 43.6168, -78.5678, 28.9882, 7.12004e-06, 3.56002e+12, 1.22809e+11
7558, 0, 47.9867, -80.3351, 30.7559, 3.40002e-07, 1.70001e+11, 5.52743e+09
7559, 0, 52.3687, -82.0971, 32.3438, 1.00001e-08, 5.00003e+09, 1.5459e+08
7560, 0, 56.7625, -83.8535, 33.7586, 0, 0, 0
7561, 0, 61.1682, -85.6041, 35.0058, 0, 0, 0
7562, 0, 65.5856, -87.3487, 36.0894, 0, 0, 0
7563, 0, 70.0145, -89.0868, 37.0156, 0, 0, 0
7564, 0, 74.4548, -90.8184, 37.7936, 0, 0, 0
7565, 0, 78.9063, -92.5432, 38.4269, 0, 0, 0
7566, 0, 83.3689, -94.2609, 38.9264, 0, 0, 0
7567, 0, 87.8424, -95.9713, 39.2948, 0, 0, 0
7568, 0, 92.3268, -97.6741, 39.5433, 0, 0, 0
7569, 0, 96.8217, -99.3692, 39.6858, 0, 0, 0
7570, 0, 101.327, -101.056, 39.7233, 0, 0, 0
7571, 0, 105.843, -102.735, 39.6588, 0, 0, 0
7572, 0, 110.368, -104.405, 39.4897, 0, 0, 0
7573, 0, 114.904, -106.067, 39.2334, 0, 0, 0
7574, 0, 119.449, -107.719, 38.9121, 0, 0, 0
7575, 0, 124.004, -109.363, 38.5484, 0, 0, 0
7576, 0, 128.568, -110.997, 38.1046, 0, 0, 0
7577, 0, 133.141, -112.622, 37.6384, 0, 0, 0
7578, 0, 137.723, -114.237, 37.1451, 0, 0, 0
7579, 0, 142.314, -115.842, 36.64, 0, 0, 0
7580, 0, 146.913, -117.437, 36.0816, 0, 0, 0
7581, 0, 151.52, -119.022, 35.502, 0, 0, 0
7582, 0, 156.136, -120.596, 34.9736, 0, 0, 0
7583, 0, 23.5664, -72.5107, 16.8413, 0.000145301, 7.26504e+13, 4.31383e+12
7584, 0, 27.9967, -74.2698, 19.3526, 8.97105e-05, 4.48553e+13, 2.31779e+12
7585, 0, 32.4379, -76.025, 21.6738, 4.90003e-05, 2.45001e+13, 1.1304e+12
7586, 0, 36.8901, -77.7764, 23.8078, 2.07201e-05, 1.03601e+13, 4.35154e+11
7587, 0, 41.3532, -79.5234, 25.7599, 3.74002e-06, 1.87001e+12, 7.25938e+10
7588, 0, 45.8271, -81.266, 27.5335, 3.00002e-07, 1.50001e+11, 5.44795e+09
7589, 0, 50.3116, -83.0039, 29.1362, 4.00002e-08, 2.00001e+10, 6.86436e+08
7590, 0, 54.8067, -84.7369, 30.5691, 0, 0, 0
7591, 0, 59.3123, -86.4647, 31.8413, 0, 0, 0
7592, 0, 63.8282, -88.1872, 32.957, 0, 0, 0
7593, 0, 68.3543, -89.9039, 33.9211, 0, 0, 0
7594, 0, 72.8905, -91.6149, 34.7415, 0, 0, 0
7595, 0, 77.4367, -93.3198, 35.4212, 0, 0, 0
7596, 0, 81.9927, -95.0184, 35.9714, 0, 0, 0
7597, 0, 86.5584, -96.7106, 36.396, 0, 0, 0
7598, 0, 91.1336, -98.3961, 36.7045, 0, 0, 0
7599, 0, 95.7182, -100.075, 36.9014, 0, 0, 0
7600, 0, 100.312, -101.746, 36.9799, 0, 0, 0
7601, 0, 104.915, -103.41, 36.98, 0, 0, 0
7602, 0, 109.527, -105.067, 36.894, 0, 0, 0
7603, 0, 114.148, -106.716, 36.7441, 0, 0, 0
7604, 0, 118.777, -108.357, 36.5122, 0, 0, 0
7605, 0, 123.414, -109.99, 36.2089, 0, 0, 0
7606, 0, 128.06, -111.614, 35.8405, 0, 0, 0
7607, 0, 132.715, -113.231, 35.4526, 0, 0, 0
7608, 0, 137.376, -114.838, 35.0353, 0, 0, 0
7609, 0, 142.046, -116.437, 34.5551, 0, 0, 0
7610, 0, 146.723, -118.027, 34.073, 0, 0, 0
7611, 0, 151.407, -119.608, 33.6053, 0, 0, 0
7612, 0, 156.098, -121.18, 33.1147, 0, 0, 0
7613, 0, 20.9707, -73.5322, 15.0132, 0.000136331, 6.81654e+13, 4.54037e+12
7614, 0, 25.5066, -75.2654, 17.6652, 8.20905e-05, 4.10452e+13, 2.32351e+12
7615, 0, 30.0521, -76.9953, 20.1204, 4.20003e-05, 2.10001e+13, 1.04373e+12
7616, 0, 34.6072, -78.7217, 22.383, 1.41201e-05, 7.06004e+12, 3.1542e+11
7617, 0, 39.1718, -80.4444, 24.459, 1.43001e-06, 7.15004e+11, 2.92327e+10
7618, 0, 43.7459, -82.1631, 26.3527, 4.10002e-07, 2.05001e+11, 7.77912e+09
7619, 0, 48.3292, -83.8778, 28.0673, 1.30001e-07, 6.50004e+10, 2.31588e+09
7620, 0, 52.9219, -85.5882, 29.6083, 0, 0, 0
7621, 0, 57.5237, -87.294, 30.9833, 0, 0, 0
7622, 0, 62.1346, -88.9952, 32.1959, 0, 0, 0
7623, 0, 66.7544, -90.6914, 33.2524, 0, 0, 0
7624, 0, 71.383, -92.3825, 34.1618, 0, 0, 0
7625, 0, 76.0204, -94.0682, 34.9282, 0, 0, 0
7626, 0, 80.6664, -95.7485, 35.5581, 0, 0, 0
7627, 0, 85.3209, -97.4231, 36.0589, 0, 0, 0
7628, 0, 89.9837, -99.0919, 36.4364, 0, 0, 0
7629, 0, 94.6548, -100.755, 36.6984, 0, 0, 0
7630, 0, 99.3339, -102.411, 36.8625, 0, 0, 0
7631, 0, 104.021, -104.061, 36.9288, 0, 0, 0
7632, 0, 108.716, -105.705, 36.9031, 0, 0, 0
7633, 0, 113.419, -107.341, 36.7846, 0, 0, 0
7634, 0, 118.129, -108.971, 36.5778, 0, 0, 0
7635, 0, 122.846, -110.594, 36.3627, 0, 0, 0
7636, 0, 127.571, -112.209, 36.056, 0, 0, 0
7637, 0, 132.303, -113.818, 35.6896, 0, 0, 0
7638, 0, 137.042, -115.418, 35.2801, 0, 0, 0
7639, 0, 141.787, -117.011, 34.8776, 0, 0, 0
7640, 0, 146.539, -118.596, 34.4641, 0, 0, 0
7641, 0, 151.297, -120.173, 33.9891, 0, 0, 0
7642, 0, 156.062, -121.742, 33.5387, 0, 0, 0
7643, 0, 18.3792, -74.552, 13.2083, 0.000126301, 6.31504e+13, 4.78111e+12
7644, 0, 23.0205, -76.2594, 16.0062, 7.36104e-05, 3.68052e+13, 2.29943e+12
7645, 0, 27.67, -77.9639, 18.6025, 3.16702e-05, 1.58351e+13, 8.51233e+11
7646, 0, 32.3279, -79.6655, 21.0005, 6.32004e-06, 3.16002e+12, 1.50473e+11
7647, 0, 36.9938, -81.3638, 23.2038, 8.10005e-07, 4.05002e+11, 1.74542e+10
7648, 0, 41.6679, -83.0589, 25.2178, 3.70002e-07, 1.85001e+11, 7.33614e+09
7649, 0, 46.35, -84.7504, 27.0477, 1.40001e-07, 7.00004e+10, 2.58804e+09
7650, 0, 51.04, -86.4382, 28.7009, 1.00001e-08, 5.00003e+09, 1.74212e+08
7651, 0, 55.7379, -88.1221, 30.1816, 0, 0, 0
7652, 0, 60.4436, -89.8019, 31.4949, 0, 0, 0
7653, 0, 65.157, -91.4775, 32.6477, 0, 0, 0
7654, 0, 69.8779, -93.1488, 33.6472, 0, 0, 0
7655, 0, 74.6064, -94.8155, 34.4999, 0, 0, 0
7656, 0, 79.3423, -96.4774, 35.2137, 0, 0, 0
7657, 0, 84.0854, -98.1345, 35.7918, 0, 0, 0
7658, 0, 88.8357, -99.7864, 36.2362, 0, 0, 0
7659, 0, 93.5931, -101.433, 36.5776, 0, 0, 0
7660, 0, 98.3572, -103.075, 36.8173, 0, 0, 0
7661, 0, 103.128, -104.711, 36.9395, 0, 0, 0
7662, 0, 107.906, -106.341, 36.9508, 0, 0, 0
7663, 0, 112.691, -107.966, 36.9049, 0, 0, 0
7664, 0, 117.482, -109.584, 36.7801, 0, 0, 0
7665, 0, 122.279, -111.197, 36.5621, 0, 0, 0
7666, 0, 127.083, -112.804, 36.3153, 0, 0, 0
7667, 0, 131.892, -114.404, 36.0123, 0, 0, 0
7668, 0, 136.708, -115.997, 35.6637, 0, 0, 0
7669, 0, 141.529, -117.584, 35.2711, 0, 0, 0
7670, 0, 146.356, -119.164, 34.8207, 0, 0, 0
7671, 0, 151.188, -120.737, 34.4293, 0, 0, 0
7672, 0, 156.026, -122.304, 34.0089, 0, 0, 0
7673, 0, 15.7879, -75.5717, 11.3987, 0.000110221, 5.51103e+13, 4.83479e+12
7674, 0, 20.5346, -77.2532, 14.3474, 5.98704e-05, 2.99352e+13, 2.08646e+12
7675, 0, 25.2883, -78.9325, 17.0864, 2.02801e-05, 1.01401e+13, 5.93457e+11
7676, 0, 30.0487, -80.6092, 19.6202, 1.84001e-06, 9.20006e+11, 4.68906e+10
7677, 0, 34.816, -82.2833, 21.9548, 8.70005e-07, 4.35003e+11, 1.98135e+10
7678, 0, 39.5901, -83.9545, 24.0944, 4.80003e-07, 2.40001e+11, 9.96088e+09
7679, 0, 44.3709, -85.6228, 26.0434, 3.20002e-07, 1.60001e+11, 6.14362e+09
7680, 0, 49.1583, -87.288, 27.8087, 6.00004e-08, 3.00002e+10, 1.07881e+09
7681, 0, 53.9523, -88.95, 29.3956, 0, 0, 0
7682, 0, 58.7528, -90.6086, 30.8125, 0, 0, 0
7683, 0, 63.5597, -92.2636, 32.0624, 0, 0, 0
7684, 0, 68.373, -93.915, 33.1545, 0, 0, 0
7685, 0, 73.1925, -95.5626, 34.0957, 0, 0, 0
7686, 0, 78.0182, -97.2063, 34.8878, 0, 0, 0
7687, 0, 82.85, -98.8458, 35.5471, 0, 0, 0
7688, 0, 87.6878, -100.481, 36.0816, 0, 0, 0
7689, 0, 92.5315, -102.112, 36.4872, 0, 0, 0
7690, 0, 97.3809, -103.739, 36.7567, 0, 0, 0
7691, 0, 102.236, -105.361, 36.9459, 0, 0, 0
7692, 0, 107.097, -106.978, 37.0573, 0, 0, 0
7693, 0, 111.963, -108.59, 37.059, 0, 0, 0
7694, 0, 116.835, -110.198, 36.9724, 0, 0, 0
7695, 0, 121.712, -111.8, 36.8089, 0, 0, 0
7696, 0, 126.594, -113.397, 36.5704, 0, 0, 0
7697, 0, 131.481, -114.989, 36.3037, 0, 0, 0
7698, 0, 136.373, -116.576, 35.9986, 0, 0, 0
7699, 0, 141.271, -118.157, 35.6532, 0, 0, 0
7700, 0, 146.172, -119.732, 35.2899, 0, 0, 0
7701, 0, 151.078, -121.301, 34.8882, 0, 0, 0
7702, 0, 155.989, -122.865, 34.5024, 0, 0, 0
7703, 0, 13.1944, -76.5923, 9.58004, 9.28706e-05, 4.64353e+13, 4.84709e+12
7704, 0, 18.0466, -78.248, 12.6829, 4.16602e-05, 2.08301e+13, 1.64237e+12
7705, 0, 22.9044, -79.9019, 15.5691, 7.53005e-06, 3.76502e+12, 2.41827e+11
7706, 0, 27.7676, -81.5538, 18.243, 1.40001e-06, 7.00004e+11, 3.83711e+10
7707, 0, 32.6363, -83.2035, 20.7112, 1.10001e-06, 5.50003e+11, 2.65558e+10
7708, 0, 37.5106, -84.851, 22.9768, 6.40004e-07, 3.20002e+11, 1.39272e+10
7709, 0, 42.3901, -86.4961, 25.0482, 3.10002e-07, 1.55001e+11, 6.18811e+09
7710, 0, 47.275, -88.1387, 26.9306, 6.00004e-08, 3.00002e+10, 1.11398e+09
7711, 0, 52.1652, -89.7787, 28.6275, 0, 0, 0
7712, 0, 57.0606, -91.416, 30.1471, 0, 0, 0
7713, 0, 61.9611, -93.0504, 31.4973, 0, 0, 0
7714, 0, 66.8667, -94.6819, 32.6842, 0, 0, 0
7715, 0, 71.7774, -96.3104, 33.7135, 0, 0, 0
7716, 0, 76.693, -97.9357, 34.5935, 0, 0, 0
7717, 0, 81.6135, -99.5577, 35.3365, 0, 0, 0
7718, 0, 86.5388, -101.177, 35.9472, 0, 0, 0
7719, 0, 91.4689, -102.792, 36.4176, 0, 0, 0
7720, 0, 96.4036, -104.403, 36.7825, 0, 0, 0
7721, 0, 101.343, -106.011, 37.0344, 0, 0, 0
7722, 0, 106.287, -107.615, 37.172, 0, 0, 0
7723, 0, 111.235, -109.215, 37.2077, 0, 0, 0
7724, 0, 116.187, -110.811, 37.1912, 0, 0, 0
7725, 0, 121.145, -112.404, 37.094, 0, 0, 0
7726, 0, 126.106, -113.991, 36.9314, 0, 0, 0
7727, 0, 131.07, -115.575, 36.7155, 0, 0, 0
7728, 0, 136.039, -117.155, 36.4475, 0, 0, 0
7729, 0, 141.012, -118.73, 36.13, 0, 0, 0
7730, 0, 145.989, -120.3, 35.7832, 0, 0, 0
7731, 0, 150.969, -121.866, 35.43, 0, 0, 0
7732, 0, 155.953, -123.427, 35.0746, 0, 0, 0
7733, 0, 10.6019, -77.6125, 7.71282, 7.13004e-05, 3.56502e+13, 4.6222e+12
7734, 0, 15.5595, -79.2425, 10.9588, 2.28201e-05, 1.14101e+13, 1.04117e+12
7735, 0, 20.5214, -80.871, 13.9828, 2.15001e-06, 1.07501e+12, 7.68809e+10
7736, 0, 25.4874, -82.4979, 16.7886, 1.49001e-06, 7.45004e+11, 4.43757e+10
7737, 0, 30.4575, -84.1233, 19.3814, 1.00001e-06, 5.00003e+11, 2.57981e+10
7738, 0, 35.4318, -85.747, 21.7682, 7.10004e-07, 3.55002e+11, 1.63083e+10
7739, 0, 40.4101, -87.3689, 23.9534, 3.80002e-07, 1.90001e+11, 7.93212e+09
7740, 0, 45.3924, -88.989, 25.9432, 1.90001e-07, 9.50006e+10, 3.66186e+09
7741, 0, 50.3787, -90.607, 27.7453, 3.00002e-08, 1.50001e+10, 5.40634e+08
7742, 0, 55.369, -92.223, 29.3655, 0, 0, 0
7743, 0, 60.3631, -93.8368, 30.8112, 0, 0, 0
7744, 0, 65.3611, -95.4485, 32.088, 0, 0, 0
7745, 0, 70.3628, -97.0579, 33.2031, 0, 0, 0
7746, 0, 75.3683, -98.6648, 34.1655, 0, 0, 0
7747, 0, 80.3775, -100.269, 34.9788, 0, 0, 0
7748, 0, 85.3904, -101.872, 35.6588, 0, 0, 0
7749, 0, 90.4068, -103.471, 36.2113, 0, 0, 0
7750, 0, 95.4267, -105.067, 36.6418, 0, 0, 0
7751, 0, 100.45, -106.661, 36.9611, 0, 0, 0
7752, 0, 105.477, -108.252, 37.1755, 0, 0, 0
7753, 0, 110.507, -109.84, 37.2657, 0, 0, 0
7754, 0, 115.54, -111.425, 37.306, 0, 0, 0
7755, 0, 120.577, -113.007, 37.2559, 0, 0, 0
7756, 0, 125.617, -114.586, 37.1256, 0, 0, 0
7757, 0, 130.659, -116.161, 36.911, 0, 0, 0
7758, 0, 135.705, -117.734, 36.6942, 0, 0, 0
7759, 0, 140.754, -119.303, 36.4055, 0, 0, 0
7760, 0, 145.805, -120.868, 36.0902, 0, 0, 0
7761, 0, 150.86, -122.431, 35.782, 0, 0, 0
7762, 0, 155.917, -123.99, 35.4512, 0, 0, 0
7763, 0, 8.00991, -78.6325, 5.86012, 4.58103e-05, 2.29051e+13, 3.90865e+12
7764, 0, 13.073, -80.2366, 9.26362, 5.93004e-06, 2.96502e+12, 3.20071e+11
7765, 0, 18.1389, -81.8398, 12.4374, 2.25001e-06, 1.12501e+12, 9.04538e+10
7766, 0, 23.2077, -83.442, 15.3858, 1.29001e-06, 6.45004e+11, 4.1922e+10
7767, 0, 28.2792, -85.043, 18.1153, 1.06001e-06, 5.30003e+11, 2.92573e+10
7768, 0, 33.3535, -86.6429, 20.6319, 8.00005e-07, 4.00002e+11, 1.93876e+10
7769, 0, 38.4305, -88.2416, 22.9412, 3.40002e-07, 1.70001e+11, 7.41029e+09
7770, 0, 43.5103, -89.839, 25.05, 2.50002e-07, 1.25001e+11, 4.99006e+09
7771, 0, 48.5927, -91.4352, 26.9639, 4.00002e-08, 2.00001e+10, 7.41738e+08
7772, 0, 53.6778, -93.0299, 28.6923, 0, 0, 0
7773, 0, 58.7655, -94.6232, 30.2376, 0, 0, 0
7774, 0, 63.8558, -96.215, 31.61, 0, 0, 0
7775, 0, 68.9486, -97.8052, 32.8178, 0, 0, 0
7776, 0, 74.044, -99.3938, 33.8647, 0, 0, 0
7777, 0, 79.1418, -100.981, 34.7714, 0, 0, 0
7778, 0, 84.2421, -102.566, 35.5242, 0, 0, 0
7779, 0, 89.3449, -104.15, 36.14, 0, 0, 0
7780, 0, 94.4499, -105.731, 36.6339, 0, 0, 0
7781, 0, 99.5573, -107.311, 36.9926, 0, 0, 0
7782, 0, 104.667, -108.889, 37.2664, 0, 0, 0
7783, 0, 109.779, -110.465, 37.4602, 0, 0, 0
7784, 0, 114.893, -112.038, 37.5356, 0, 0, 0
7785, 0, 120.009, -113.61, 37.5175, 0, 0, 0
7786, 0, 125.128, -115.18, 37.454, 0, 0, 0
7787, 0, 130.248, -116.747, 37.314, 0, 0, 0
7788, 0, 135.371, -118.313, 37.1291, 0, 0, 0
7789, 0, 140.496, -119.876, 36.893, 0, 0, 0
7790, 0, 145.622, -121.436, 36.652, 0, 0, 0
7791, 0, 150.75, -122.995, 36.3423, 0, 0, 0
7792, 0, 155.88, -124.551, 36.0059, 0, 0, 0
7793, 0, 5.45818, -79.6366, 3.87565, 1.75301e-05, 8.76505e+12, 2.26157e+12
7794, 0, 10.6251, -81.2154, 7.31233, 2.62002e-06, 1.31001e+12, 1.79151e+11
7795, 0, 15.7935, -82.7936, 10.5199, 2.03001e-06, 1.01501e+12, 9.64845e+10
7796, 0, 20.9633, -84.3713, 13.504, 1.54001e-06, 7.70005e+11, 5.70204e+10
7797, 0, 26.1347, -85.9484, 16.2707, 1.08001e-06, 5.40003e+11, 3.31887e+10
7798, 0, 31.3074, -87.5248, 18.8252, 7.10004e-07, 3.55002e+11, 1.88578e+10
7799, 0, 36.4817, -89.1007, 21.1737, 4.40003e-07, 2.20001e+11, 1.03903e+10
7800, 0, 41.6573, -90.676, 23.3227, 2.70002e-07, 1.35001e+11, 5.7884e+09
7801, 0, 46.8344, -92.2505, 25.2779, 5.00003e-08, 2.50002e+10, 9.89013e+08
7802, 0, 52.0128, -93.8243, 27.048, 0, 0, 0
7803, 0, 57.1926, -95.3973, 28.637, 0, 0, 0
7804, 0, 62.3738, -96.9695, 30.0546, 0, 0, 0
7805, 0, 67.5563, -98.541, 31.3076, 0, 0, 0
7806, 0, 72.7401, -100.112, 32.4014, 0, 0, 0
7807, 0, 77.9253, -101.681, 33.3424, 0, 0, 0
7808, 0, 83.1117, -103.25, 34.1512, 0, 0, 0
7809, 0, 88.2994, -104.818, 34.8333, 0, 0, 0
7810, 0, 93.4883, -106.385, 35.3745, 0, 0, 0
7811, 0, 98.6786, -107.951, 35.8128, 0, 0, 0
7812, 0, 103.87, -109.516, 36.12, 0, 0, 0
7813, 0, 109.063, -111.08, 36.333, 0, 0, 0
7814, 0, 114.256, -112.642, 36.4767, 0, 0, 0
7815, 0, 119.451, -114.204, 36.5152, 0, 0, 0
7816, 0, 124.647, -115.765, 36.4809, 0, 0, 0
7817, 0, 129.844, -117.324, 36.404, 0, 0, 0
7818, 0, 135.042, -118.883, 36.2505, 0, 0, 0
7819, 0, 140.241, -120.44, 36.054, 0, 0, 0
7820, 0, 145.441, -121.996, 35.8, 0, 0, 0
7821, 0, 150.642, -123.551, 35.545, 0, 0, 0
7822, 0, 155.845, -125.104, 35.3137, 0, 0, 0
7823, 0, 8.67189, -81.9963, 3.72923, 1.65001e-06, 8.25005e+11, 2.21227e+11
7824, 0, 13.9221, -83.5546, 5.79628, 1.16001e-06, 5.80003e+11, 1.00065e+11
7825, 0, 19.1726, -85.1128, 7.72111, 1.10001e-06, 5.50003e+11, 7.12337e+10
7826, 0, 24.4236, -86.6708, 9.50667, 7.90005e-07, 3.95002e+11, 4.155e+10
7827, 0, 29.6749, -88.2286, 11.1576, 4.60003e-07, 2.30001e+11, 2.06139e+10
7828, 0, 34.9267, -89.7862, 12.678, 2.60002e-07, 1.30001e+11, 1.0254e+10
7829, 0, 40.1789, -91.3437, 14.07, 1.10001e-07, 5.50003e+10, 3.90904e+09
7830, 0, 45.4314, -92.901, 15.3398, 8.00005e-08, 4.00002e+10, 2.60761e+09
7831, 0, 50.6843, -94.4581, 16.4917, 1.00001e-08, 5.00003e+09, 3.03184e+08
7832, 0, 55.9376, -96.0149, 17.5293, 0, 0, 0
7833, 0, 61.1913, -97.5716, 18.4584, 0, 0, 0
7834, 0, 66.4454, -99.1281, 19.2863, 0, 0, 0
7835, 0, 71.6998, -100.684, 20.004, 0, 0, 0
7836, 0, 76.9546, -102.24, 20.6329, 0, 0, 0
7837, 0, 82.2098, -103.796, 21.1736, 0, 0, 0
7838, 0, 87.4653, -105.352, 21.6058, 0, 0, 0
7839, 0, 92.7211, -106.907, 21.9798, 0, 0, 0
7840, 0, 97.9773, -108.461, 22.2967, 0, 0, 0
7841, 0, 103.234, -110.016, 22.5218, 0, 0, 0
7842, 0, 108.491, -111.57, 22.6809, 0, 0, 0
7843, 0, 113.748, -113.124, 22.7927, 0, 0, 0
7844, 0, 119.005, -114.678, 22.8544, 0, 0, 0
7845, 0, 124.263, -116.231, 22.8652, 0, 0, 0
7846, 0, 129.522, -117.785, 22.8287, 0, 0, 0
7847, 0, 134.78, -119.337, 22.7393, 0, 0, 0
7848, 0, 140.038, -120.89, 22.6399, 0, 0, 0
7849, 0, 145.297, -122.442, 22.5465, 0, 0, 0
7850, 0, 150.557, -123.994, 22.3876, 0, 0, 0
7851, 0, 155.816, -125.545, 22.2093, 0, 0, 0
7852, 0, 157.319, 102.441, 8.76563, 0, 0, 0
7853, 0, 155.083, 100.782, 9.34337, 0, 0, 0
7854, 0, 152.883, 99.076, 9.97478, 0, 0, 0
7855, 0, 150.721, 97.3227, 10.6573, 0, 0, 0
7856, 0, 148.598, 95.5233, 11.38, 0, 0, 0
7857, 0, 146.515, 93.6785, 12.1419, 0, 0, 0
7858, 0, 144.472, 91.7893, 12.9258, 0, 0, 0
7859, 0, 142.47, 89.8565, 13.7505, 0, 0, 0
7860, 0, 140.511, 87.8811, 14.6136, 0, 0, 0
7861, 0, 138.596, 85.8641, 15.489, 0, 0, 0
7862, 0, 136.725, 83.8064, 16.3886, 0, 0, 0
7863, 0, 134.899, 81.7088, 17.3045, 0, 0, 0
7864, 0, 133.119, 79.5726, 18.2377, 0, 0, 0
7865, 0, 131.386, 77.3987, 19.2101, 0, 0, 0
7866, 0, 129.7, 75.188, 20.1924, 0, 0, 0
7867, 0, 128.064, 72.9418, 21.1766, 0, 0, 0
7868, 0, 126.476, 70.661, 22.18, 0, 0, 0
7869, 0, 124.939, 68.3467, 23.1874, 0, 0, 0
7870, 0, 123.452, 66, 24.206, 0, 0, 0
7871, 0, 122.016, 63.6221, 25.2234, 0, 0, 0
7872, 0, 120.633, 61.214, 26.2448, 0, 0, 0
7873, 0, 119.302, 58.777, 27.2831, 0, 0, 0
7874, 0, 118.025, 56.3122, 28.3281, 0, 0, 0
7875, 0, 116.802, 53.8207, 29.3904, 0, 0, 0
7876, 0, 115.633, 51.3038, 30.4342, 0, 0, 0
7877, 0, 114.52, 48.7627, 31.4813, 0, 0, 0
7878, 0, 113.461, 46.1985, 32.5503, 0, 0, 0
7879, 0, 112.459, 43.6125, 33.6123, 0, 0, 0
7880, 0, 111.514, 41.0059, 34.6771, 0, 0, 0
7881, 0, 110.625, 38.38, 35.7406, 0, 0, 0
7882, 0, 157.298, 102.767, 10.4562, 0, 0, 0
7883, 0, 155.019, 101.11, 11.1461, 0, 0, 0
7884, 0, 152.777, 99.4058, 11.8985, 0, 0, 0
7885, 0, 150.571, 97.6554, 12.7019, 0, 0, 0
7886, 0, 148.404, 95.8594, 13.5526, 0, 0, 0
7887, 0, 146.276, 94.0187, 14.4331, 0, 0, 0
7888, 0, 144.188, 92.1342, 15.3645, 0, 0, 0
7889, 0, 142.141, 90.2068, 16.3262, 0, 0, 0
7890, 0, 140.135, 88.2374, 17.3062, 0, 0, 0
7891, 0, 138.173, 86.2268, 18.3215, 0, 0, 0
7892, 0, 136.254, 84.1762, 19.375, 0, 0, 0
7893, 0, 134.38, 82.0863, 20.4545, 0, 0, 0
7894, 0, 132.552, 79.9582, 21.5514, 0, 0, 0
7895, 0, 130.769, 77.7929, 22.6549, 0, 0, 0
7896, 0, 129.034, 75.5915, 23.7744, 0, 0, 0
7897, 0, 127.346, 73.355, 24.9309, 0, 0, 0
7898, 0, 125.707, 71.0843, 26.0796, 0, 0, 0
7899, 0, 124.117, 68.7807, 27.2313, 0, 0, 0
7900, 0, 122.578, 66.4451, 28.4148, 0, 0, 0
7901, 0, 121.089, 64.0787, 29.5906, 0, 0, 0
7902, 0, 119.651, 61.6826, 30.7853, 0, 0, 0
7903, 0, 118.265, 59.258, 31.9752, 0, 0, 0
7904, 0, 116.932, 56.8059, 33.1619, 0, 0, 0
7905, 0, 115.652, 54.3276, 34.3603, 0, 0, 0
7906, 0, 114.426, 51.8241, 35.5583, 0, 0, 0
7907, 0, 113.255, 49.2968, 36.7831, 0, 0, 0
7908, 0, 112.137, 46.7467, 37.984, 0, 0, 0
7909, 0, 111.076, 44.1751, 39.1782, 0, 0, 0
7910, 0, 110.07, 41.5832, 40.3943, 0, 0, 0
7911, 0, 109.12, 38.9723, 41.6127, 0, 0, 0
7912, 0, 157.272, 103.168, 13.5794, 0, 0, 0
7913, 0, 154.941, 101.512, 14.4719, 0, 0, 0
7914, 0, 152.646, 99.8108, 15.4052, 0, 0, 0
7915, 0, 150.387, 98.0637, 16.4016, 0, 0, 0
7916, 0, 148.166, 96.272, 17.4453, 0, 0, 0
7917, 0, 145.983, 94.4363, 18.567, 0, 0, 0
7918, 0, 143.84, 92.5576, 19.7283, 0, 0, 0
7919, 0, 141.737, 90.6367, 20.9274, 0, 0, 0
7920, 0, 139.674, 88.6745, 22.1786, 0, 0, 0
7921, 0, 137.655, 86.672, 23.46, 0, 0, 0
7922, 0, 135.677, 84.63, 24.7794, 0, 0, 0
7923, 0, 133.744, 82.5495, 26.1115, 0, 0, 0
7924, 0, 131.855, 80.4314, 27.4732, 0, 0, 0
7925, 0, 130.013, 78.2768, 28.8576, 0, 0, 0
7926, 0, 128.216, 76.0867, 30.2673, 0, 0, 0
7927, 0, 126.465, 73.862, 31.6771, 0, 0, 0
7928, 0, 124.763, 71.6039, 33.1012, 0, 0, 0
7929, 0, 123.109, 69.3133, 34.5489, 0, 0, 0
7930, 0, 121.505, 66.9913, 36.0025, 0, 0, 0
7931, 0, 119.95, 64.639, 37.4638, 0, 0, 0
7932, 0, 118.446, 62.2577, 38.9249, 0, 0, 0
7933, 0, 116.992, 59.8481, 40.388, 0, 0, 0
7934, 0, 115.591, 57.4117, 41.8639, 0, 0, 0
7935, 0, 114.242, 54.9495, 43.332, 0, 0, 0
7936, 0, 112.945, 52.4626, 44.795, 0, 0, 0
7937, 0, 111.702, 49.9522, 46.2697, 0, 0, 0
7938, 0, 110.512, 47.4194, 47.7386, 0, 0, 0
7939, 0, 109.378, 44.8655, 49.2221, 0, 0, 0
7940, 0, 108.298, 42.2917, 50.6932, 0, 0, 0
7941, 0, 107.273, 39.6992, 52.149, 0, 0, 0
7942, 0, 157.239, 103.672, 17.4278, 0, 0, 0
7943, 0, 154.843, 102.019, 18.4974, 0, 0, 0
7944, 0, 152.482, 100.321, 19.6516, 0, 0, 0
7945, 0, 150.156, 98.5776, 20.9054, 0, 0, 0
7946, 0, 147.866, 96.7912, 22.2048, 0, 0, 0
7947, 0, 145.615, 94.9619, 23.5857, 0, 0, 0
7948, 0, 143.402, 93.0905, 25.0043, 0, 0, 0
7949, 0, 141.228, 91.1778, 26.4947, 0, 0, 0
7950, 0, 139.094, 89.2248, 28.0168, 0, 0, 0
7951, 0, 137.002, 87.2323, 29.5851, 0, 0, 0
7952, 0, 134.951, 85.2012, 31.1939, 0, 0, 0
7953, 0, 132.943, 83.1325, 32.8178, 0, 0, 0
7954, 0, 130.979, 81.027, 34.4785, 0, 0, 0
7955, 0, 129.06, 78.8858, 36.167, 0, 0, 0
7956, 0, 127.185, 76.7099, 37.8768, 0, 0, 0
7957, 0, 125.357, 74.5002, 39.5881, 0, 0, 0
7958, 0, 123.575, 72.2578, 41.3291, 0, 0, 0
7959, 0, 121.841, 69.9836, 43.0813, 0, 0, 0
7960, 0, 120.154, 67.6788, 44.8402, 0, 0, 0
7961, 0, 118.517, 65.3444, 46.5806, 0, 0, 0
7962, 0, 116.928, 62.9814, 48.3308, 0, 0, 0
7963, 0, 115.39, 60.591, 50.0966, 0, 0, 0
7964, 0, 113.902, 58.1742, 51.8567, 0, 0, 0
7965, 0, 112.465, 55.7323, 53.623, 0, 0, 0
7966, 0, 111.081, 53.2661, 55.3706, 0, 0, 0
7967, 0, 109.748, 50.7771, 57.1236, 0, 0, 0
7968, 0, 108.468, 48.2662, 58.8509, 0, 0, 0
7969, 0, 107.241, 45.7346, 60.583, 0, 0, 0
7970, 0, 106.067, 43.1835, 62.3206, 0, 0, 0
7971, 0, 104.948, 40.6141, 64.0532, 0, 0, 0
7972, 0, 157.203, 104.232, 17.945, 0, 0, 0
7973, 0, 154.734, 102.582, 19.037, 0, 0, 0
7974, 0, 152.298, 100.888, 20.2081, 0, 0, 0
7975, 0, 149.898, 99.1495, 21.4293, 0, 0, 0
7976, 0, 147.533, 97.3692, 22.7279, 0, 0, 0
7977, 0, 145.204, 95.547, 24.0817, 0, 0, 0
7978, 0, 142.914, 93.6836, 25.4826, 0, 0, 0
7979, 0, 140.661, 91.7801, 26.9508, 0, 0, 0
7980, 0, 138.448, 89.8373, 28.441, 0, 0, 0
7981, 0, 136.275, 87.8559, 29.9882, 0, 0, 0
7982, 0, 134.142, 85.837, 31.5642, 0, 0, 0
7983, 0, 132.052, 83.7813, 33.1613, 0, 0, 0
7984, 0, 130.004, 81.6899, 34.7972, 0, 0, 0
7985, 0, 128, 79.5637, 36.4343, 0, 0, 0
7986, 0, 126.039, 77.4036, 38.09, 0, 0, 0
7987, 0, 124.124, 75.2105, 39.7587, 0, 0, 0
7988, 0, 122.253, 72.9856, 41.4508, 0, 0, 0
7989, 0, 120.428, 70.7298, 43.1359, 0, 0, 0
7990, 0, 118.651, 68.444, 44.8089, 0, 0, 0
7991, 0, 116.921, 66.1294, 46.5027, 0, 0, 0
7992, 0, 115.24, 63.787, 48.1924, 0, 0, 0
7993, 0, 113.607, 61.4178, 49.8707, 0, 0, 0
7994, 0, 112.023, 59.023, 51.5487, 0, 0, 0
7995, 0, 110.489, 56.6035, 53.2175, 0, 0, 0
7996, 0, 109.005, 54.1606, 54.8804, 0, 0, 0
7997, 0, 107.573, 51.6953, 56.532, 0, 0, 0
7998, 0, 106.192, 49.2086, 58.1774, 0, 0, 0
7999, 0, 104.862, 46.7019, 59.814, 0, 0, 0
8000, 0, 103.585, 44.1761, 61.4366, 0, 0, 0
8001, 0, 102.36, 41.6325, 63.0417, 0, 0, 0
8002, 0, 157.167, 104.793, 18.4835, 0, 0, 0
8003, 0, 154.624, 103.146, 19.5264, 0, 0, 0
8004, 0, 152.115, 101.455, 20.6694, 0, 0, 0
8005, 0, 149.639, 99.7226, 21.8971, 0, 0, 0
8006, 0, 147.198, 97.9482, 23.1514, 0, 0, 0
8007, 0, 144.793, 96.133, 24.4884, 0, 0, 0
8008, 0, 142.425, 94.2778, 25.8766, 0, 0, 0
8009, 0, 140.094, 92.3835, 27.3035, 0, 0, 0
8010, 0, 137.801, 90.4508, 28.7759, 0, 0, 0
8011, 0, 135.547, 88.4806, 30.2877, 0, 0, 0
8012, 0, 133.332, 86.4739, 31.8114, 0, 0, 0
8013, 0, 131.159, 84.4314, 33.3569, 0, 0, 0
8014, 0, 129.027, 82.354, 34.9407, 0, 0, 0
8015, 0, 126.937, 80.2427, 36.5349, 0, 0, 0
8016, 0, 124.891, 78.0985, 38.1503, 0, 0, 0
8017, 0, 122.888, 75.9221, 39.7613, 0, 0, 0
8018, 0, 120.928, 73.7147, 41.3823, 0, 0, 0
8019, 0, 119.014, 71.4772, 42.9862, 0, 0, 0
8020, 0, 117.146, 69.2106, 44.6016, 0, 0, 0
8021, 0, 115.324, 66.9158, 46.2271, 0, 0, 0
8022, 0, 113.548, 64.594, 47.8377, 0, 0, 0
8023, 0, 111.821, 62.2461, 49.437, 0, 0, 0
8024, 0, 110.141, 59.8732, 51.0174, 0, 0, 0
8025, 0, 108.51, 57.4764, 52.5829, 0, 0, 0
8026, 0, 106.927, 55.0566, 54.1545, 0, 0, 0
8027, 0, 105.394, 52.615, 55.7061, 0, 0, 0
8028, 0, 103.911, 50.1527, 57.2478, 0, 0, 0
8029, 0, 102.479, 47.6708, 58.7543, 0, 0, 0
8030, 0, 101.098, 45.1704, 60.2573, 0, 0, 0
8031, 0, 99.7676, 42.6526, 61.7411, 0, 0, 0
8032, 0, 157.13, 105.355, 18.9848, 0, 0, 0
8033, 0, 154.515, 103.71, 20.0399, 0, 0, 0
8034, 0, 151.932, 102.024, 21.145, 0, 0, 0
8035, 0, 149.381, 100.296, 22.3317, 0, 0, 0
8036, 0, 146.864, 98.5273, 23.6065, 0, 0, 0
8037, 0, 144.382, 96.7192, 24.9201, 0, 0, 0
8038, 0, 141.936, 94.8721, 26.2695, 0, 0, 0
8039, 0, 139.526, 92.987, 27.6653, 0, 0, 0
8040, 0, 137.154, 91.0645, 29.0975, 0, 0, 0
8041, 0, 134.819, 89.1056, 30.5739, 0, 0, 0
8042, 0, 132.522, 87.111, 32.0674, 0, 0, 0
8043, 0, 130.266, 85.0816, 33.5963, 0, 0, 0
8044, 0, 128.05, 83.0183, 35.1387, 0, 0, 0
8045, 0, 125.875, 80.922, 36.6764, 0, 0, 0
8046, 0, 123.742, 78.7936, 38.236, 0, 0, 0
8047, 0, 121.651, 76.6339, 39.7886, 0, 0, 0
8048, 0, 119.603, 74.4441, 41.3477, 0, 0, 0
8049, 0, 117.599, 72.2249, 42.8976, 0, 0, 0
8050, 0, 115.64, 69.9773, 44.4538, 0, 0, 0
8051, 0, 113.725, 67.7025, 45.9886, 0, 0, 0
8052, 0, 111.856, 65.4013, 47.5024, 0, 0, 0
8053, 0, 110.034, 63.0746, 49.03, 0, 0, 0
8054, 0, 108.258, 60.7237, 50.5449, 0, 0, 0
8055, 0, 106.529, 58.3494, 52.028, 0, 0, 0
8056, 0, 104.848, 55.9529, 53.4777, 0, 0, 0
8057, 0, 103.215, 53.5351, 54.9106, 0, 0, 0
8058, 0, 101.631, 51.0971, 56.3426, 0, 0, 0
8059, 0, 100.096, 48.6401, 57.7507, 0, 0, 0
8060, 0, 98.6104, 46.165, 59.1407, 0, 0, 0
8061, 0, 97.1746, 43.673, 60.4984, 0, 0, 0
8062, 0, 157.094, 105.917, 19.4726, 0, 0, 0
8063, 0, 154.406, 104.275, 20.4983, 0, 0, 0
8064, 0, 151.748, 102.592, 21.6255, 0, 0, 0
8065, 0, 149.123, 100.869, 22.7991, 0, 0, 0
8066, 0, 146.53, 99.1064, 24.011, 0, 0, 0
8067, 0, 143.971, 97.3054, 25.2924, 0, 0, 0
8068, 0, 141.447, 95.4665, 26.6288, 0, 0, 0
8069, 0, 138.959, 93.5905, 28.0041, 0, 0, 0
8070, 0, 136.506, 91.6782, 29.4158, 0, 0, 0
8071, 0, 134.091, 89.7305, 30.8398, 0, 0, 0
8072, 0, 131.713, 87.7481, 32.2862, 0, 0, 0
8073, 0, 129.373, 85.7318, 33.767, 0, 0, 0
8074, 0, 127.073, 83.6826, 35.2479, 0, 0, 0
8075, 0, 124.813, 81.6013, 36.7476, 0, 0, 0
8076, 0, 122.593, 79.4886, 38.2381, 0, 0, 0
8077, 0, 120.415, 77.3457, 39.7356, 0, 0, 0
8078, 0, 118.278, 75.1734, 41.2386, 0, 0, 0
8079, 0, 116.184, 72.9726, 42.7161, 0, 0, 0
8080, 0, 114.134, 70.7441, 44.1928, 0, 0, 0
8081, 0, 112.127, 68.4891, 45.6567, 0, 0, 0
8082, 0, 110.165, 66.2085, 47.1165, 0, 0, 0
8083, 0, 108.247, 63.9032, 48.5527, 0, 0, 0
8084, 0, 106.374, 61.5741, 49.9438, 0, 0, 0
8085, 0, 104.548, 59.2225, 51.3235, 0, 0, 0
8086, 0, 102.769, 56.8491, 52.7048, 0, 0, 0
8087, 0, 101.036, 54.4551, 54.053, 0, 0, 0
8088, 0, 99.3504, 52.0415, 55.3628, 0, 0, 0
8089, 0, 97.7124, 49.6094, 56.6465, 0, 0, 0
8090, 0, 96.1227, 47.1597, 57.9092, 0, 0, 0
8091, 0, 94.5815, 44.6935, 59.1447, 0, 0, 0
8092, 0, 157.058, 106.48, 19.9796, 0, 0, 0
8093, 0, 154.296, 104.84, 21.0065, 0, 0, 0
8094, 0, 151.564, 103.16, 22.088, 0, 0, 0
8095, 0, 148.864, 101.442, 23.2399, 0, 0, 0
8096, 0, 146.196, 99.6853, 24.4438, 0, 0, 0
8097, 0, 143.56, 97.8914, 25.7043, 0, 0, 0
8098, 0, 140.958, 96.0606, 27.0134, 0, 0, 0
8099, 0, 138.391, 94.1938, 28.3451, 0, 0, 0
8100, 0, 135.859, 92.2917, 29.7182, 0, 0, 0
8101, 0, 133.362, 90.3551, 31.1132, 0, 0, 0
8102, 0, 130.903, 88.3849, 32.5316, 0, 0, 0
8103, 0, 128.48, 86.3817, 33.9668, 0, 0, 0
8104, 0, 126.096, 84.3466, 35.4001, 0, 0, 0
8105, 0, 123.751, 82.2802, 36.8411, 0, 0, 0
8106, 0, 121.445, 80.1834, 38.2846, 0, 0, 0
8107, 0, 119.179, 78.0572, 39.7314, 0, 0, 0
8108, 0, 116.954, 75.9024, 41.1553, 0, 0, 0
8109, 0, 114.77, 73.7199, 42.5755, 0, 0, 0
8110, 0, 112.629, 71.5106, 43.9802, 0, 0, 0
8111, 0, 110.53, 69.2755, 45.3741, 0, 0, 0
8112, 0, 108.473, 67.0154, 46.738, 0, 0, 0
8113, 0, 106.461, 64.7314, 48.0642, 0, 0, 0
8114, 0, 104.493, 62.4243, 49.3906, 0, 0, 0
8115, 0, 102.569, 60.0952, 50.6929, 0, 0, 0
8116, 0, 100.69, 57.745, 51.9532, 0, 0, 0
8117, 0, 98.8573, 55.3748, 53.1802, 0, 0, 0
8118, 0, 97.0705, 52.9856, 54.3918, 0, 0, 0
8119, 0, 95.3299, 50.5782, 55.5622, 0, 0, 0
8120, 0, 93.6361, 48.1539, 56.7046, 0, 0, 0
8121, 0, 91.9895, 45.7135, 57.8151, 0, 0, 0
8122, 0, 157.021, 107.047, 20.845, 0, 0, 0
8123, 0, 154.185, 105.409, 21.8549, 0, 0, 0
8124, 0, 151.379, 103.733, 22.9306, 0, 0, 0
8125, 0, 148.604, 102.02, 24.0925, 0, 0, 0
8126, 0, 145.859, 100.27, 25.3175, 0, 0, 0
8127, 0, 143.146, 98.4826, 26.5737, 0, 0, 0
8128, 0, 140.465, 96.66, 27.8679, 0, 0, 0
8129, 0, 137.819, 94.8024, 29.2022, 0, 0, 0
8130, 0, 135.206, 92.9106, 30.5761, 0, 0, 0
8131, 0, 132.628, 90.9854, 31.9492, 0, 0, 0
8132, 0, 130.086, 89.0274, 33.354, 0, 0, 0
8133, 0, 127.58, 87.0375, 34.7674, 0, 0, 0
8134, 0, 125.111, 85.0166, 36.1678, 0, 0, 0
8135, 0, 122.679, 82.9653, 37.5844, 0, 0, 0
8136, 0, 120.286, 80.8845, 38.9959, 0, 0, 0
8137, 0, 117.932, 78.7751, 40.4135, 0, 0, 0
8138, 0, 115.617, 76.638, 41.8049, 0, 0, 0
8139, 0, 113.343, 74.474, 43.1822, 0, 0, 0
8140, 0, 111.109, 72.284, 44.5437, 0, 0, 0
8141, 0, 108.917, 70.0689, 45.8676, 0, 0, 0
8142, 0, 106.767, 67.8296, 47.1733, 0, 0, 0
8143, 0, 104.659, 65.567, 48.4583, 0, 0, 0
8144, 0, 102.593, 63.2821, 49.7072, 0, 0, 0
8145, 0, 100.571, 60.9757, 50.9205, 0, 0, 0
8146, 0, 98.5933, 58.649, 52.1089, 0, 0, 0
8147, 0, 96.6594, 56.3028, 53.2568, 0, 0, 0
8148, 0, 94.7701, 53.9381, 54.3685, 0, 0, 0
8149, 0, 92.926, 51.5558, 55.4433, 0, 0, 0
8150, 0, 91.1271, 49.157, 56.4815, 0, 0, 0
8151, 0, 89.3741, 46.7427, 57.4797, 0, 0, 0
8152, 0, 156.982, 107.648, 23.6167, 0, 0, 0
8153, 0, 154.068, 106.014, 24.7357, 0, 0, 0
8154, 0, 151.183, 104.342, 25.9107, 0, 0, 0
8155, 0, 148.327, 102.633, 27.1621, 0, 0, 0
8156, 0, 145.501, 100.89, 28.4788, 0, 0, 0
8157, 0, 142.706, 99.1103, 29.843, 0, 0, 0
8158, 0, 139.942, 97.2964, 31.2324, 0, 0, 0
8159, 0, 137.211, 95.4486, 32.6678, 0, 0, 0
8160, 0, 134.513, 93.5677, 34.124, 0, 0, 0
8161, 0, 131.848, 91.6545, 35.597, 0, 0, 0
8162, 0, 129.219, 89.7096, 37.0987, 0, 0, 0
8163, 0, 126.624, 87.7337, 38.5928, 0, 0, 0
8164, 0, 124.065, 85.7278, 40.1087, 0, 0, 0
8165, 0, 121.542, 83.6926, 41.6139, 0, 0, 0
8166, 0, 119.056, 81.6288, 43.1082, 0, 0, 0
8167, 0, 116.608, 79.5373, 44.5808, 0, 0, 0
8168, 0, 114.199, 77.4189, 46.0373, 0, 0, 0
8169, 0, 111.828, 75.2746, 47.4807, 0, 0, 0
8170, 0, 109.497, 73.105, 48.8957, 0, 0, 0
8171, 0, 107.206, 70.9112, 50.2724, 0, 0, 0
8172, 0, 104.955, 68.6939, 51.6221, 0, 0, 0
8173, 0, 102.745, 66.4541, 52.9259, 0, 0, 0
8174, 0, 100.577, 64.1927, 54.2042, 0, 0, 0
8175, 0, 98.451, 61.9106, 55.4323, 0, 0, 0
8176, 0, 96.367, 59.6087, 56.6122, 0, 0, 0
8177, 0, 94.326, 57.2879, 57.7526, 0, 0, 0
8178, 0, 92.3281, 54.9492, 58.8467, 0, 0, 0
8179, 0, 90.3739, 52.5936, 59.8921, 0, 0, 0
8180, 0, 88.4636, 50.222, 60.8914, 0, 0, 0
8181, 0, 86.5976, 47.8353, 61.8379, 0, 0, 0
8182, 0, 156.938, 108.327, 27.9265, 0, 0, 0
8183, 0, 153.936, 106.696, 29.1657, 0, 0, 0
8184, 0, 150.962, 105.028, 30.4982, 0, 0, 0
8185, 0, 148.015, 103.326, 31.9142, 0, 0, 0
8186, 0, 145.098, 101.589, 33.3644, 0, 0, 0
8187, 0, 142.21, 99.8182, 34.8758, 0, 0, 0
8188, 0, 139.352, 98.0141, 36.4483, 0, 0, 0
8189, 0, 136.525, 96.1774, 38.056, 0, 0, 0
8190, 0, 133.731, 94.3088, 39.6733, 0, 0, 0
8191, 0, 130.969, 92.4091, 41.3213, 0, 0, 0
8192, 0, 128.24, 90.4789, 42.9852, 0, 0, 0
8193, 0, 125.545, 88.5189, 44.6459, 0, 0, 0
8194, 0, 122.885, 86.53, 46.2849, 0, 0, 0
8195, 0, 120.259, 84.5128, 47.9314, 0, 0, 0
8196, 0, 117.669, 82.4681, 49.5691, 0, 0, 0
8197, 0, 115.115, 80.3968, 51.1691, 0, 0, 0
8198, 0, 112.599, 78.2996, 52.737, 0, 0, 0
8199, 0, 110.12, 76.1774, 54.2711, 0, 0, 0
8200, 0, 107.678, 74.0309, 55.7856, 0, 0, 0
8201, 0, 105.275, 71.8611, 57.2475, 0, 0, 0
8202, 0, 102.912, 69.6687, 58.6717, 0, 0, 0
8203, 0, 100.588, 67.4546, 60.0427, 0, 0, 0
8204, 0, 98.3033, 65.2197, 61.3541, 0, 0, 0
8205, 0, 96.0594, 62.9649, 62.6146, 0, 0, 0
8206, 0, 93.8562, 60.691, 63.8178, 0, 0, 0
8207, 0, 91.6943, 58.399, 64.9608, 0, 0, 0
8208, 0, 89.574, 56.0897, 66.0422, 0, 0, 0
8209, 0, 87.4956, 53.764, 67.0581, 0, 0, 0
8210, 0, 85.4596, 51.423, 68.0145, 0, 0, 0
8211, 0, 83.4662, 49.0675, 68.9022, 0, 0, 0
8212, 0, 156.886, 109.127, 34.7007, 0, 0, 0
8213, 0, 153.78, 107.499, 36.1808, 0, 0, 0
8214, 0, 150.7, 105.837, 37.7626, 0, 0, 0
8215, 0, 147.647, 104.142, 39.4149, 0, 0, 0
8216, 0, 144.622, 102.414, 41.141, 0, 0, 0
8217, 0, 141.624, 100.653, 42.9092, 0, 0, 0
8218, 0, 138.656, 98.8601, 44.7155, 0, 0, 0
8219, 0, 135.718, 97.0365, 46.5603, 0, 0, 0
8220, 0, 132.809, 95.1824, 48.4472, 0, 0, 0
8221, 0, 129.932, 93.2986, 50.3375, 0, 0, 0
8222, 0, 127.087, 91.3858, 52.2381, 0, 0, 0
8223, 0, 124.273, 89.4445, 54.1279, 0, 0, 0
8224, 0, 121.494, 87.4756, 56.0066, 0, 0, 0
8225, 0, 118.747, 85.4797, 57.879, 0, 0, 0
8226, 0, 116.034, 83.4576, 59.6999, 0, 0, 0
8227, 0, 113.356, 81.41, 61.495, 0, 0, 0
8228, 0, 110.713, 79.3378, 63.2575, 0, 0, 0
8229, 0, 108.106, 77.2417, 64.9804, 0, 0, 0
8230, 0, 105.534, 75.1224, 66.6274, 0, 0, 0
8231, 0, 103, 72.9808, 68.2064, 0, 0, 0
8232, 0, 100.503, 70.8178, 69.7337, 0, 0, 0
8233, 0, 98.0442, 68.634, 71.1871, 0, 0, 0
8234, 0, 95.623, 66.4303, 72.5669, 0, 0, 0
8235, 0, 93.2403, 64.2077, 73.8693, 0, 0, 0
8236, 0, 90.8965, 61.9668, 75.0907, 0, 0, 0
8237, 0, 88.5922, 59.7086, 76.228, 0, 0, 0
8238, 0, 86.3274, 57.434, 77.2791, 0, 0, 0
8239, 0, 84.1028, 55.1437, 78.2417, 0, 0, 0
8240, 0, 81.9186, 52.8388, 79.1161, 0, 0, 0
8241, 0, 79.775, 50.5201, 79.8984, 0, 0, 0
8242, 0, 156.828, 110.032, 38.5551, 0, 0, 0
8243, 0, 153.604, 108.409, 40.0914, 0, 0, 0
8244, 0, 150.404, 106.753, 41.738, 0, 0, 0
8245, 0, 147.23, 105.066, 43.4358, 0, 0, 0
8246, 0, 144.083, 103.347, 45.194, 0, 0, 0
8247, 0, 140.962, 101.597, 47.0252, 0, 0, 0
8248, 0, 137.868, 99.8178, 48.8826, 0, 0, 0
8249, 0, 134.803, 98.009, 50.7862, 0, 0, 0
8250, 0, 131.766, 96.1714, 52.7002, 0, 0, 0
8251, 0, 128.759, 94.3057, 54.608, 0, 0, 0
8252, 0, 125.782, 92.4124, 56.5334, 0, 0, 0
8253, 0, 122.835, 90.4923, 58.444, 0, 0, 0
8254, 0, 119.919, 88.546, 60.3192, 0, 0, 0
8255, 0, 117.035, 86.5743, 62.1799, 0, 0, 0
8256, 0, 114.183, 84.5777, 63.983, 0, 0, 0
8257, 0, 111.364, 82.5571, 65.7451, 0, 0, 0
8258, 0, 108.578, 80.5131, 67.4551, 0, 0, 0
8259, 0, 105.826, 78.4465, 69.0818, 0, 0, 0
8260, 0, 103.108, 76.3581, 70.6436, 0, 0, 0
8261, 0, 100.425, 74.2485, 72.136, 0, 0, 0
8262, 0, 97.7769, 72.1186, 73.5463, 0, 0, 0
8263, 0, 95.1647, 69.9691, 74.8683, 0, 0, 0
8264, 0, 92.5886, 67.8008, 76.0984, 0, 0, 0
8265, 0, 90.0488, 65.6146, 77.2267, 0, 0, 0
8266, 0, 87.546, 63.4111, 78.2567, 0, 0, 0
8267, 0, 85.0803, 61.1912, 79.1828, 0, 0, 0
8268, 0, 82.6522, 58.9558, 80.0021, 0, 0, 0
8269, 0, 80.2619, 56.7057, 80.7128, 0, 0, 0
8270, 0, 77.9099, 54.4416, 81.3104, 0, 0, 0
8271, 0, 75.5963, 52.1645, 81.7986, 0, 0, 0
8272, 0, 156.767, 110.969, 39.9546, 0, 0, 0
8273, 0, 153.421, 109.35, 41.4279, 0, 0, 0
8274, 0, 150.098, 107.701, 42.992, 0, 0, 0
8275, 0, 146.8, 106.021, 44.6211, 0, 0, 0
8276, 0, 143.526, 104.312, 46.3285, 0, 0, 0
8277, 0, 140.276, 102.575, 48.0881, 0, 0, 0
8278, 0, 137.053, 100.809, 49.8708, 0, 0, 0
8279, 0, 133.857, 99.0154, 51.6852, 0, 0, 0
8280, 0, 130.687, 97.1949, 53.4947, 0, 0, 0
8281, 0, 127.544, 95.3478, 55.3057, 0, 0, 0
8282, 0, 124.431, 93.4749, 57.0984, 0, 0, 0
8283, 0, 121.345, 91.5766, 58.8776, 0, 0, 0
8284, 0, 118.289, 89.6538, 60.6099, 0, 0, 0
8285, 0, 115.263, 87.707, 62.307, 0, 0, 0
8286, 0, 112.267, 85.7369, 63.9579, 0, 0, 0
8287, 0, 109.302, 83.7441, 65.5487, 0, 0, 0
8288, 0, 106.368, 81.7294, 67.0574, 0, 0, 0
8289, 0, 103.466, 79.6934, 68.5012, 0, 0, 0
8290, 0, 100.596, 77.6368, 69.862, 0, 0, 0
8291, 0, 97.7594, 75.5604, 71.127, 0, 0, 0
8292, 0, 94.9554, 73.4648, 72.2995, 0, 0, 0
8293, 0, 92.185, 71.3508, 73.3706, 0, 0, 0
8294, 0, 89.4484, 69.2191, 74.3351, 0, 0, 0
8295, 0, 86.7462, 67.0705, 75.187, 0, 0, 0
8296, 0, 84.0786, 64.9058, 75.9287, 0, 0, 0
8297, 0, 81.446, 62.7256, 76.5453, 0, 0, 0
8298, 0, 78.8487, 60.5308, 77.0452, 0, 0, 0
8299, 0, 76.2871, 58.322, 77.419, 0, 0, 0
8300, 0, 73.7614, 56.1003, 77.6655, 0, 0, 0
8301, 0, 71.272, 53.8662, 77.7864, 0, 0, 0
8302, 0, 156.707, 111.906, 41.2901, 0, 0, 0
8303, 0, 153.239, 110.291, 42.7201, 0, 0, 0
8304, 0, 149.792, 108.648, 44.2399, 0, 0, 0
8305, 0, 146.369, 106.977, 45.8342, 0, 0, 0
8306, 0, 142.968, 105.278, 47.4568, 0, 0, 0
8307, 0, 139.591, 103.552, 49.1042, 0, 0, 0
8308, 0, 136.238, 101.8, 50.7961, 0, 0, 0
8309, 0, 132.91, 100.022, 52.4938, 0, 0, 0
8310, 0, 129.607, 98.218, 54.1795, 0, 0, 0
8311, 0, 126.33, 96.3895, 55.8781, 0, 0, 0
8312, 0, 123.08, 94.5369, 57.5536, 0, 0, 0
8313, 0, 119.856, 92.6606, 59.1886, 0, 0, 0
8314, 0, 116.66, 90.7612, 60.7737, 0, 0, 0
8315, 0, 113.492, 88.8394, 62.3195, 0, 0, 0
8316, 0, 110.352, 86.8957, 63.8052, 0, 0, 0
8317, 0, 107.241, 84.9307, 65.2039, 0, 0, 0
8318, 0, 104.159, 82.9452, 66.5284, 0, 0, 0
8319, 0, 101.107, 80.9398, 67.7735, 0, 0, 0
8320, 0, 98.0857, 78.9151, 68.9125, 0, 0, 0
8321, 0, 95.0948, 76.8718, 69.9583, 0, 0, 0
8322, 0, 92.1348, 74.8105, 70.8918, 0, 0, 0
8323, 0, 89.2061, 72.732, 71.7106, 0, 0, 0
8324, 0, 86.3093, 70.637, 72.4104, 0, 0, 0
8325, 0, 83.4446, 68.526, 72.9826, 0, 0, 0
8326, 0, 80.6124, 66.3999, 73.4251, 0, 0, 0
8327, 0, 77.8129, 64.2594, 73.7349, 0, 0, 0
8328, 0, 75.0466, 62.1051, 73.9099, 0, 0, 0
8329, 0, 72.3136, 59.9379, 73.9448, 0, 0, 0
8330, 0, 69.6144, 57.7584, 73.8346, 0, 0, 0
8331, 0, 66.949, 55.5674, 73.5847, 0, 0, 0
8332, 0, 156.646, 112.843, 42.6822, 0, 0, 0
8333, 0, 153.056, 111.232, 44.0581, 0, 0, 0
8334, 0, 149.487, 109.595, 45.499, 0, 0, 0
8335, 0, 145.938, 107.932, 46.9791, 0, 0, 0
8336, 0, 142.411, 106.243, 48.5351, 0, 0, 0
8337, 0, 138.906, 104.529, 50.1298, 0, 0, 0
8338, 0, 135.424, 102.79, 51.7137, 0, 0, 0
8339, 0, 131.965, 101.027, 53.3114, 0, 0, 0
8340, 0, 128.529, 99.2404, 54.9247, 0, 0, 0
8341, 0, 125.117, 97.4307, 56.5045, 0, 0, 0
8342, 0, 121.73, 95.5984, 58.0359, 0, 0, 0
8343, 0, 118.368, 93.744, 59.5364, 0, 0, 0
8344, 0, 115.032, 91.868, 60.9933, 0, 0, 0
8345, 0, 111.722, 89.9711, 62.3816, 0, 0, 0
8346, 0, 108.438, 88.0538, 63.6771, 0, 0, 0
8347, 0, 105.181, 86.1167, 64.9044, 0, 0, 0
8348, 0, 101.952, 84.1604, 66.04, 0, 0, 0
8349, 0, 98.7501, 82.1856, 67.0787, 0, 0, 0
8350, 0, 95.5766, 80.1927, 68.0071, 0, 0, 0
8351, 0, 92.4316, 78.1825, 68.8214, 0, 0, 0
8352, 0, 89.3156, 76.1555, 69.5125, 0, 0, 0
8353, 0, 86.229, 74.1124, 70.0744, 0, 0, 0
8354, 0, 83.1719, 72.054, 70.5047, 0, 0, 0
8355, 0, 80.1448, 69.9807, 70.7971, 0, 0, 0
8356, 0, 77.148, 67.8932, 70.9448, 0, 0, 0
8357, 0, 74.1819, 65.7923, 70.9421, 0, 0, 0
8358, 0, 71.2466, 63.6787, 70.7894, 0, 0, 0
8359, 0, 68.3424, 61.5528, 70.4837, 0, 0, 0
8360, 0, 65.4696, 59.4155, 70.0162, 0, 0, 0
8361, 0, 62.6285, 57.2675, 69.3898, 0, 0, 0
8362, 0, 156.585, 113.78, 44.0751, 0, 0, 0
8363, 0, 152.874, 112.173, 45.3945, 0, 0, 0
8364, 0, 149.181, 110.542, 46.7955, 0, 0, 0
8365, 0, 145.507, 108.887, 48.2349, 0, 0, 0
8366, 0, 141.854, 107.208, 49.7211, 0, 0, 0
8367, 0, 138.221, 105.506, 51.1969, 0, 0, 0
8368, 0, 134.609, 103.78, 52.7135, 0, 0, 0
8369, 0, 131.019, 102.033, 54.2193, 0, 0, 0
8370, 0, 127.45, 100.263, 55.693, 0, 0, 0
8371, 0, 123.903, 98.4723, 57.134, 0, 0, 0
8372, 0, 120.38, 96.6603, 58.5559, 0, 0, 0
8373, 0, 116.88, 94.8277, 59.9201, 0, 0, 0
8374, 0, 113.403, 92.9752, 61.2106, 0, 0, 0
8375, 0, 109.951, 91.1032, 62.4237, 0, 0, 0
8376, 0, 106.523, 89.2124, 63.5597, 0, 0, 0
8377, 0, 103.121, 87.3031, 64.6227, 0, 0, 0
8378, 0, 99.7433, 85.376, 65.5596, 0, 0, 0
8379, 0, 96.3918, 83.4317, 66.3885, 0, 0, 0
8380, 0, 93.0664, 81.4708, 67.1, 0, 0, 0
8381, 0, 89.7676, 79.4937, 67.6838, 0, 0, 0
8382, 0, 86.4956, 77.501, 68.135, 0, 0, 0
8383, 0, 83.2507, 75.4934, 68.442, 0, 0, 0
8384, 0, 80.0334, 73.4715, 68.5998, 0, 0, 0
8385, 0, 76.8439, 71.4359, 68.6058, 0, 0, 0
8386, 0, 73.6825, 69.3871, 68.4541, 0, 0, 0
8387, 0, 70.5495, 67.3258, 68.1367, 0, 0, 0
8388, 0, 67.4452, 65.2527, 67.6535, 0, 0, 0
8389, 0, 64.3697, 63.1683, 66.9993, 0, 0, 0
8390, 0, 61.3234, 61.0733, 66.171, 0, 0, 0
8391, 0, 58.3064, 58.9684, 65.1656, 0, 0, 0
8392, 0, 156.525, 114.716, 45.4021, 0, 0, 0
8393, 0, 152.691, 113.114, 46.6721, 0, 0, 0
8394, 0, 148.875, 111.489, 48.009, 0, 0, 0
8395, 0, 145.077, 109.843, 49.3588, 0, 0, 0
8396, 0, 141.297, 108.174, 50.7584, 0, 0, 0
8397, 0, 137.536, 106.483, 52.174, 0, 0, 0
8398, 0, 133.795, 104.771, 53.5827, 0, 0, 0
8399, 0, 130.073, 103.039, 54.957, 0, 0, 0
8400, 0, 126.371, 101.286, 56.3267, 0, 0, 0
8401, 0, 122.69, 99.514, 57.6768, 0, 0, 0
8402, 0, 119.03, 97.7221, 58.9433, 0, 0, 0
8403, 0, 115.391, 95.9115, 60.1561, 0, 0, 0
8404, 0, 111.775, 94.0824, 61.2978, 0, 0, 0
8405, 0, 108.18, 92.2354, 62.367, 0, 0, 0
8406, 0, 104.609, 90.3709, 63.3456, 0, 0, 0
8407, 0, 101.06, 88.4895, 64.1963, 0, 0, 0
8408, 0, 97.5349, 86.5916, 64.9368, 0, 0, 0
8409, 0, 94.0336, 84.6779, 65.5604, 0, 0, 0
8410, 0, 90.5564, 82.7488, 66.0523, 0, 0, 0
8411, 0, 87.1035, 80.8048, 66.401, 0, 0, 0
8412, 0, 83.6755, 78.8465, 66.6038, 0, 0, 0
8413, 0, 80.2725, 76.8744, 66.6524, 0, 0, 0
8414, 0, 76.8949, 74.889, 66.535, 0, 0, 0
8415, 0, 73.543, 72.8911, 66.2549, 0, 0, 0
8416, 0, 70.217, 70.8809, 65.8006, 0, 0, 0
8417, 0, 66.9172, 68.8593, 65.1676, 0, 0, 0
8418, 0, 63.6438, 66.8268, 64.3521, 0, 0, 0
8419, 0, 60.397, 64.7838, 63.349, 0, 0, 0
8420, 0, 57.1772, 62.7311, 62.1554, 0, 0, 0
8421, 0, 53.9844, 60.6692, 60.7693, 0, 0, 0
8422, 0, 156.464, 115.652, 46.798, 0, 0, 0
8423, 0, 152.509, 114.055, 47.9912, 0, 0, 0
8424, 0, 148.57, 112.436, 49.2353, 0, 0, 0
8425, 0, 144.647, 110.797, 50.5342, 0, 0, 0
8426, 0, 140.74, 109.138, 51.8395, 0, 0, 0
8427, 0, 136.852, 107.46, 53.16, 0, 0, 0
8428, 0, 132.98, 105.761, 54.4717, 0, 0, 0
8429, 0, 129.127, 104.044, 55.7675, 0, 0, 0
8430, 0, 125.292, 102.309, 57.0107, 0, 0, 0
8431, 0, 121.476, 100.555, 58.2037, 0, 0, 0
8432, 0, 117.68, 98.7835, 59.3509, 0, 0, 0
8433, 0, 113.903, 96.9947, 60.4314, 0, 0, 0
8434, 0, 110.147, 95.1891, 61.4255, 0, 0, 0
8435, 0, 106.411, 93.367, 62.3134, 0, 0, 0
8436, 0, 102.695, 91.5289, 63.0967, 0, 0, 0
8437, 0, 99.0004, 89.6753, 63.767, 0, 0, 0
8438, 0, 95.3276, 87.8067, 64.3194, 0, 0, 0
8439, 0, 91.6764, 85.9235, 64.7309, 0, 0, 0
8440, 0, 88.0473, 84.0262, 64.9975, 0, 0, 0
8441, 0, 84.4407, 82.1153, 65.1118, 0, 0, 0
8442, 0, 80.8567, 80.1913, 65.065, 0, 0, 0
8443, 0, 77.2957, 78.2547, 64.8524, 0, 0, 0
8444, 0, 73.7579, 76.3059, 64.4619, 0, 0, 0
8445, 0, 70.2436, 74.3455, 63.8891, 0, 0, 0
8446, 0, 66.753, 72.3741, 63.1293, 0, 0, 0
8447, 0, 63.2865, 70.3921, 62.1763, 0, 0, 0
8448, 0, 59.8441, 68.4001, 61.0243, 0, 0, 0
8449, 0, 56.4262, 66.3986, 59.6703, 0, 0, 0
8450, 0, 53.0328, 64.3881, 58.109, 3.20002e-07, 1.60001e+11, 2.75346e+09
8451, 0, 49.6643, 62.3692, 56.3384, 2.12701e-05, 1.06351e+13, 1.88771e+11
8452, 0, 156.404, 116.589, 48.17, 0, 0, 0
8453, 0, 152.326, 114.996, 49.3299, 0, 0, 0
8454, 0, 148.264, 113.383, 50.5228, 0, 0, 0
8455, 0, 144.216, 111.753, 51.7539, 0, 0, 0
8456, 0, 140.183, 110.103, 52.9812, 0, 0, 0
8457, 0, 136.166, 108.436, 54.1745, 0, 0, 0
8458, 0, 132.166, 106.752, 55.3862, 0, 0, 0
8459, 0, 128.181, 105.05, 56.5577, 0, 0, 0
8460, 0, 124.213, 103.332, 57.6944, 0, 0, 0
8461, 0, 120.263, 101.596, 58.7886, 0, 0, 0
8462, 0, 116.33, 99.8453, 59.809, 0, 0, 0
8463, 0, 112.415, 98.0784, 60.7228, 0, 0, 0
8464, 0, 108.518, 96.2962, 61.5563, 0, 0, 0
8465, 0, 104.64, 94.499, 62.2815, 0, 0, 0
8466, 0, 100.78, 92.6874, 62.8987, 0, 0, 0
8467, 0, 96.9401, 90.8616, 63.3829, 0, 0, 0
8468, 0, 93.1193, 89.0222, 63.7264, 0, 0, 0
8469, 0, 89.3183, 87.1696, 63.925, 0, 0, 0
8470, 0, 85.5374, 85.3042, 63.9678, 0, 0, 0
8471, 0, 81.7768, 83.4264, 63.8434, 0, 0, 0
8472, 0, 78.0368, 81.5367, 63.5448, 0, 0, 0
8473, 0, 74.3177, 79.6355, 63.0654, 0, 0, 0
8474, 0, 70.6196, 77.7233, 62.3976, 0, 0, 0
8475, 0, 66.9429, 75.8006, 61.5309, 0, 0, 0
8476, 0, 63.2877, 73.8679, 60.4621, 0, 0, 0
8477, 0, 59.6544, 71.9255, 59.1859, 0, 0, 0
8478, 0, 56.043, 69.9741, 57.6929, 0, 0, 0
8479, 0, 52.4538, 68.014, 55.9816, 8.10005e-07, 4.05002e+11, 7.23457e+09
8480, 0, 48.8869, 66.0458, 54.0475, 2.64702e-05, 1.32351e+13, 2.44878e+11
8481, 0, 45.3426, 64.0699, 51.8858, 9.29106e-05, 4.64553e+13, 8.95337e+11
8482, 0, 156.343, 117.525, 49.5404, 0, 0, 0
8483, 0, 152.144, 115.936, 50.6023, 0, 0, 0
8484, 0, 147.958, 114.33, 51.7066, 0, 0, 0
8485, 0, 143.785, 112.708, 52.8465, 0, 0, 0
8486, 0, 139.626, 111.069, 53.9837, 0, 0, 0
8487, 0, 135.481, 109.413, 55.1123, 0, 0, 0
8488, 0, 131.351, 107.742, 56.2434, 0, 0, 0
8489, 0, 127.235, 106.056, 57.3165, 0, 0, 0
8490, 0, 123.134, 104.354, 58.3314, 0, 0, 0
8491, 0, 119.049, 102.638, 59.267, 0, 0, 0
8492, 0, 114.98, 100.907, 60.1213, 0, 0, 0
8493, 0, 110.926, 99.1621, 60.8901, 0, 0, 0
8494, 0, 106.889, 97.4033, 61.5674, 0, 0, 0
8495, 0, 102.869, 95.6311, 62.1162, 0, 0, 0
8496, 0, 98.8658, 93.8459, 62.5522, 0, 0, 0
8497, 0, 94.8796, 92.048, 62.8411, 0, 0, 0
8498, 0, 90.911, 90.2378, 62.9826, 0, 0, 0
8499, 0, 86.9601, 88.4158, 62.965, 0, 0, 0
8500, 0, 83.0273, 86.5822, 62.7802, 0, 0, 0
8501, 0, 79.1128, 84.7375, 62.4152, 0, 0, 0
8502, 0, 75.2168, 82.8821, 61.8649, 0, 0, 0
8503, 0, 71.3395, 81.0164, 61.1188, 0, 0, 0
8504, 0, 67.4812, 79.1408, 60.1675, 0, 0, 0
8505, 0, 63.6421, 77.2558, 59.0084, 0, 0, 0
8506, 0, 59.8223, 75.3617, 57.6286, 0, 0, 0
8507, 0, 56.0221, 73.459, 56.0264, 0, 0, 0
8508, 0, 52.2417, 71.5481, 54.1938, 9.20006e-07, 4.60003e+11, 8.48811e+09
8509, 0, 48.4812, 69.6295, 52.1251, 2.34601e-05, 1.17301e+13, 2.25037e+11
8510, 0, 44.7407, 67.7035, 49.8165, 7.78305e-05, 3.89152e+13, 7.81171e+11
8511, 0, 41.0206, 65.7707, 47.2642, 0.000154631, 7.73155e+13, 1.63581e+12
8512, 0, 156.283, 118.461, 50.804, 0, 0, 0
8513, 0, 151.962, 116.876, 51.7972, 0, 0, 0
8514, 0, 147.652, 115.276, 52.8559, 0, 0, 0
8515, 0, 143.355, 113.662, 53.8965, 0, 0, 0
8516, 0, 139.07, 112.032, 54.9138, 0, 0, 0
8517, 0, 134.797, 110.389, 55.9654, 0, 0, 0
8518, 0, 130.537, 108.731, 56.9512, 0, 0, 0
8519, 0, 126.291, 107.061, 57.8815, 0, 0, 0
8520, 0, 122.057, 105.376, 58.7788, 0, 0, 0
8521, 0, 117.837, 103.678, 59.5869, 0, 0, 0
8522, 0, 113.632, 101.968, 60.3173, 0, 0, 0
8523, 0, 109.44, 100.244, 60.9577, 0, 0, 0
8524, 0, 105.263, 98.5088, 61.4593, 0, 0, 0
8525, 0, 101.101, 96.7616, 61.8429, 0, 0, 0
8526, 0, 96.954, 95.0027, 62.0869, 0, 0, 0
8527, 0, 92.8222, 93.2326, 62.1839, 0, 0, 0
8528, 0, 88.706, 91.4516, 62.1216, 0, 0, 0
8529, 0, 84.6055, 89.66, 61.885, 0, 0, 0
8530, 0, 80.521, 87.8583, 61.4699, 0, 0, 0
8531, 0, 76.4528, 86.0466, 60.8659, 0, 0, 0
8532, 0, 72.401, 84.2255, 60.0576, 0, 0, 0
8533, 0, 68.3658, 82.3953, 59.0436, 0, 0, 0
8534, 0, 64.3474, 80.5562, 57.8134, 0, 0, 0
8535, 0, 60.3461, 78.7088, 56.356, 0, 0, 0
8536, 0, 56.362, 76.8533, 54.6678, 0, 0, 0
8537, 0, 52.3953, 74.9902, 52.7422, 4.00002e-07, 2.00001e+11, 3.79206e+09
8538, 0, 48.446, 73.1198, 50.5698, 1.46501e-05, 7.32504e+12, 1.4485e+11
8539, 0, 44.5145, 71.2425, 48.1466, 5.57003e-05, 2.78502e+13, 5.78445e+11
8540, 0, 40.6008, 69.3587, 45.4658, 0.000115181, 5.75903e+13, 1.26668e+12
8541, 0, 36.7051, 67.4689, 42.5236, 0.000197651, 9.88256e+13, 2.32402e+12
8542, 0, 156.226, 119.333, 45.1149, 0, 0, 0
8543, 0, 151.792, 117.752, 45.9491, 0, 0, 0
8544, 0, 147.368, 116.158, 46.7969, 0, 0, 0
8545, 0, 142.954, 114.551, 47.6254, 0, 0, 0
8546, 0, 138.551, 112.931, 48.4597, 0, 0, 0
8547, 0, 134.159, 111.298, 49.2665, 0, 0, 0
8548, 0, 129.779, 109.653, 50.0275, 0, 0, 0
8549, 0, 125.41, 107.996, 50.7471, 0, 0, 0
8550, 0, 121.053, 106.328, 51.4176, 0, 0, 0
8551, 0, 116.708, 104.648, 52.0348, 0, 0, 0
8552, 0, 112.375, 102.956, 52.5437, 0, 0, 0
8553, 0, 108.055, 101.253, 52.9572, 0, 0, 0
8554, 0, 103.747, 99.5394, 53.2564, 0, 0, 0
8555, 0, 99.4527, 97.8154, 53.4456, 0, 0, 0
8556, 0, 95.1718, 96.0811, 53.5071, 0, 0, 0
8557, 0, 90.9042, 94.337, 53.4327, 0, 0, 0
8558, 0, 86.6503, 92.5832, 53.2107, 0, 0, 0
8559, 0, 82.4104, 90.8201, 52.831, 0, 0, 0
8560, 0, 78.1845, 89.0479, 52.2825, 0, 0, 0
8561, 0, 73.973, 87.2671, 51.5596, 0, 0, 0
8562, 0, 69.776, 85.478, 50.6535, 0, 0, 0
8563, 0, 65.5936, 83.6807, 49.5546, 0, 0, 0
8564, 0, 61.426, 81.8757, 48.2569, 0, 0, 0
8565, 0, 57.2735, 80.0633, 46.7534, 0, 0, 0
8566, 0, 53.1361, 78.2439, 45.0352, 0, 0, 0
8567, 0, 49.0141, 76.4176, 43.099, 5.48003e-06, 2.74002e+12, 6.3575e+10
8568, 0, 44.9075, 74.585, 40.9348, 2.82202e-05, 1.41101e+13, 3.44697e+11
8569, 0, 40.8166, 72.7463, 38.5422, 6.67104e-05, 3.33552e+13, 8.6542e+11
8570, 0, 36.7413, 70.9019, 35.9127, 0.000123681, 6.18404e+13, 1.72196e+12
8571, 0, 32.6819, 69.0521, 33.0419, 0.000196891, 9.84456e+13, 2.97941e+12
8572, 0, 156.178, 120.08, 38.9514, 0, 0, 0
8573, 0, 151.646, 118.503, 39.6126, 0, 0, 0
8574, 0, 147.124, 116.914, 40.2783, 0, 0, 0
8575, 0, 142.61, 115.313, 40.9407, 0, 0, 0
8576, 0, 138.107, 113.701, 41.6122, 0, 0, 0
8577, 0, 133.612, 112.078, 42.2235, 0, 0, 0
8578, 0, 129.129, 110.444, 42.8118, 0, 0, 0
8579, 0, 124.655, 108.799, 43.3727, 0, 0, 0
8580, 0, 120.192, 107.144, 43.845, 0, 0, 0
8581, 0, 115.739, 105.479, 44.2659, 0, 0, 0
8582, 0, 111.298, 103.803, 44.6115, 0, 0, 0
8583, 0, 106.867, 102.118, 44.8739, 0, 0, 0
8584, 0, 102.448, 100.423, 45.0404, 0, 0, 0
8585, 0, 98.0401, 98.7186, 45.0953, 0, 0, 0
8586, 0, 93.6443, 97.0054, 45.0422, 0, 0, 0
8587, 0, 89.2604, 95.2834, 44.8636, 0, 0, 0
8588, 0, 84.8885, 93.553, 44.5517, 0, 0, 0
8589, 0, 80.5291, 91.8142, 44.099, 0, 0, 0
8590, 0, 76.182, 90.0675, 43.4998, 0, 0, 0
8591, 0, 71.8477, 88.3131, 42.7428, 0, 0, 0
8592, 0, 67.5262, 86.5513, 41.8241, 0, 0, 0
